[0m12:40:29.354503 [debug] [MainThread]: Sending event: {'category': 'dbt', 'action': 'invocation', 'label': 'start', 'context': [<snowplow_tracker.self_describing_json.SelfDescribingJson object at 0x7e4cb4e30350>, <snowplow_tracker.self_describing_json.SelfDescribingJson object at 0x7e4cb55130e0>, <snowplow_tracker.self_describing_json.SelfDescribingJson object at 0x7e4cb4f0e2a0>]}


============================== 12:40:29.364844 | 583400cd-8ce6-47b3-b73d-cdbb1aa686d3 ==============================
[0m12:40:29.364844 [info ] [MainThread]: Running with dbt=1.9.0
[0m12:40:29.365970 [debug] [MainThread]: running dbt with arguments {'printer_width': '80', 'indirect_selection': 'eager', 'log_cache_events': 'False', 'write_json': 'True', 'partial_parse': 'True', 'cache_selected_only': 'False', 'profiles_dir': '/root/.dbt', 'version_check': 'True', 'debug': 'False', 'log_path': 'logs', 'warn_error': 'None', 'fail_fast': 'False', 'use_colors': 'True', 'use_experimental_parser': 'False', 'no_print': 'None', 'quiet': 'False', 'empty': 'False', 'log_format': 'default', 'introspect': 'True', 'warn_error_options': 'WarnErrorOptions(include=[], exclude=[])', 'invocation_command': 'dbt run', 'target_path': 'None', 'static_parser': 'True', 'send_anonymous_usage_stats': 'True'}
[0m12:40:29.367130 [error] [MainThread]: Encountered an error:
Runtime Error
  No dbt_project.yml found at expected path /usr/app/dbt_project.yml
  Verify that each entry within packages.yml (and their transitive dependencies) contains a file named dbt_project.yml
  
[0m12:40:29.369832 [debug] [MainThread]: Resource report: {"command_name": "run", "command_success": false, "command_wall_clock_time": 0.072253026, "process_in_blocks": "2208", "process_kernel_time": 0.831887, "process_mem_max_rss": "86508", "process_out_blocks": "1464", "process_user_time": 1.161427}
[0m12:40:29.371055 [debug] [MainThread]: Command `dbt run` failed at 12:40:29.370887 after 0.07 seconds
[0m12:40:29.372070 [debug] [MainThread]: Sending event: {'category': 'dbt', 'action': 'invocation', 'label': 'end', 'context': [<snowplow_tracker.self_describing_json.SelfDescribingJson object at 0x7e4cb4c6a2a0>, <snowplow_tracker.self_describing_json.SelfDescribingJson object at 0x7e4cb8022870>, <snowplow_tracker.self_describing_json.SelfDescribingJson object at 0x7e4cb4f0c380>]}
[0m12:40:29.373227 [debug] [MainThread]: Flushing usage events
[0m12:40:29.896771 [debug] [MainThread]: An error was encountered while trying to flush usage events
[0m12:51:12.601786 [debug] [MainThread]: Sending event: {'category': 'dbt', 'action': 'invocation', 'label': 'start', 'context': [<snowplow_tracker.self_describing_json.SelfDescribingJson object at 0x7725b91d49e0>, <snowplow_tracker.self_describing_json.SelfDescribingJson object at 0x7725ba4bc2c0>, <snowplow_tracker.self_describing_json.SelfDescribingJson object at 0x7725b9032ba0>]}


============================== 12:51:12.615805 | 4efc91ec-fed6-45e2-b654-45cca8000061 ==============================
[0m12:51:12.615805 [info ] [MainThread]: Running with dbt=1.9.0
[0m12:51:12.616950 [debug] [MainThread]: running dbt with arguments {'printer_width': '80', 'indirect_selection': 'eager', 'log_cache_events': 'False', 'write_json': 'True', 'partial_parse': 'True', 'cache_selected_only': 'False', 'warn_error': 'None', 'debug': 'False', 'version_check': 'True', 'log_path': 'logs', 'fail_fast': 'False', 'profiles_dir': '/root/.dbt', 'use_colors': 'True', 'use_experimental_parser': 'False', 'empty': 'False', 'quiet': 'False', 'no_print': 'None', 'log_format': 'default', 'introspect': 'True', 'warn_error_options': 'WarnErrorOptions(include=[], exclude=[])', 'invocation_command': 'dbt run', 'target_path': 'None', 'static_parser': 'True', 'send_anonymous_usage_stats': 'True'}
[0m12:51:12.618566 [error] [MainThread]: Encountered an error:
Runtime Error
  No dbt_project.yml found at expected path /usr/app/dbt_project.yml
  Verify that each entry within packages.yml (and their transitive dependencies) contains a file named dbt_project.yml
  
[0m12:51:12.621313 [debug] [MainThread]: Resource report: {"command_name": "run", "command_success": false, "command_wall_clock_time": 0.07808474, "process_in_blocks": "0", "process_kernel_time": 0.931631, "process_mem_max_rss": "86516", "process_out_blocks": "1464", "process_user_time": 1.188633}
[0m12:51:12.623330 [debug] [MainThread]: Command `dbt run` failed at 12:51:12.622941 after 0.08 seconds
[0m12:51:12.624591 [debug] [MainThread]: Sending event: {'category': 'dbt', 'action': 'invocation', 'label': 'end', 'context': [<snowplow_tracker.self_describing_json.SelfDescribingJson object at 0x7725b8f0adb0>, <snowplow_tracker.self_describing_json.SelfDescribingJson object at 0x7725b8b2dee0>, <snowplow_tracker.self_describing_json.SelfDescribingJson object at 0x7725b91d49e0>]}
[0m12:51:12.625953 [debug] [MainThread]: Flushing usage events
[0m12:51:13.143835 [debug] [MainThread]: An error was encountered while trying to flush usage events
[0m13:07:06.179865 [debug] [MainThread]: Sending event: {'category': 'dbt', 'action': 'invocation', 'label': 'start', 'context': [<snowplow_tracker.self_describing_json.SelfDescribingJson object at 0x701f7ba39790>, <snowplow_tracker.self_describing_json.SelfDescribingJson object at 0x701f7cee4230>, <snowplow_tracker.self_describing_json.SelfDescribingJson object at 0x701f7b4a3050>]}


============================== 13:07:06.190980 | b66d3896-abd1-43e0-879f-fb21411f41c5 ==============================
[0m13:07:06.190980 [info ] [MainThread]: Running with dbt=1.9.0
[0m13:07:06.192115 [debug] [MainThread]: running dbt with arguments {'printer_width': '80', 'indirect_selection': 'eager', 'write_json': 'True', 'log_cache_events': 'False', 'partial_parse': 'True', 'cache_selected_only': 'False', 'profiles_dir': '/root/.dbt', 'fail_fast': 'False', 'debug': 'False', 'log_path': 'logs', 'warn_error': 'None', 'version_check': 'True', 'use_colors': 'True', 'use_experimental_parser': 'False', 'no_print': 'None', 'quiet': 'False', 'empty': 'False', 'log_format': 'default', 'introspect': 'True', 'invocation_command': 'dbt run', 'static_parser': 'True', 'target_path': 'None', 'warn_error_options': 'WarnErrorOptions(include=[], exclude=[])', 'send_anonymous_usage_stats': 'True'}
[0m13:07:06.193261 [error] [MainThread]: Encountered an error:
Runtime Error
  No dbt_project.yml found at expected path /usr/app/dbt_project.yml
  Verify that each entry within packages.yml (and their transitive dependencies) contains a file named dbt_project.yml
  
[0m13:07:06.195153 [debug] [MainThread]: Resource report: {"command_name": "run", "command_success": false, "command_wall_clock_time": 0.058041696, "process_in_blocks": "0", "process_kernel_time": 1.193885, "process_mem_max_rss": "87056", "process_out_blocks": "1464", "process_user_time": 1.14215}
[0m13:07:06.195994 [debug] [MainThread]: Command `dbt run` failed at 13:07:06.195907 after 0.06 seconds
[0m13:07:06.196697 [debug] [MainThread]: Sending event: {'category': 'dbt', 'action': 'invocation', 'label': 'end', 'context': [<snowplow_tracker.self_describing_json.SelfDescribingJson object at 0x701f7e6b68a0>, <snowplow_tracker.self_describing_json.SelfDescribingJson object at 0x701f7bbdb6b0>, <snowplow_tracker.self_describing_json.SelfDescribingJson object at 0x701f7bbdbe90>]}
[0m13:07:06.197395 [debug] [MainThread]: Flushing usage events
[0m13:07:06.708186 [debug] [MainThread]: An error was encountered while trying to flush usage events
[0m14:47:57.442004 [debug] [MainThread]: Sending event: {'category': 'dbt', 'action': 'invocation', 'label': 'start', 'context': [<snowplow_tracker.self_describing_json.SelfDescribingJson object at 0x770cbe745ee0>, <snowplow_tracker.self_describing_json.SelfDescribingJson object at 0x770cbe5a83b0>, <snowplow_tracker.self_describing_json.SelfDescribingJson object at 0x770cbe3d9a60>]}


============================== 14:47:57.456594 | 9e92fe04-1e0d-4578-9674-a46bbc742904 ==============================
[0m14:47:57.456594 [info ] [MainThread]: Running with dbt=1.9.0
[0m14:47:57.457864 [debug] [MainThread]: running dbt with arguments {'printer_width': '80', 'indirect_selection': 'eager', 'write_json': 'True', 'log_cache_events': 'False', 'partial_parse': 'True', 'cache_selected_only': 'False', 'warn_error': 'None', 'version_check': 'True', 'fail_fast': 'False', 'log_path': 'logs', 'profiles_dir': '/root/.dbt', 'debug': 'False', 'use_colors': 'True', 'use_experimental_parser': 'False', 'empty': 'False', 'quiet': 'False', 'no_print': 'None', 'warn_error_options': 'WarnErrorOptions(include=[], exclude=[])', 'static_parser': 'True', 'invocation_command': 'dbt run', 'introspect': 'True', 'target_path': 'None', 'log_format': 'default', 'send_anonymous_usage_stats': 'True'}
[0m14:47:57.459390 [error] [MainThread]: Encountered an error:
Runtime Error
  No dbt_project.yml found at expected path /usr/app/dbt_project.yml
  Verify that each entry within packages.yml (and their transitive dependencies) contains a file named dbt_project.yml
  
[0m14:47:57.462023 [debug] [MainThread]: Resource report: {"command_name": "run", "command_success": false, "command_wall_clock_time": 0.071187355, "process_in_blocks": "0", "process_kernel_time": 0.84804, "process_mem_max_rss": "87260", "process_out_blocks": "1464", "process_user_time": 1.302204}
[0m14:47:57.464057 [debug] [MainThread]: Command `dbt run` failed at 14:47:57.463811 after 0.07 seconds
[0m14:47:57.465388 [debug] [MainThread]: Sending event: {'category': 'dbt', 'action': 'invocation', 'label': 'end', 'context': [<snowplow_tracker.self_describing_json.SelfDescribingJson object at 0x770cbed84e00>, <snowplow_tracker.self_describing_json.SelfDescribingJson object at 0x770cc195a8a0>, <snowplow_tracker.self_describing_json.SelfDescribingJson object at 0x770cbe5a83b0>]}
[0m14:47:57.466637 [debug] [MainThread]: Flushing usage events
[0m14:47:58.005396 [debug] [MainThread]: An error was encountered while trying to flush usage events
[0m14:52:49.486437 [debug] [MainThread]: Sending event: {'category': 'dbt', 'action': 'invocation', 'label': 'start', 'context': [<snowplow_tracker.self_describing_json.SelfDescribingJson object at 0x7ebf7f3fff50>, <snowplow_tracker.self_describing_json.SelfDescribingJson object at 0x7ebf7d782e40>, <snowplow_tracker.self_describing_json.SelfDescribingJson object at 0x7ebf7dd5a840>]}


============================== 14:52:49.494719 | 82eb4857-cc17-44a4-bd9f-b077657bcd0c ==============================
[0m14:52:49.494719 [info ] [MainThread]: Running with dbt=1.9.0
[0m14:52:49.495669 [debug] [MainThread]: running dbt with arguments {'printer_width': '80', 'indirect_selection': 'eager', 'log_cache_events': 'False', 'write_json': 'True', 'partial_parse': 'True', 'cache_selected_only': 'False', 'profiles_dir': '/root/.dbt', 'fail_fast': 'False', 'version_check': 'True', 'log_path': 'logs', 'debug': 'False', 'warn_error': 'None', 'use_colors': 'True', 'use_experimental_parser': 'False', 'no_print': 'None', 'quiet': 'False', 'empty': 'False', 'log_format': 'default', 'introspect': 'True', 'static_parser': 'True', 'invocation_command': 'dbt run', 'target_path': 'None', 'warn_error_options': 'WarnErrorOptions(include=[], exclude=[])', 'send_anonymous_usage_stats': 'True'}
[0m14:52:49.496729 [error] [MainThread]: Encountered an error:
Runtime Error
  No dbt_project.yml found at expected path /usr/app/dbt_project.yml
  Verify that each entry within packages.yml (and their transitive dependencies) contains a file named dbt_project.yml
  
[0m14:52:49.499308 [debug] [MainThread]: Resource report: {"command_name": "run", "command_success": false, "command_wall_clock_time": 0.1333392, "process_in_blocks": "0", "process_kernel_time": 1.156491, "process_mem_max_rss": "86368", "process_out_blocks": "0", "process_user_time": 1.140484}
[0m14:52:49.500231 [debug] [MainThread]: Command `dbt run` failed at 14:52:49.500139 after 0.14 seconds
[0m14:52:49.501503 [debug] [MainThread]: Sending event: {'category': 'dbt', 'action': 'invocation', 'label': 'end', 'context': [<snowplow_tracker.self_describing_json.SelfDescribingJson object at 0x7ebf7d739730>, <snowplow_tracker.self_describing_json.SelfDescribingJson object at 0x7ebf7d4e2540>, <snowplow_tracker.self_describing_json.SelfDescribingJson object at 0x7ebf7d9a2210>]}
[0m14:52:49.502511 [debug] [MainThread]: Flushing usage events
[0m14:52:50.024584 [debug] [MainThread]: An error was encountered while trying to flush usage events
[0m14:54:42.890030 [debug] [MainThread]: Sending event: {'category': 'dbt', 'action': 'invocation', 'label': 'start', 'context': [<snowplow_tracker.self_describing_json.SelfDescribingJson object at 0x7135204f4380>, <snowplow_tracker.self_describing_json.SelfDescribingJson object at 0x713520018380>, <snowplow_tracker.self_describing_json.SelfDescribingJson object at 0x71351f997fb0>]}


============================== 14:54:42.898862 | 8a972166-bd02-43a6-b3cd-2ff0c82ebd93 ==============================
[0m14:54:42.898862 [info ] [MainThread]: Running with dbt=1.9.0
[0m14:54:42.900018 [debug] [MainThread]: running dbt with arguments {'printer_width': '80', 'indirect_selection': 'eager', 'log_cache_events': 'False', 'write_json': 'True', 'partial_parse': 'True', 'cache_selected_only': 'False', 'profiles_dir': '/root/.dbt', 'debug': 'False', 'fail_fast': 'False', 'log_path': 'logs', 'warn_error': 'None', 'version_check': 'True', 'use_colors': 'True', 'use_experimental_parser': 'False', 'empty': 'False', 'quiet': 'False', 'no_print': 'None', 'warn_error_options': 'WarnErrorOptions(include=[], exclude=[])', 'static_parser': 'True', 'invocation_command': 'dbt run', 'introspect': 'True', 'target_path': 'None', 'log_format': 'default', 'send_anonymous_usage_stats': 'True'}
[0m14:54:42.901157 [error] [MainThread]: Encountered an error:
Runtime Error
  No dbt_project.yml found at expected path /usr/app/dbt_project.yml
  Verify that each entry within packages.yml (and their transitive dependencies) contains a file named dbt_project.yml
  
[0m14:54:42.903765 [debug] [MainThread]: Resource report: {"command_name": "run", "command_success": false, "command_wall_clock_time": 0.11650428, "process_in_blocks": "0", "process_kernel_time": 0.997901, "process_mem_max_rss": "86084", "process_out_blocks": "0", "process_user_time": 1.117172}
[0m14:54:42.904786 [debug] [MainThread]: Command `dbt run` failed at 14:54:42.904679 after 0.12 seconds
[0m14:54:42.905724 [debug] [MainThread]: Sending event: {'category': 'dbt', 'action': 'invocation', 'label': 'end', 'context': [<snowplow_tracker.self_describing_json.SelfDescribingJson object at 0x71351f7d3bc0>, <snowplow_tracker.self_describing_json.SelfDescribingJson object at 0x7135204f4380>, <snowplow_tracker.self_describing_json.SelfDescribingJson object at 0x713522c72870>]}
[0m14:54:42.906738 [debug] [MainThread]: Flushing usage events
[0m14:54:43.504497 [debug] [MainThread]: An error was encountered while trying to flush usage events
[0m14:58:52.764908 [debug] [MainThread]: Sending event: {'category': 'dbt', 'action': 'invocation', 'label': 'start', 'context': [<snowplow_tracker.self_describing_json.SelfDescribingJson object at 0x72a894a37ce0>, <snowplow_tracker.self_describing_json.SelfDescribingJson object at 0x72a8948ffd70>, <snowplow_tracker.self_describing_json.SelfDescribingJson object at 0x72a894d25130>]}


============================== 14:58:52.774015 | 7ad408b6-7d88-4a02-a4ef-902b4719c373 ==============================
[0m14:58:52.774015 [info ] [MainThread]: Running with dbt=1.9.0
[0m14:58:52.775026 [debug] [MainThread]: running dbt with arguments {'printer_width': '80', 'indirect_selection': 'eager', 'log_cache_events': 'False', 'write_json': 'True', 'partial_parse': 'True', 'cache_selected_only': 'False', 'warn_error': 'None', 'version_check': 'True', 'profiles_dir': '/root/.dbt', 'log_path': 'logs', 'fail_fast': 'False', 'debug': 'False', 'use_colors': 'True', 'use_experimental_parser': 'False', 'empty': 'False', 'quiet': 'False', 'no_print': 'None', 'log_format': 'default', 'static_parser': 'True', 'warn_error_options': 'WarnErrorOptions(include=[], exclude=[])', 'introspect': 'True', 'target_path': 'None', 'invocation_command': 'dbt run', 'send_anonymous_usage_stats': 'True'}
[0m14:58:52.776079 [error] [MainThread]: Encountered an error:
Runtime Error
  No dbt_project.yml found at expected path /usr/app/dbt_project.yml
  Verify that each entry within packages.yml (and their transitive dependencies) contains a file named dbt_project.yml
  
[0m14:58:52.778788 [debug] [MainThread]: Resource report: {"command_name": "run", "command_success": false, "command_wall_clock_time": 0.13249867, "process_in_blocks": "0", "process_kernel_time": 1.195151, "process_mem_max_rss": "86084", "process_out_blocks": "0", "process_user_time": 1.074428}
[0m14:58:52.780167 [debug] [MainThread]: Command `dbt run` failed at 14:58:52.780048 after 0.13 seconds
[0m14:58:52.781142 [debug] [MainThread]: Sending event: {'category': 'dbt', 'action': 'invocation', 'label': 'end', 'context': [<snowplow_tracker.self_describing_json.SelfDescribingJson object at 0x72a8948ffd70>, <snowplow_tracker.self_describing_json.SelfDescribingJson object at 0x72a894bd6660>, <snowplow_tracker.self_describing_json.SelfDescribingJson object at 0x72a894bd7bf0>]}
[0m14:58:52.782328 [debug] [MainThread]: Flushing usage events
[0m14:58:53.265991 [debug] [MainThread]: An error was encountered while trying to flush usage events
[0m15:04:36.981100 [debug] [MainThread]: Sending event: {'category': 'dbt', 'action': 'invocation', 'label': 'start', 'context': [<snowplow_tracker.self_describing_json.SelfDescribingJson object at 0x7b7b10cc9340>, <snowplow_tracker.self_describing_json.SelfDescribingJson object at 0x7b7b10411340>, <snowplow_tracker.self_describing_json.SelfDescribingJson object at 0x7b7b1201e1e0>]}


============================== 15:04:36.988634 | 031ce97b-5537-40bb-a8ba-5602845c8899 ==============================
[0m15:04:36.988634 [info ] [MainThread]: Running with dbt=1.9.0
[0m15:04:36.989679 [debug] [MainThread]: running dbt with arguments {'printer_width': '80', 'indirect_selection': 'eager', 'log_cache_events': 'False', 'write_json': 'True', 'partial_parse': 'True', 'cache_selected_only': 'False', 'profiles_dir': '/root/.dbt', 'debug': 'False', 'fail_fast': 'False', 'log_path': 'logs', 'version_check': 'True', 'warn_error': 'None', 'use_colors': 'True', 'use_experimental_parser': 'False', 'no_print': 'None', 'quiet': 'False', 'empty': 'False', 'log_format': 'default', 'static_parser': 'True', 'warn_error_options': 'WarnErrorOptions(include=[], exclude=[])', 'invocation_command': 'dbt run', 'target_path': 'None', 'introspect': 'True', 'send_anonymous_usage_stats': 'True'}
[0m15:04:36.991015 [error] [MainThread]: Encountered an error:
Runtime Error
  No dbt_project.yml found at expected path /usr/app/dbt_project.yml
  Verify that each entry within packages.yml (and their transitive dependencies) contains a file named dbt_project.yml
  
[0m15:04:36.993379 [debug] [MainThread]: Resource report: {"command_name": "run", "command_success": false, "command_wall_clock_time": 0.10380136, "process_in_blocks": "0", "process_kernel_time": 1.318772, "process_mem_max_rss": "85984", "process_out_blocks": "0", "process_user_time": 1.158435}
[0m15:04:36.994513 [debug] [MainThread]: Command `dbt run` failed at 15:04:36.994419 after 0.11 seconds
[0m15:04:36.995303 [debug] [MainThread]: Sending event: {'category': 'dbt', 'action': 'invocation', 'label': 'end', 'context': [<snowplow_tracker.self_describing_json.SelfDescribingJson object at 0x7b7b10b3ab40>, <snowplow_tracker.self_describing_json.SelfDescribingJson object at 0x7b7b10e40a40>, <snowplow_tracker.self_describing_json.SelfDescribingJson object at 0x7b7b101c0c80>]}
[0m15:04:36.996182 [debug] [MainThread]: Flushing usage events
[0m15:04:37.518388 [debug] [MainThread]: An error was encountered while trying to flush usage events
[0m15:04:44.020095 [debug] [MainThread]: Sending event: {'category': 'dbt', 'action': 'invocation', 'label': 'start', 'context': [<snowplow_tracker.self_describing_json.SelfDescribingJson object at 0x7791fd774650>, <snowplow_tracker.self_describing_json.SelfDescribingJson object at 0x7791fea581a0>, <snowplow_tracker.self_describing_json.SelfDescribingJson object at 0x7791fcde10a0>]}


============================== 15:04:44.024739 | 7f4531b2-7f23-44d3-9b0a-d2dd1338c57b ==============================
[0m15:04:44.024739 [info ] [MainThread]: Running with dbt=1.9.0
[0m15:04:44.026143 [debug] [MainThread]: running dbt with arguments {'printer_width': '80', 'indirect_selection': 'eager', 'log_cache_events': 'False', 'write_json': 'True', 'partial_parse': 'True', 'cache_selected_only': 'False', 'profiles_dir': '/root/.dbt', 'fail_fast': 'False', 'debug': 'False', 'log_path': 'logs', 'version_check': 'True', 'warn_error': 'None', 'use_colors': 'True', 'use_experimental_parser': 'False', 'empty': 'False', 'quiet': 'False', 'no_print': 'None', 'warn_error_options': 'WarnErrorOptions(include=[], exclude=[])', 'static_parser': 'True', 'log_format': 'default', 'invocation_command': 'dbt run', 'target_path': 'None', 'introspect': 'True', 'send_anonymous_usage_stats': 'True'}
[0m15:04:44.027339 [error] [MainThread]: Encountered an error:
Runtime Error
  No dbt_project.yml found at expected path /usr/app/dbt_project.yml
  Verify that each entry within packages.yml (and their transitive dependencies) contains a file named dbt_project.yml
  
[0m15:04:44.028875 [debug] [MainThread]: Resource report: {"command_name": "run", "command_success": false, "command_wall_clock_time": 0.12347597, "process_in_blocks": "0", "process_kernel_time": 0.565366, "process_mem_max_rss": "86080", "process_out_blocks": "0", "process_user_time": 0.978365}
[0m15:04:44.029896 [debug] [MainThread]: Command `dbt run` failed at 15:04:44.029765 after 0.12 seconds
[0m15:04:44.030914 [debug] [MainThread]: Sending event: {'category': 'dbt', 'action': 'invocation', 'label': 'end', 'context': [<snowplow_tracker.self_describing_json.SelfDescribingJson object at 0x7791fe427b30>, <snowplow_tracker.self_describing_json.SelfDescribingJson object at 0x7791fcac64e0>, <snowplow_tracker.self_describing_json.SelfDescribingJson object at 0x7791fcd7a420>]}
[0m15:04:44.032103 [debug] [MainThread]: Flushing usage events
[0m15:04:44.481027 [debug] [MainThread]: An error was encountered while trying to flush usage events
[0m15:08:18.530371 [debug] [MainThread]: Sending event: {'category': 'dbt', 'action': 'invocation', 'label': 'start', 'context': [<snowplow_tracker.self_describing_json.SelfDescribingJson object at 0x76e7c179fad0>, <snowplow_tracker.self_describing_json.SelfDescribingJson object at 0x76e7c1643740>, <snowplow_tracker.self_describing_json.SelfDescribingJson object at 0x76e7c2003320>]}


============================== 15:08:18.546950 | 0e245bfa-a4bb-4f34-8722-5a9fc1fb64d6 ==============================
[0m15:08:18.546950 [info ] [MainThread]: Running with dbt=1.9.0
[0m15:08:18.548149 [debug] [MainThread]: running dbt with arguments {'printer_width': '80', 'indirect_selection': 'eager', 'log_cache_events': 'False', 'write_json': 'True', 'partial_parse': 'True', 'cache_selected_only': 'False', 'warn_error': 'None', 'fail_fast': 'False', 'debug': 'False', 'log_path': '/usr/app/logs', 'version_check': 'True', 'profiles_dir': '/usr/app', 'use_colors': 'True', 'use_experimental_parser': 'False', 'empty': 'False', 'quiet': 'False', 'no_print': 'None', 'log_format': 'default', 'introspect': 'True', 'invocation_command': 'dbt run', 'static_parser': 'True', 'target_path': 'None', 'warn_error_options': 'WarnErrorOptions(include=[], exclude=[])', 'send_anonymous_usage_stats': 'True'}
[0m15:08:18.871257 [debug] [MainThread]: Sending event: {'category': 'dbt', 'action': 'project_id', 'label': '0e245bfa-a4bb-4f34-8722-5a9fc1fb64d6', 'context': [<snowplow_tracker.self_describing_json.SelfDescribingJson object at 0x76e7bf392180>]}
[0m15:08:18.932340 [debug] [MainThread]: Sending event: {'category': 'dbt', 'action': 'adapter_info', 'label': '0e245bfa-a4bb-4f34-8722-5a9fc1fb64d6', 'context': [<snowplow_tracker.self_describing_json.SelfDescribingJson object at 0x76e7c1564860>]}
[0m15:08:18.934133 [info ] [MainThread]: Registered adapter: postgres=1.9.0
[0m15:08:19.037715 [debug] [MainThread]: checksum: c99e828bba267739642b5a3ce85f17518764ea526e0e6c4fdc649171c1a66bff, vars: {}, profile: , target: , version: 1.9.0
[0m15:08:19.041663 [info ] [MainThread]: Unable to do partial parsing because saved manifest not found. Starting full parse.
[0m15:08:19.042719 [debug] [MainThread]: Sending event: {'category': 'dbt', 'action': 'partial_parser', 'label': '0e245bfa-a4bb-4f34-8722-5a9fc1fb64d6', 'context': [<snowplow_tracker.self_describing_json.SelfDescribingJson object at 0x76e7c0c1c500>]}
[0m15:08:20.012888 [debug] [MainThread]: Sending event: {'category': 'dbt', 'action': 'load_project', 'label': '0e245bfa-a4bb-4f34-8722-5a9fc1fb64d6', 'context': [<snowplow_tracker.self_describing_json.SelfDescribingJson object at 0x76e7befee030>]}
[0m15:08:20.071100 [debug] [MainThread]: Wrote artifact WritableManifest to /usr/app/target/manifest.json
[0m15:08:20.078906 [debug] [MainThread]: Wrote artifact SemanticManifest to /usr/app/target/semantic_manifest.json
[0m15:08:20.133111 [debug] [MainThread]: Sending event: {'category': 'dbt', 'action': 'resource_counts', 'label': '0e245bfa-a4bb-4f34-8722-5a9fc1fb64d6', 'context': [<snowplow_tracker.self_describing_json.SelfDescribingJson object at 0x76e7bf020890>]}
[0m15:08:20.134404 [info ] [MainThread]: Found 1 model, 429 macros
[0m15:08:20.135319 [debug] [MainThread]: Sending event: {'category': 'dbt', 'action': 'runnable_timing', 'label': '0e245bfa-a4bb-4f34-8722-5a9fc1fb64d6', 'context': [<snowplow_tracker.self_describing_json.SelfDescribingJson object at 0x76e7befeedb0>]}
[0m15:08:20.138077 [info ] [MainThread]: 
[0m15:08:20.139608 [info ] [MainThread]: Concurrency: 1 threads (target='dev')
[0m15:08:20.140843 [info ] [MainThread]: 
[0m15:08:20.142751 [debug] [MainThread]: Acquiring new postgres connection 'master'
[0m15:08:20.145536 [debug] [ThreadPool]: Acquiring new postgres connection 'list_Job_Analysis'
[0m15:08:20.277309 [debug] [ThreadPool]: Using postgres connection "list_Job_Analysis"
[0m15:08:20.278386 [debug] [ThreadPool]: On list_Job_Analysis: /* {"app": "dbt", "dbt_version": "1.9.0", "profile_name": "job_analysis", "target_name": "dev", "connection_name": "list_Job_Analysis"} */

    select distinct nspname from pg_namespace
  
[0m15:08:20.279172 [debug] [ThreadPool]: Opening a new connection, currently in state init
[0m15:08:20.349834 [debug] [ThreadPool]: Postgres adapter: Got a retryable error when attempting to open a postgres connection.
1 attempts remaining. Retrying in 0 seconds.
Error:
connection to server at "postgres-db" (172.18.0.2), port 5432 failed: FATAL:  password authentication failed for user "postgres"

[0m15:08:20.361000 [debug] [ThreadPool]: Postgres adapter: Error running SQL: /* {"app": "dbt", "dbt_version": "1.9.0", "profile_name": "job_analysis", "target_name": "dev", "connection_name": "list_Job_Analysis"} */

    select distinct nspname from pg_namespace
  
[0m15:08:20.362461 [debug] [ThreadPool]: Postgres adapter: Rolling back transaction.
[0m15:08:20.363997 [debug] [ThreadPool]: Postgres adapter: Error running SQL: macro list_schemas
[0m15:08:20.365363 [debug] [ThreadPool]: Postgres adapter: Rolling back transaction.
[0m15:08:20.367064 [debug] [ThreadPool]: On list_Job_Analysis: No close available on handle
[0m15:08:20.369610 [debug] [MainThread]: Connection 'master' was properly closed.
[0m15:08:20.370993 [debug] [MainThread]: Connection 'list_Job_Analysis' was properly closed.
[0m15:08:20.374270 [info ] [MainThread]: 
[0m15:08:20.376386 [info ] [MainThread]: Finished running  in 0 hours 0 minutes and 0.23 seconds (0.23s).
[0m15:08:20.378721 [error] [MainThread]: Encountered an error:
Database Error
  connection to server at "postgres-db" (172.18.0.2), port 5432 failed: FATAL:  password authentication failed for user "postgres"
  
[0m15:08:20.383442 [debug] [MainThread]: Resource report: {"command_name": "run", "command_success": false, "command_wall_clock_time": 1.9272836, "process_in_blocks": "0", "process_kernel_time": 1.602893, "process_mem_max_rss": "109332", "process_out_blocks": "1600", "process_user_time": 2.662092}
[0m15:08:20.385739 [debug] [MainThread]: Command `dbt run` failed at 15:08:20.385489 after 1.93 seconds
[0m15:08:20.387760 [debug] [MainThread]: Sending event: {'category': 'dbt', 'action': 'invocation', 'label': 'end', 'context': [<snowplow_tracker.self_describing_json.SelfDescribingJson object at 0x76e7c0f577a0>, <snowplow_tracker.self_describing_json.SelfDescribingJson object at 0x76e7c42a7680>, <snowplow_tracker.self_describing_json.SelfDescribingJson object at 0x76e7bf44bf80>]}
[0m15:08:20.389666 [debug] [MainThread]: Flushing usage events
[0m15:08:20.875549 [debug] [MainThread]: An error was encountered while trying to flush usage events
[0m15:09:30.614172 [debug] [MainThread]: Sending event: {'category': 'dbt', 'action': 'invocation', 'label': 'start', 'context': [<snowplow_tracker.self_describing_json.SelfDescribingJson object at 0x76b48be55790>, <snowplow_tracker.self_describing_json.SelfDescribingJson object at 0x76b48c5798e0>, <snowplow_tracker.self_describing_json.SelfDescribingJson object at 0x76b48c43c950>]}


============================== 15:09:30.622300 | 23a1abaa-4814-415d-aaf8-5210ef1787ef ==============================
[0m15:09:30.622300 [info ] [MainThread]: Running with dbt=1.9.0
[0m15:09:30.623252 [debug] [MainThread]: running dbt with arguments {'printer_width': '80', 'indirect_selection': 'eager', 'log_cache_events': 'False', 'write_json': 'True', 'partial_parse': 'True', 'cache_selected_only': 'False', 'warn_error': 'None', 'version_check': 'True', 'debug': 'False', 'log_path': '/usr/app/logs', 'fail_fast': 'False', 'profiles_dir': '/usr/app', 'use_colors': 'True', 'use_experimental_parser': 'False', 'no_print': 'None', 'quiet': 'False', 'empty': 'False', 'warn_error_options': 'WarnErrorOptions(include=[], exclude=[])', 'invocation_command': 'dbt run', 'static_parser': 'True', 'introspect': 'True', 'target_path': 'None', 'log_format': 'default', 'send_anonymous_usage_stats': 'True'}
[0m15:09:30.795327 [debug] [MainThread]: Sending event: {'category': 'dbt', 'action': 'project_id', 'label': '23a1abaa-4814-415d-aaf8-5210ef1787ef', 'context': [<snowplow_tracker.self_describing_json.SelfDescribingJson object at 0x76b48b7d7ef0>]}
[0m15:09:30.844124 [debug] [MainThread]: Sending event: {'category': 'dbt', 'action': 'adapter_info', 'label': '23a1abaa-4814-415d-aaf8-5210ef1787ef', 'context': [<snowplow_tracker.self_describing_json.SelfDescribingJson object at 0x76b48d66f230>]}
[0m15:09:30.845798 [info ] [MainThread]: Registered adapter: postgres=1.9.0
[0m15:09:30.930468 [debug] [MainThread]: checksum: c99e828bba267739642b5a3ce85f17518764ea526e0e6c4fdc649171c1a66bff, vars: {}, profile: , target: , version: 1.9.0
[0m15:09:31.065977 [debug] [MainThread]: Partial parsing enabled: 0 files deleted, 0 files added, 0 files changed.
[0m15:09:31.067006 [debug] [MainThread]: Partial parsing enabled, no changes found, skipping parsing
[0m15:09:31.091321 [debug] [MainThread]: Sending event: {'category': 'dbt', 'action': 'load_project', 'label': '23a1abaa-4814-415d-aaf8-5210ef1787ef', 'context': [<snowplow_tracker.self_describing_json.SelfDescribingJson object at 0x76b48bd31cd0>]}
[0m15:09:31.145945 [debug] [MainThread]: Wrote artifact WritableManifest to /usr/app/target/manifest.json
[0m15:09:31.154563 [debug] [MainThread]: Wrote artifact SemanticManifest to /usr/app/target/semantic_manifest.json
[0m15:09:31.193159 [debug] [MainThread]: Sending event: {'category': 'dbt', 'action': 'resource_counts', 'label': '23a1abaa-4814-415d-aaf8-5210ef1787ef', 'context': [<snowplow_tracker.self_describing_json.SelfDescribingJson object at 0x76b489d5f1d0>]}
[0m15:09:31.194735 [info ] [MainThread]: Found 1 model, 429 macros
[0m15:09:31.195896 [debug] [MainThread]: Sending event: {'category': 'dbt', 'action': 'runnable_timing', 'label': '23a1abaa-4814-415d-aaf8-5210ef1787ef', 'context': [<snowplow_tracker.self_describing_json.SelfDescribingJson object at 0x76b48a099550>]}
[0m15:09:31.198112 [info ] [MainThread]: 
[0m15:09:31.199297 [info ] [MainThread]: Concurrency: 1 threads (target='dev')
[0m15:09:31.200399 [info ] [MainThread]: 
[0m15:09:31.201739 [debug] [MainThread]: Acquiring new postgres connection 'master'
[0m15:09:31.204394 [debug] [ThreadPool]: Acquiring new postgres connection 'list_Job_Analysis'
[0m15:09:31.295764 [debug] [ThreadPool]: Using postgres connection "list_Job_Analysis"
[0m15:09:31.296752 [debug] [ThreadPool]: On list_Job_Analysis: /* {"app": "dbt", "dbt_version": "1.9.0", "profile_name": "job_analysis", "target_name": "dev", "connection_name": "list_Job_Analysis"} */

    select distinct nspname from pg_namespace
  
[0m15:09:31.297365 [debug] [ThreadPool]: Opening a new connection, currently in state init
[0m15:09:31.313817 [debug] [ThreadPool]: Postgres adapter: Got a retryable error when attempting to open a postgres connection.
1 attempts remaining. Retrying in 0 seconds.
Error:
connection to server at "postgres-db" (172.18.0.2), port 5432 failed: FATAL:  password authentication failed for user "postgres"

[0m15:09:31.320013 [debug] [ThreadPool]: Postgres adapter: Error running SQL: /* {"app": "dbt", "dbt_version": "1.9.0", "profile_name": "job_analysis", "target_name": "dev", "connection_name": "list_Job_Analysis"} */

    select distinct nspname from pg_namespace
  
[0m15:09:31.321262 [debug] [ThreadPool]: Postgres adapter: Rolling back transaction.
[0m15:09:31.322495 [debug] [ThreadPool]: Postgres adapter: Error running SQL: macro list_schemas
[0m15:09:31.323464 [debug] [ThreadPool]: Postgres adapter: Rolling back transaction.
[0m15:09:31.324333 [debug] [ThreadPool]: On list_Job_Analysis: No close available on handle
[0m15:09:31.325727 [debug] [MainThread]: Connection 'master' was properly closed.
[0m15:09:31.327170 [debug] [MainThread]: Connection 'list_Job_Analysis' was properly closed.
[0m15:09:31.328500 [info ] [MainThread]: 
[0m15:09:31.329604 [info ] [MainThread]: Finished running  in 0 hours 0 minutes and 0.13 seconds (0.13s).
[0m15:09:31.331073 [error] [MainThread]: Encountered an error:
Database Error
  connection to server at "postgres-db" (172.18.0.2), port 5432 failed: FATAL:  password authentication failed for user "postgres"
  
[0m15:09:31.333852 [debug] [MainThread]: Resource report: {"command_name": "run", "command_success": false, "command_wall_clock_time": 0.8322793, "process_in_blocks": "0", "process_kernel_time": 1.110518, "process_mem_max_rss": "105400", "process_out_blocks": "0", "process_user_time": 1.561163}
[0m15:09:31.336638 [debug] [MainThread]: Command `dbt run` failed at 15:09:31.335140 after 0.83 seconds
[0m15:09:31.338023 [debug] [MainThread]: Sending event: {'category': 'dbt', 'action': 'invocation', 'label': 'end', 'context': [<snowplow_tracker.self_describing_json.SelfDescribingJson object at 0x76b48be55790>, <snowplow_tracker.self_describing_json.SelfDescribingJson object at 0x76b48a099550>, <snowplow_tracker.self_describing_json.SelfDescribingJson object at 0x76b489d5c0e0>]}
[0m15:09:31.339463 [debug] [MainThread]: Flushing usage events
[0m15:09:31.851632 [debug] [MainThread]: An error was encountered while trying to flush usage events
[0m15:10:43.639380 [debug] [MainThread]: Sending event: {'category': 'dbt', 'action': 'invocation', 'label': 'start', 'context': [<snowplow_tracker.self_describing_json.SelfDescribingJson object at 0x7cafa0c19490>, <snowplow_tracker.self_describing_json.SelfDescribingJson object at 0x7cafa0c18b00>, <snowplow_tracker.self_describing_json.SelfDescribingJson object at 0x7cafa0c193d0>]}


============================== 15:10:43.650428 | 2b26ed2d-435b-42b5-87a2-5cebc7496967 ==============================
[0m15:10:43.650428 [info ] [MainThread]: Running with dbt=1.9.0
[0m15:10:43.652683 [debug] [MainThread]: running dbt with arguments {'printer_width': '80', 'indirect_selection': 'eager', 'log_cache_events': 'False', 'write_json': 'True', 'partial_parse': 'True', 'cache_selected_only': 'False', 'warn_error': 'None', 'fail_fast': 'False', 'version_check': 'True', 'log_path': '/usr/app/logs', 'profiles_dir': '/usr/app', 'debug': 'False', 'use_colors': 'True', 'use_experimental_parser': 'False', 'no_print': 'None', 'quiet': 'False', 'empty': 'False', 'warn_error_options': 'WarnErrorOptions(include=[], exclude=[])', 'static_parser': 'True', 'invocation_command': 'dbt run', 'introspect': 'True', 'target_path': 'None', 'log_format': 'default', 'send_anonymous_usage_stats': 'True'}
[0m15:10:43.871622 [debug] [MainThread]: Sending event: {'category': 'dbt', 'action': 'project_id', 'label': '2b26ed2d-435b-42b5-87a2-5cebc7496967', 'context': [<snowplow_tracker.self_describing_json.SelfDescribingJson object at 0x7cafa10f85f0>]}
[0m15:10:43.924539 [debug] [MainThread]: Sending event: {'category': 'dbt', 'action': 'adapter_info', 'label': '2b26ed2d-435b-42b5-87a2-5cebc7496967', 'context': [<snowplow_tracker.self_describing_json.SelfDescribingJson object at 0x7cafa18c3b30>]}
[0m15:10:43.926184 [info ] [MainThread]: Registered adapter: postgres=1.9.0
[0m15:10:44.044009 [debug] [MainThread]: checksum: c99e828bba267739642b5a3ce85f17518764ea526e0e6c4fdc649171c1a66bff, vars: {}, profile: , target: , version: 1.9.0
[0m15:10:44.218497 [debug] [MainThread]: Partial parsing enabled: 0 files deleted, 0 files added, 0 files changed.
[0m15:10:44.219615 [debug] [MainThread]: Partial parsing enabled, no changes found, skipping parsing
[0m15:10:44.247822 [debug] [MainThread]: Sending event: {'category': 'dbt', 'action': 'load_project', 'label': '2b26ed2d-435b-42b5-87a2-5cebc7496967', 'context': [<snowplow_tracker.self_describing_json.SelfDescribingJson object at 0x7cafa0b3b7d0>]}
[0m15:10:44.304469 [debug] [MainThread]: Wrote artifact WritableManifest to /usr/app/target/manifest.json
[0m15:10:44.311306 [debug] [MainThread]: Wrote artifact SemanticManifest to /usr/app/target/semantic_manifest.json
[0m15:10:44.350327 [debug] [MainThread]: Sending event: {'category': 'dbt', 'action': 'resource_counts', 'label': '2b26ed2d-435b-42b5-87a2-5cebc7496967', 'context': [<snowplow_tracker.self_describing_json.SelfDescribingJson object at 0x7caf9f013200>]}
[0m15:10:44.351531 [info ] [MainThread]: Found 1 model, 429 macros
[0m15:10:44.352423 [debug] [MainThread]: Sending event: {'category': 'dbt', 'action': 'runnable_timing', 'label': '2b26ed2d-435b-42b5-87a2-5cebc7496967', 'context': [<snowplow_tracker.self_describing_json.SelfDescribingJson object at 0x7caf9f330620>]}
[0m15:10:44.354929 [info ] [MainThread]: 
[0m15:10:44.356107 [info ] [MainThread]: Concurrency: 1 threads (target='dev')
[0m15:10:44.356963 [info ] [MainThread]: 
[0m15:10:44.358179 [debug] [MainThread]: Acquiring new postgres connection 'master'
[0m15:10:44.361136 [debug] [ThreadPool]: Acquiring new postgres connection 'list_Job_Analysis'
[0m15:10:44.479105 [debug] [ThreadPool]: Using postgres connection "list_Job_Analysis"
[0m15:10:44.481406 [debug] [ThreadPool]: On list_Job_Analysis: /* {"app": "dbt", "dbt_version": "1.9.0", "profile_name": "job_analysis", "target_name": "dev", "connection_name": "list_Job_Analysis"} */

    select distinct nspname from pg_namespace
  
[0m15:10:44.482160 [debug] [ThreadPool]: Opening a new connection, currently in state init
[0m15:10:44.502379 [debug] [ThreadPool]: Postgres adapter: Got a retryable error when attempting to open a postgres connection.
1 attempts remaining. Retrying in 0 seconds.
Error:
connection to server at "postgres-db" (172.18.0.2), port 5432 failed: FATAL:  password authentication failed for user "postgres"

[0m15:10:44.508709 [debug] [ThreadPool]: Postgres adapter: Error running SQL: /* {"app": "dbt", "dbt_version": "1.9.0", "profile_name": "job_analysis", "target_name": "dev", "connection_name": "list_Job_Analysis"} */

    select distinct nspname from pg_namespace
  
[0m15:10:44.509860 [debug] [ThreadPool]: Postgres adapter: Rolling back transaction.
[0m15:10:44.511005 [debug] [ThreadPool]: Postgres adapter: Error running SQL: macro list_schemas
[0m15:10:44.511950 [debug] [ThreadPool]: Postgres adapter: Rolling back transaction.
[0m15:10:44.512824 [debug] [ThreadPool]: On list_Job_Analysis: No close available on handle
[0m15:10:44.514430 [debug] [MainThread]: Connection 'master' was properly closed.
[0m15:10:44.515789 [debug] [MainThread]: Connection 'list_Job_Analysis' was properly closed.
[0m15:10:44.516768 [info ] [MainThread]: 
[0m15:10:44.517615 [info ] [MainThread]: Finished running  in 0 hours 0 minutes and 0.16 seconds (0.16s).
[0m15:10:44.518863 [error] [MainThread]: Encountered an error:
Database Error
  connection to server at "postgres-db" (172.18.0.2), port 5432 failed: FATAL:  password authentication failed for user "postgres"
  
[0m15:10:44.521368 [debug] [MainThread]: Resource report: {"command_name": "run", "command_success": false, "command_wall_clock_time": 1.0241385, "process_in_blocks": "0", "process_kernel_time": 1.446394, "process_mem_max_rss": "105444", "process_out_blocks": "0", "process_user_time": 1.76871}
[0m15:10:44.522649 [debug] [MainThread]: Command `dbt run` failed at 15:10:44.522514 after 1.03 seconds
[0m15:10:44.523544 [debug] [MainThread]: Sending event: {'category': 'dbt', 'action': 'invocation', 'label': 'end', 'context': [<snowplow_tracker.self_describing_json.SelfDescribingJson object at 0x7cafa0c18bc0>, <snowplow_tracker.self_describing_json.SelfDescribingJson object at 0x7caf9f265070>, <snowplow_tracker.self_describing_json.SelfDescribingJson object at 0x7caf9f2654c0>]}
[0m15:10:44.524399 [debug] [MainThread]: Flushing usage events
[0m15:10:45.069045 [debug] [MainThread]: An error was encountered while trying to flush usage events
[0m15:13:39.704910 [debug] [MainThread]: Sending event: {'category': 'dbt', 'action': 'invocation', 'label': 'start', 'context': [<snowplow_tracker.self_describing_json.SelfDescribingJson object at 0x75ee77df5d30>, <snowplow_tracker.self_describing_json.SelfDescribingJson object at 0x75ee76a76e70>, <snowplow_tracker.self_describing_json.SelfDescribingJson object at 0x75ee7682f5c0>]}


============================== 15:13:39.715343 | 18f789b2-c5fa-4ab7-bc75-9fa302e5ea57 ==============================
[0m15:13:39.715343 [info ] [MainThread]: Running with dbt=1.9.0
[0m15:13:39.716275 [debug] [MainThread]: running dbt with arguments {'printer_width': '80', 'indirect_selection': 'eager', 'log_cache_events': 'False', 'write_json': 'True', 'partial_parse': 'True', 'cache_selected_only': 'False', 'warn_error': 'None', 'version_check': 'True', 'profiles_dir': '/usr/app', 'log_path': '/usr/app/logs', 'debug': 'False', 'fail_fast': 'False', 'use_colors': 'True', 'use_experimental_parser': 'False', 'empty': 'False', 'quiet': 'False', 'no_print': 'None', 'warn_error_options': 'WarnErrorOptions(include=[], exclude=[])', 'introspect': 'True', 'static_parser': 'True', 'invocation_command': 'dbt run', 'target_path': 'None', 'log_format': 'default', 'send_anonymous_usage_stats': 'True'}
[0m15:13:39.948675 [debug] [MainThread]: Sending event: {'category': 'dbt', 'action': 'project_id', 'label': '18f789b2-c5fa-4ab7-bc75-9fa302e5ea57', 'context': [<snowplow_tracker.self_describing_json.SelfDescribingJson object at 0x75ee781db050>]}
[0m15:13:39.996782 [debug] [MainThread]: Sending event: {'category': 'dbt', 'action': 'adapter_info', 'label': '18f789b2-c5fa-4ab7-bc75-9fa302e5ea57', 'context': [<snowplow_tracker.self_describing_json.SelfDescribingJson object at 0x75ee7622f530>]}
[0m15:13:39.998462 [info ] [MainThread]: Registered adapter: postgres=1.9.0
[0m15:13:40.088639 [debug] [MainThread]: checksum: c99e828bba267739642b5a3ce85f17518764ea526e0e6c4fdc649171c1a66bff, vars: {}, profile: , target: , version: 1.9.0
[0m15:13:40.220147 [debug] [MainThread]: Partial parsing enabled: 0 files deleted, 0 files added, 0 files changed.
[0m15:13:40.221096 [debug] [MainThread]: Partial parsing enabled, no changes found, skipping parsing
[0m15:13:40.240460 [debug] [MainThread]: Sending event: {'category': 'dbt', 'action': 'load_project', 'label': '18f789b2-c5fa-4ab7-bc75-9fa302e5ea57', 'context': [<snowplow_tracker.self_describing_json.SelfDescribingJson object at 0x75ee74a89400>]}
[0m15:13:40.291853 [debug] [MainThread]: Wrote artifact WritableManifest to /usr/app/target/manifest.json
[0m15:13:40.297729 [debug] [MainThread]: Wrote artifact SemanticManifest to /usr/app/target/semantic_manifest.json
[0m15:13:40.339950 [debug] [MainThread]: Sending event: {'category': 'dbt', 'action': 'resource_counts', 'label': '18f789b2-c5fa-4ab7-bc75-9fa302e5ea57', 'context': [<snowplow_tracker.self_describing_json.SelfDescribingJson object at 0x75ee74708950>]}
[0m15:13:40.341180 [info ] [MainThread]: Found 1 model, 429 macros
[0m15:13:40.342219 [debug] [MainThread]: Sending event: {'category': 'dbt', 'action': 'runnable_timing', 'label': '18f789b2-c5fa-4ab7-bc75-9fa302e5ea57', 'context': [<snowplow_tracker.self_describing_json.SelfDescribingJson object at 0x75ee74a89490>]}
[0m15:13:40.344457 [info ] [MainThread]: 
[0m15:13:40.345463 [info ] [MainThread]: Concurrency: 1 threads (target='dev')
[0m15:13:40.346372 [info ] [MainThread]: 
[0m15:13:40.348480 [debug] [MainThread]: Acquiring new postgres connection 'master'
[0m15:13:40.351065 [debug] [ThreadPool]: Acquiring new postgres connection 'list_Job_Analysis'
[0m15:13:40.455866 [debug] [ThreadPool]: Using postgres connection "list_Job_Analysis"
[0m15:13:40.456957 [debug] [ThreadPool]: On list_Job_Analysis: /* {"app": "dbt", "dbt_version": "1.9.0", "profile_name": "job_analysis", "target_name": "dev", "connection_name": "list_Job_Analysis"} */

    select distinct nspname from pg_namespace
  
[0m15:13:40.457747 [debug] [ThreadPool]: Opening a new connection, currently in state init
[0m15:13:40.517605 [debug] [ThreadPool]: SQL status: SELECT 4 in 0.060 seconds
[0m15:13:40.519565 [debug] [ThreadPool]: On list_Job_Analysis: Close
[0m15:13:40.521535 [debug] [ThreadPool]: Re-using an available connection from the pool (formerly list_Job_Analysis, now list_Job_Analysis_public)
[0m15:13:40.527088 [debug] [ThreadPool]: Using postgres connection "list_Job_Analysis_public"
[0m15:13:40.528092 [debug] [ThreadPool]: On list_Job_Analysis_public: BEGIN
[0m15:13:40.528974 [debug] [ThreadPool]: Opening a new connection, currently in state closed
[0m15:13:40.536996 [debug] [ThreadPool]: SQL status: BEGIN in 0.008 seconds
[0m15:13:40.538208 [debug] [ThreadPool]: Using postgres connection "list_Job_Analysis_public"
[0m15:13:40.539347 [debug] [ThreadPool]: On list_Job_Analysis_public: /* {"app": "dbt", "dbt_version": "1.9.0", "profile_name": "job_analysis", "target_name": "dev", "connection_name": "list_Job_Analysis_public"} */
select
      'Job_Analysis' as database,
      tablename as name,
      schemaname as schema,
      'table' as type
    from pg_tables
    where schemaname ilike 'public'
    union all
    select
      'Job_Analysis' as database,
      viewname as name,
      schemaname as schema,
      'view' as type
    from pg_views
    where schemaname ilike 'public'
    union all
    select
      'Job_Analysis' as database,
      matviewname as name,
      schemaname as schema,
      'materialized_view' as type
    from pg_matviews
    where schemaname ilike 'public'
  
[0m15:13:40.566990 [debug] [ThreadPool]: SQL status: SELECT 1 in 0.027 seconds
[0m15:13:40.569476 [debug] [ThreadPool]: On list_Job_Analysis_public: ROLLBACK
[0m15:13:40.570837 [debug] [ThreadPool]: On list_Job_Analysis_public: Close
[0m15:13:40.575995 [debug] [MainThread]: Using postgres connection "master"
[0m15:13:40.577344 [debug] [MainThread]: On master: BEGIN
[0m15:13:40.578323 [debug] [MainThread]: Opening a new connection, currently in state init
[0m15:13:40.586166 [debug] [MainThread]: SQL status: BEGIN in 0.008 seconds
[0m15:13:40.587443 [debug] [MainThread]: Using postgres connection "master"
[0m15:13:40.588680 [debug] [MainThread]: On master: /* {"app": "dbt", "dbt_version": "1.9.0", "profile_name": "job_analysis", "target_name": "dev", "connection_name": "master"} */
with relation as (
        select
            pg_rewrite.ev_class as class,
            pg_rewrite.oid as id
        from pg_rewrite
    ),
    class as (
        select
            oid as id,
            relname as name,
            relnamespace as schema,
            relkind as kind
        from pg_class
    ),
    dependency as (
        select distinct
            pg_depend.objid as id,
            pg_depend.refobjid as ref
        from pg_depend
    ),
    schema as (
        select
            pg_namespace.oid as id,
            pg_namespace.nspname as name
        from pg_namespace
        where nspname != 'information_schema' and nspname not like 'pg\_%'
    ),
    referenced as (
        select
            relation.id AS id,
            referenced_class.name ,
            referenced_class.schema ,
            referenced_class.kind
        from relation
        join class as referenced_class on relation.class=referenced_class.id
        where referenced_class.kind in ('r', 'v', 'm')
    ),
    relationships as (
        select
            referenced.name as referenced_name,
            referenced.schema as referenced_schema_id,
            dependent_class.name as dependent_name,
            dependent_class.schema as dependent_schema_id,
            referenced.kind as kind
        from referenced
        join dependency on referenced.id=dependency.id
        join class as dependent_class on dependency.ref=dependent_class.id
        where
            (referenced.name != dependent_class.name or
             referenced.schema != dependent_class.schema)
    )

    select
        referenced_schema.name as referenced_schema,
        relationships.referenced_name as referenced_name,
        dependent_schema.name as dependent_schema,
        relationships.dependent_name as dependent_name
    from relationships
    join schema as dependent_schema on relationships.dependent_schema_id=dependent_schema.id
    join schema as referenced_schema on relationships.referenced_schema_id=referenced_schema.id
    group by referenced_schema, referenced_name, dependent_schema, dependent_name
    order by referenced_schema, referenced_name, dependent_schema, dependent_name;
[0m15:13:40.603481 [debug] [MainThread]: SQL status: SELECT 0 in 0.014 seconds
[0m15:13:40.605373 [debug] [MainThread]: Sending event: {'category': 'dbt', 'action': 'runnable_timing', 'label': '18f789b2-c5fa-4ab7-bc75-9fa302e5ea57', 'context': [<snowplow_tracker.self_describing_json.SelfDescribingJson object at 0x75ee738c5130>]}
[0m15:13:40.606317 [debug] [MainThread]: On master: ROLLBACK
[0m15:13:40.607319 [debug] [MainThread]: Using postgres connection "master"
[0m15:13:40.608374 [debug] [MainThread]: On master: BEGIN
[0m15:13:40.609717 [debug] [MainThread]: SQL status: BEGIN in 0.000 seconds
[0m15:13:40.611001 [debug] [MainThread]: On master: COMMIT
[0m15:13:40.612185 [debug] [MainThread]: Using postgres connection "master"
[0m15:13:40.613324 [debug] [MainThread]: On master: COMMIT
[0m15:13:40.614491 [debug] [MainThread]: SQL status: COMMIT in 0.000 seconds
[0m15:13:40.615378 [debug] [MainThread]: On master: Close
[0m15:13:40.618335 [debug] [Thread-1 (]: Began running node model.job_analysis.stg_raw_jobs
[0m15:13:40.619748 [info ] [Thread-1 (]: 1 of 1 START sql view model public.stg_raw_jobs ................................ [RUN]
[0m15:13:40.621258 [debug] [Thread-1 (]: Re-using an available connection from the pool (formerly list_Job_Analysis_public, now model.job_analysis.stg_raw_jobs)
[0m15:13:40.623006 [debug] [Thread-1 (]: Began compiling node model.job_analysis.stg_raw_jobs
[0m15:13:40.631182 [debug] [Thread-1 (]: Writing injected SQL for node "model.job_analysis.stg_raw_jobs"
[0m15:13:40.650525 [debug] [Thread-1 (]: Began executing node model.job_analysis.stg_raw_jobs
[0m15:13:40.679868 [debug] [Thread-1 (]: Writing runtime sql for node "model.job_analysis.stg_raw_jobs"
[0m15:13:40.696586 [debug] [Thread-1 (]: Using postgres connection "model.job_analysis.stg_raw_jobs"
[0m15:13:40.697488 [debug] [Thread-1 (]: On model.job_analysis.stg_raw_jobs: BEGIN
[0m15:13:40.698208 [debug] [Thread-1 (]: Opening a new connection, currently in state closed
[0m15:13:40.704985 [debug] [Thread-1 (]: SQL status: BEGIN in 0.007 seconds
[0m15:13:40.706164 [debug] [Thread-1 (]: Using postgres connection "model.job_analysis.stg_raw_jobs"
[0m15:13:40.707187 [debug] [Thread-1 (]: On model.job_analysis.stg_raw_jobs: /* {"app": "dbt", "dbt_version": "1.9.0", "profile_name": "job_analysis", "target_name": "dev", "node_id": "model.job_analysis.stg_raw_jobs"} */

  create view "Job_Analysis"."public"."stg_raw_jobs__dbt_tmp"
    
    
  as (
    SELECT
    source_id,
    job_title,
    company,
    location,
    salary_min,
    salary_max,
    date_posted
FROM raw_job_data
WHERE job_title IS NOT NULL
  );
[0m15:13:40.728348 [debug] [Thread-1 (]: SQL status: CREATE VIEW in 0.020 seconds
[0m15:13:40.735839 [debug] [Thread-1 (]: Using postgres connection "model.job_analysis.stg_raw_jobs"
[0m15:13:40.737439 [debug] [Thread-1 (]: On model.job_analysis.stg_raw_jobs: /* {"app": "dbt", "dbt_version": "1.9.0", "profile_name": "job_analysis", "target_name": "dev", "node_id": "model.job_analysis.stg_raw_jobs"} */
alter table "Job_Analysis"."public"."stg_raw_jobs__dbt_tmp" rename to "stg_raw_jobs"
[0m15:13:40.739574 [debug] [Thread-1 (]: SQL status: ALTER TABLE in 0.001 seconds
[0m15:13:40.750653 [debug] [Thread-1 (]: On model.job_analysis.stg_raw_jobs: COMMIT
[0m15:13:40.751802 [debug] [Thread-1 (]: Using postgres connection "model.job_analysis.stg_raw_jobs"
[0m15:13:40.752540 [debug] [Thread-1 (]: On model.job_analysis.stg_raw_jobs: COMMIT
[0m15:13:40.755116 [debug] [Thread-1 (]: SQL status: COMMIT in 0.002 seconds
[0m15:13:40.759972 [debug] [Thread-1 (]: Applying DROP to: "Job_Analysis"."public"."stg_raw_jobs__dbt_backup"
[0m15:13:40.764417 [debug] [Thread-1 (]: Using postgres connection "model.job_analysis.stg_raw_jobs"
[0m15:13:40.765529 [debug] [Thread-1 (]: On model.job_analysis.stg_raw_jobs: /* {"app": "dbt", "dbt_version": "1.9.0", "profile_name": "job_analysis", "target_name": "dev", "node_id": "model.job_analysis.stg_raw_jobs"} */
drop view if exists "Job_Analysis"."public"."stg_raw_jobs__dbt_backup" cascade
[0m15:13:40.767775 [debug] [Thread-1 (]: SQL status: DROP VIEW in 0.001 seconds
[0m15:13:40.770209 [debug] [Thread-1 (]: On model.job_analysis.stg_raw_jobs: Close
[0m15:13:40.772273 [debug] [Thread-1 (]: Sending event: {'category': 'dbt', 'action': 'run_model', 'label': '18f789b2-c5fa-4ab7-bc75-9fa302e5ea57', 'context': [<snowplow_tracker.self_describing_json.SelfDescribingJson object at 0x75ee747863c0>]}
[0m15:13:40.773356 [info ] [Thread-1 (]: 1 of 1 OK created sql view model public.stg_raw_jobs ........................... [[32mCREATE VIEW[0m in 0.15s]
[0m15:13:40.774515 [debug] [Thread-1 (]: Finished running node model.job_analysis.stg_raw_jobs
[0m15:13:40.777111 [debug] [MainThread]: Using postgres connection "master"
[0m15:13:40.777963 [debug] [MainThread]: On master: BEGIN
[0m15:13:40.778625 [debug] [MainThread]: Opening a new connection, currently in state closed
[0m15:13:40.784960 [debug] [MainThread]: SQL status: BEGIN in 0.006 seconds
[0m15:13:40.786245 [debug] [MainThread]: On master: COMMIT
[0m15:13:40.787267 [debug] [MainThread]: Using postgres connection "master"
[0m15:13:40.788027 [debug] [MainThread]: On master: COMMIT
[0m15:13:40.789011 [debug] [MainThread]: SQL status: COMMIT in 0.000 seconds
[0m15:13:40.789699 [debug] [MainThread]: On master: Close
[0m15:13:40.790558 [debug] [MainThread]: Connection 'master' was properly closed.
[0m15:13:40.791209 [debug] [MainThread]: Connection 'model.job_analysis.stg_raw_jobs' was properly closed.
[0m15:13:40.791993 [info ] [MainThread]: 
[0m15:13:40.793034 [info ] [MainThread]: Finished running 1 view model in 0 hours 0 minutes and 0.44 seconds (0.44s).
[0m15:13:40.796481 [debug] [MainThread]: Command end result
[0m15:13:40.828603 [debug] [MainThread]: Wrote artifact WritableManifest to /usr/app/target/manifest.json
[0m15:13:40.833907 [debug] [MainThread]: Wrote artifact SemanticManifest to /usr/app/target/semantic_manifest.json
[0m15:13:40.843044 [debug] [MainThread]: Wrote artifact RunExecutionResult to /usr/app/target/run_results.json
[0m15:13:40.844065 [info ] [MainThread]: 
[0m15:13:40.845183 [info ] [MainThread]: [32mCompleted successfully[0m
[0m15:13:40.846474 [info ] [MainThread]: 
[0m15:13:40.847572 [info ] [MainThread]: Done. PASS=1 WARN=0 ERROR=0 SKIP=0 TOTAL=1
[0m15:13:40.850136 [debug] [MainThread]: Resource report: {"command_name": "run", "command_success": true, "command_wall_clock_time": 1.1983432, "process_in_blocks": "0", "process_kernel_time": 1.641232, "process_mem_max_rss": "107652", "process_out_blocks": "1600", "process_user_time": 1.665368}
[0m15:13:40.852342 [debug] [MainThread]: Command `dbt run` succeeded at 15:13:40.852049 after 1.20 seconds
[0m15:13:40.853781 [debug] [MainThread]: Sending event: {'category': 'dbt', 'action': 'invocation', 'label': 'end', 'context': [<snowplow_tracker.self_describing_json.SelfDescribingJson object at 0x75ee76696360>, <snowplow_tracker.self_describing_json.SelfDescribingJson object at 0x75ee76894bf0>, <snowplow_tracker.self_describing_json.SelfDescribingJson object at 0x75ee7762b710>]}
[0m15:13:40.855909 [debug] [MainThread]: Flushing usage events
[0m15:13:41.355993 [debug] [MainThread]: An error was encountered while trying to flush usage events
[0m16:39:36.351406 [debug] [MainThread]: Sending event: {'category': 'dbt', 'action': 'invocation', 'label': 'start', 'context': [<snowplow_tracker.self_describing_json.SelfDescribingJson object at 0x72704685f8c0>, <snowplow_tracker.self_describing_json.SelfDescribingJson object at 0x727047fda6c0>, <snowplow_tracker.self_describing_json.SelfDescribingJson object at 0x727046424bc0>]}


============================== 16:39:36.361164 | 2d87d446-bd97-4e68-b97a-0404c60edc57 ==============================
[0m16:39:36.361164 [info ] [MainThread]: Running with dbt=1.9.0
[0m16:39:36.362195 [debug] [MainThread]: running dbt with arguments {'printer_width': '80', 'indirect_selection': 'eager', 'log_cache_events': 'False', 'write_json': 'True', 'partial_parse': 'True', 'cache_selected_only': 'False', 'profiles_dir': '/usr/app', 'fail_fast': 'False', 'debug': 'False', 'log_path': '/usr/app/logs', 'warn_error': 'None', 'version_check': 'True', 'use_colors': 'True', 'use_experimental_parser': 'False', 'no_print': 'None', 'quiet': 'False', 'empty': 'None', 'warn_error_options': 'WarnErrorOptions(include=[], exclude=[])', 'introspect': 'True', 'static_parser': 'True', 'invocation_command': 'dbt init', 'target_path': 'None', 'log_format': 'default', 'send_anonymous_usage_stats': 'True'}
[0m16:39:36.429858 [info ] [MainThread]: Setting up your profile.
[0m16:39:36.434524 [error] [MainThread]: Encountered an error:

[0m16:39:36.438755 [error] [MainThread]: Traceback (most recent call last):
  File "/usr/local/lib/python3.12/site-packages/dbt/cli/requires.py", line 153, in wrapper
    result, success = func(*args, **kwargs)
                      ^^^^^^^^^^^^^^^^^^^^^
  File "/usr/local/lib/python3.12/site-packages/dbt/cli/requires.py", line 103, in wrapper
    return func(*args, **kwargs)
           ^^^^^^^^^^^^^^^^^^^^^
  File "/usr/local/lib/python3.12/site-packages/dbt/cli/main.py", line 477, in init
    results = task.run()
              ^^^^^^^^^^
  File "/usr/local/lib/python3.12/site-packages/dbt/task/init.py", line 320, in run
    self.setup_profile(profile_name)
  File "/usr/local/lib/python3.12/site-packages/dbt/task/init.py", line 248, in setup_profile
    if not self.check_if_can_write_profile(profile_name=profile_name):
           ^^^^^^^^^^^^^^^^^^^^^^^^^^^^^^^^^^^^^^^^^^^^^^^^^^^^^^^^^^
  File "/usr/local/lib/python3.12/site-packages/dbt/task/init.py", line 211, in check_if_can_write_profile
    response = click.confirm(
               ^^^^^^^^^^^^^^
  File "/usr/local/lib/python3.12/site-packages/click/termui.py", line 235, in confirm
    raise Abort() from None
click.exceptions.Abort

[0m16:39:36.441919 [debug] [MainThread]: Resource report: {"command_name": "init", "command_success": false, "command_wall_clock_time": 0.16545902, "process_in_blocks": "91080", "process_kernel_time": 0.45985, "process_mem_max_rss": "87284", "process_out_blocks": "1464", "process_user_time": 1.107639}
[0m16:39:36.443090 [debug] [MainThread]: Command `dbt init` failed at 16:39:36.442919 after 0.17 seconds
[0m16:39:36.444287 [debug] [MainThread]: Sending event: {'category': 'dbt', 'action': 'invocation', 'label': 'end', 'context': [<snowplow_tracker.self_describing_json.SelfDescribingJson object at 0x7270467dc5c0>, <snowplow_tracker.self_describing_json.SelfDescribingJson object at 0x727046a8bec0>, <snowplow_tracker.self_describing_json.SelfDescribingJson object at 0x7270460aec90>]}
[0m16:39:36.445236 [debug] [MainThread]: Flushing usage events
[0m16:39:37.015178 [debug] [MainThread]: An error was encountered while trying to flush usage events
[0m16:50:12.023205 [debug] [MainThread]: Sending event: {'category': 'dbt', 'action': 'invocation', 'label': 'start', 'context': [<snowplow_tracker.self_describing_json.SelfDescribingJson object at 0x7f8e3802fbf0>, <snowplow_tracker.self_describing_json.SelfDescribingJson object at 0x7f8e37f4a7b0>, <snowplow_tracker.self_describing_json.SelfDescribingJson object at 0x7f8e378dd340>]}


============================== 16:50:12.028617 | 8d8563b5-2efe-42d0-89fc-bdfbadaebe47 ==============================
[0m16:50:12.028617 [info ] [MainThread]: Running with dbt=1.9.0
[0m16:50:12.029827 [debug] [MainThread]: running dbt with arguments {'printer_width': '80', 'indirect_selection': 'eager', 'log_cache_events': 'False', 'write_json': 'True', 'partial_parse': 'True', 'cache_selected_only': 'False', 'profiles_dir': '/usr/app', 'fail_fast': 'False', 'warn_error': 'None', 'log_path': '/usr/app/logs', 'debug': 'False', 'version_check': 'True', 'use_colors': 'True', 'use_experimental_parser': 'False', 'empty': 'None', 'quiet': 'False', 'no_print': 'None', 'log_format': 'default', 'introspect': 'True', 'static_parser': 'True', 'warn_error_options': 'WarnErrorOptions(include=[], exclude=[])', 'target_path': 'None', 'invocation_command': 'dbt init', 'send_anonymous_usage_stats': 'True'}
[0m16:50:12.045883 [info ] [MainThread]: Setting up your profile.
[0m16:50:12.050707 [error] [MainThread]: Encountered an error:

[0m16:50:12.054786 [error] [MainThread]: Traceback (most recent call last):
  File "/usr/local/lib/python3.12/site-packages/dbt/cli/requires.py", line 153, in wrapper
    result, success = func(*args, **kwargs)
                      ^^^^^^^^^^^^^^^^^^^^^
  File "/usr/local/lib/python3.12/site-packages/dbt/cli/requires.py", line 103, in wrapper
    return func(*args, **kwargs)
           ^^^^^^^^^^^^^^^^^^^^^
  File "/usr/local/lib/python3.12/site-packages/dbt/cli/main.py", line 477, in init
    results = task.run()
              ^^^^^^^^^^
  File "/usr/local/lib/python3.12/site-packages/dbt/task/init.py", line 320, in run
    self.setup_profile(profile_name)
  File "/usr/local/lib/python3.12/site-packages/dbt/task/init.py", line 248, in setup_profile
    if not self.check_if_can_write_profile(profile_name=profile_name):
           ^^^^^^^^^^^^^^^^^^^^^^^^^^^^^^^^^^^^^^^^^^^^^^^^^^^^^^^^^^
  File "/usr/local/lib/python3.12/site-packages/dbt/task/init.py", line 211, in check_if_can_write_profile
    response = click.confirm(
               ^^^^^^^^^^^^^^
  File "/usr/local/lib/python3.12/site-packages/click/termui.py", line 235, in confirm
    raise Abort() from None
click.exceptions.Abort

[0m16:50:12.056916 [debug] [MainThread]: Resource report: {"command_name": "init", "command_success": false, "command_wall_clock_time": 0.12092334, "process_in_blocks": "83400", "process_kernel_time": 0.29787, "process_mem_max_rss": "86332", "process_out_blocks": "0", "process_user_time": 1.014371}
[0m16:50:12.059125 [debug] [MainThread]: Command `dbt init` failed at 16:50:12.058131 after 0.12 seconds
[0m16:50:12.060346 [debug] [MainThread]: Sending event: {'category': 'dbt', 'action': 'invocation', 'label': 'end', 'context': [<snowplow_tracker.self_describing_json.SelfDescribingJson object at 0x7f8e37448d70>, <snowplow_tracker.self_describing_json.SelfDescribingJson object at 0x7f8e3731f950>, <snowplow_tracker.self_describing_json.SelfDescribingJson object at 0x7f8e37c09bb0>]}
[0m16:50:12.061252 [debug] [MainThread]: Flushing usage events
[0m16:50:12.848422 [debug] [MainThread]: An error was encountered while trying to flush usage events
[0m16:50:50.431677 [debug] [MainThread]: Sending event: {'category': 'dbt', 'action': 'invocation', 'label': 'start', 'context': [<snowplow_tracker.self_describing_json.SelfDescribingJson object at 0x765faa60b710>, <snowplow_tracker.self_describing_json.SelfDescribingJson object at 0x765fa9dc8a70>, <snowplow_tracker.self_describing_json.SelfDescribingJson object at 0x765fa9a842c0>]}


============================== 16:50:50.435087 | e37a2132-8709-497a-8080-1ba07ddc17ce ==============================
[0m16:50:50.435087 [info ] [MainThread]: Running with dbt=1.9.0
[0m16:50:50.435939 [debug] [MainThread]: running dbt with arguments {'printer_width': '80', 'indirect_selection': 'eager', 'write_json': 'True', 'log_cache_events': 'False', 'partial_parse': 'True', 'cache_selected_only': 'False', 'profiles_dir': '/root/.dbt', 'version_check': 'True', 'debug': 'False', 'log_path': '/usr/app/logs', 'fail_fast': 'False', 'warn_error': 'None', 'use_colors': 'True', 'use_experimental_parser': 'False', 'no_print': 'None', 'quiet': 'False', 'empty': 'None', 'warn_error_options': 'WarnErrorOptions(include=[], exclude=[])', 'static_parser': 'True', 'introspect': 'True', 'invocation_command': 'dbt init', 'target_path': 'None', 'log_format': 'default', 'send_anonymous_usage_stats': 'True'}
[0m16:50:50.446263 [info ] [MainThread]: Setting up your profile.
[0m16:50:50.449863 [error] [MainThread]: Encountered an error:

[0m16:50:50.452424 [error] [MainThread]: Traceback (most recent call last):
  File "/usr/local/lib/python3.12/site-packages/dbt/cli/requires.py", line 153, in wrapper
    result, success = func(*args, **kwargs)
                      ^^^^^^^^^^^^^^^^^^^^^
  File "/usr/local/lib/python3.12/site-packages/dbt/cli/requires.py", line 103, in wrapper
    return func(*args, **kwargs)
           ^^^^^^^^^^^^^^^^^^^^^
  File "/usr/local/lib/python3.12/site-packages/dbt/cli/main.py", line 477, in init
    results = task.run()
              ^^^^^^^^^^
  File "/usr/local/lib/python3.12/site-packages/dbt/task/init.py", line 320, in run
    self.setup_profile(profile_name)
  File "/usr/local/lib/python3.12/site-packages/dbt/task/init.py", line 261, in setup_profile
    adapter = self.ask_for_adapter_choice()
              ^^^^^^^^^^^^^^^^^^^^^^^^^^^^^
  File "/usr/local/lib/python3.12/site-packages/dbt/task/init.py", line 242, in ask_for_adapter_choice
    numeric_choice = click.prompt(prompt_msg, type=click.INT)
                     ^^^^^^^^^^^^^^^^^^^^^^^^^^^^^^^^^^^^^^^^
  File "/usr/local/lib/python3.12/site-packages/click/termui.py", line 164, in prompt
    value = prompt_func(prompt)
            ^^^^^^^^^^^^^^^^^^^
  File "/usr/local/lib/python3.12/site-packages/click/termui.py", line 147, in prompt_func
    raise Abort() from None
click.exceptions.Abort

[0m16:50:50.454702 [debug] [MainThread]: Resource report: {"command_name": "init", "command_success": false, "command_wall_clock_time": 0.116354, "process_in_blocks": "304", "process_kernel_time": 0.223066, "process_mem_max_rss": "86264", "process_out_blocks": "0", "process_user_time": 0.959982}
[0m16:50:50.456623 [debug] [MainThread]: Command `dbt init` failed at 16:50:50.456447 after 0.12 seconds
[0m16:50:50.457548 [debug] [MainThread]: Sending event: {'category': 'dbt', 'action': 'invocation', 'label': 'end', 'context': [<snowplow_tracker.self_describing_json.SelfDescribingJson object at 0x765faa60b710>, <snowplow_tracker.self_describing_json.SelfDescribingJson object at 0x765fa984b170>, <snowplow_tracker.self_describing_json.SelfDescribingJson object at 0x765fa99e0e90>]}
[0m16:50:50.458434 [debug] [MainThread]: Flushing usage events
[0m16:50:50.890361 [debug] [MainThread]: An error was encountered while trying to flush usage events
[0m17:14:19.168266 [debug] [MainThread]: Sending event: {'category': 'dbt', 'action': 'invocation', 'label': 'start', 'context': [<snowplow_tracker.self_describing_json.SelfDescribingJson object at 0x7867ca8329c0>, <snowplow_tracker.self_describing_json.SelfDescribingJson object at 0x7867ca906c30>, <snowplow_tracker.self_describing_json.SelfDescribingJson object at 0x7867ca906330>]}


============================== 17:14:19.176995 | 57a899d7-7eb6-41a2-a06f-c9b905ccf315 ==============================
[0m17:14:19.176995 [info ] [MainThread]: Running with dbt=1.9.0
[0m17:14:19.178127 [debug] [MainThread]: running dbt with arguments {'printer_width': '80', 'indirect_selection': 'eager', 'log_cache_events': 'False', 'write_json': 'True', 'partial_parse': 'True', 'cache_selected_only': 'False', 'warn_error': 'None', 'fail_fast': 'False', 'profiles_dir': '/root/.dbt', 'log_path': '/usr/app/logs', 'version_check': 'True', 'debug': 'False', 'use_colors': 'True', 'use_experimental_parser': 'False', 'empty': 'None', 'quiet': 'False', 'no_print': 'None', 'warn_error_options': 'WarnErrorOptions(include=[], exclude=[])', 'introspect': 'True', 'log_format': 'default', 'static_parser': 'True', 'target_path': 'None', 'invocation_command': 'dbt debug', 'send_anonymous_usage_stats': 'True'}
[0m17:14:19.249014 [info ] [MainThread]: dbt version: 1.9.0
[0m17:14:19.250160 [info ] [MainThread]: python version: 3.12.4
[0m17:14:19.251141 [info ] [MainThread]: python path: /usr/local/bin/python
[0m17:14:19.251855 [info ] [MainThread]: os info: Linux-6.6.114.1-microsoft-standard-WSL2-x86_64-with-glibc2.31
[0m17:14:19.253078 [info ] [MainThread]: Using profiles dir at /root/.dbt
[0m17:14:19.253822 [info ] [MainThread]: Using profiles.yml file at /root/.dbt/profiles.yml
[0m17:14:19.254681 [info ] [MainThread]: Using dbt_project.yml file at /usr/app/dbt_project.yml
[0m17:14:19.327920 [info ] [MainThread]: Configuration:
[0m17:14:19.329367 [info ] [MainThread]:   profiles.yml file [[31mERROR not found[0m]
[0m17:14:19.330414 [info ] [MainThread]:   dbt_project.yml file [[32mOK found and valid[0m]
[0m17:14:19.331382 [info ] [MainThread]: Required dependencies:
[0m17:14:19.332312 [debug] [MainThread]: Executing "git --help"
[0m17:14:19.349245 [debug] [MainThread]: STDOUT: "b"usage: git [--version] [--help] [-C <path>] [-c <name>=<value>]\n           [--exec-path[=<path>]] [--html-path] [--man-path] [--info-path]\n           [-p | --paginate | -P | --no-pager] [--no-replace-objects] [--bare]\n           [--git-dir=<path>] [--work-tree=<path>] [--namespace=<name>]\n           <command> [<args>]\n\nThese are common Git commands used in various situations:\n\nstart a working area (see also: git help tutorial)\n   clone             Clone a repository into a new directory\n   init              Create an empty Git repository or reinitialize an existing one\n\nwork on the current change (see also: git help everyday)\n   add               Add file contents to the index\n   mv                Move or rename a file, a directory, or a symlink\n   restore           Restore working tree files\n   rm                Remove files from the working tree and from the index\n   sparse-checkout   Initialize and modify the sparse-checkout\n\nexamine the history and state (see also: git help revisions)\n   bisect            Use binary search to find the commit that introduced a bug\n   diff              Show changes between commits, commit and working tree, etc\n   grep              Print lines matching a pattern\n   log               Show commit logs\n   show              Show various types of objects\n   status            Show the working tree status\n\ngrow, mark and tweak your common history\n   branch            List, create, or delete branches\n   commit            Record changes to the repository\n   merge             Join two or more development histories together\n   rebase            Reapply commits on top of another base tip\n   reset             Reset current HEAD to the specified state\n   switch            Switch branches\n   tag               Create, list, delete or verify a tag object signed with GPG\n\ncollaborate (see also: git help workflows)\n   fetch             Download objects and refs from another repository\n   pull              Fetch from and integrate with another repository or a local branch\n   push              Update remote refs along with associated objects\n\n'git help -a' and 'git help -g' list available subcommands and some\nconcept guides. See 'git help <command>' or 'git help <concept>'\nto read about a specific subcommand or concept.\nSee 'git help git' for an overview of the system.\n""
[0m17:14:19.350690 [debug] [MainThread]: STDERR: "b''"
[0m17:14:19.351629 [info ] [MainThread]:  - git [[32mOK found[0m]

[0m17:14:19.352714 [info ] [MainThread]: Connection test skipped since no profile was found
[0m17:14:19.353556 [info ] [MainThread]: [31m1 check failed:[0m
[0m17:14:19.354844 [info ] [MainThread]: dbt looked for a profiles.yml file in /root/.dbt/profiles.yml, but did
not find one. For more information on configuring your profile, consult the
documentation:

https://docs.getdbt.com/docs/configure-your-profile


[0m17:14:19.357300 [debug] [MainThread]: Resource report: {"command_name": "debug", "command_success": false, "command_wall_clock_time": 0.2379791, "process_in_blocks": "2008", "process_kernel_time": 0.242219, "process_mem_max_rss": "88872", "process_out_blocks": "1464", "process_user_time": 1.020497}
[0m17:14:19.358328 [debug] [MainThread]: Command `dbt debug` failed at 17:14:19.358239 after 0.24 seconds
[0m17:14:19.359067 [debug] [MainThread]: Sending event: {'category': 'dbt', 'action': 'invocation', 'label': 'end', 'context': [<snowplow_tracker.self_describing_json.SelfDescribingJson object at 0x7867cadbcd70>, <snowplow_tracker.self_describing_json.SelfDescribingJson object at 0x7867ca30c4d0>, <snowplow_tracker.self_describing_json.SelfDescribingJson object at 0x7867ca8329c0>]}
[0m17:14:19.359761 [debug] [MainThread]: Flushing usage events
[0m17:14:20.512166 [debug] [MainThread]: An error was encountered while trying to flush usage events
[0m17:14:27.987185 [debug] [MainThread]: Sending event: {'category': 'dbt', 'action': 'invocation', 'label': 'start', 'context': [<snowplow_tracker.self_describing_json.SelfDescribingJson object at 0x7e17c63e6420>, <snowplow_tracker.self_describing_json.SelfDescribingJson object at 0x7e17c57325a0>, <snowplow_tracker.self_describing_json.SelfDescribingJson object at 0x7e17c49ec9b0>]}


============================== 17:14:27.997455 | 98d7ec3c-29b0-4ef3-96f4-a63ea6763ca7 ==============================
[0m17:14:27.997455 [info ] [MainThread]: Running with dbt=1.9.0
[0m17:14:27.998594 [debug] [MainThread]: running dbt with arguments {'printer_width': '80', 'indirect_selection': 'eager', 'write_json': 'True', 'log_cache_events': 'False', 'partial_parse': 'True', 'cache_selected_only': 'False', 'profiles_dir': '/root/.dbt', 'version_check': 'True', 'warn_error': 'None', 'log_path': '/usr/app/logs', 'debug': 'False', 'fail_fast': 'False', 'use_colors': 'True', 'use_experimental_parser': 'False', 'empty': 'False', 'quiet': 'False', 'no_print': 'None', 'log_format': 'default', 'static_parser': 'True', 'introspect': 'True', 'invocation_command': 'dbt run', 'target_path': 'None', 'warn_error_options': 'WarnErrorOptions(include=[], exclude=[])', 'send_anonymous_usage_stats': 'True'}
[0m17:14:28.002936 [error] [MainThread]: Encountered an error:
Runtime Error
  Could not find profile named 'job_analysis'
[0m17:14:28.004271 [debug] [MainThread]: Resource report: {"command_name": "run", "command_success": false, "command_wall_clock_time": 0.06674776, "process_in_blocks": "0", "process_kernel_time": 0.23501, "process_mem_max_rss": "87088", "process_out_blocks": "1464", "process_user_time": 0.928091}
[0m17:14:28.005173 [debug] [MainThread]: Command `dbt run` failed at 17:14:28.005077 after 0.07 seconds
[0m17:14:28.005943 [debug] [MainThread]: Sending event: {'category': 'dbt', 'action': 'invocation', 'label': 'end', 'context': [<snowplow_tracker.self_describing_json.SelfDescribingJson object at 0x7e17c5096f90>, <snowplow_tracker.self_describing_json.SelfDescribingJson object at 0x7e17c4763d70>, <snowplow_tracker.self_describing_json.SelfDescribingJson object at 0x7e17c4cde270>]}
[0m17:14:28.006665 [debug] [MainThread]: Flushing usage events
[0m17:14:28.491825 [debug] [MainThread]: An error was encountered while trying to flush usage events
[0m17:14:38.077586 [debug] [MainThread]: Sending event: {'category': 'dbt', 'action': 'invocation', 'label': 'start', 'context': [<snowplow_tracker.self_describing_json.SelfDescribingJson object at 0x716573994b00>, <snowplow_tracker.self_describing_json.SelfDescribingJson object at 0x7165747af860>, <snowplow_tracker.self_describing_json.SelfDescribingJson object at 0x716573995670>]}


============================== 17:14:38.083622 | 091b3910-8c37-4dcb-b2e1-f6920a0589e1 ==============================
[0m17:14:38.083622 [info ] [MainThread]: Running with dbt=1.9.0
[0m17:14:38.084890 [debug] [MainThread]: running dbt with arguments {'printer_width': '80', 'indirect_selection': 'eager', 'log_cache_events': 'False', 'write_json': 'True', 'partial_parse': 'True', 'cache_selected_only': 'False', 'profiles_dir': '/root/.dbt', 'version_check': 'True', 'warn_error': 'None', 'log_path': '/usr/app/logs', 'debug': 'False', 'fail_fast': 'False', 'use_colors': 'True', 'use_experimental_parser': 'False', 'empty': 'None', 'quiet': 'False', 'no_print': 'None', 'log_format': 'default', 'invocation_command': 'dbt test', 'introspect': 'True', 'static_parser': 'True', 'target_path': 'None', 'warn_error_options': 'WarnErrorOptions(include=[], exclude=[])', 'send_anonymous_usage_stats': 'True'}
[0m17:14:38.089046 [error] [MainThread]: Encountered an error:
Runtime Error
  Could not find profile named 'job_analysis'
[0m17:14:38.090335 [debug] [MainThread]: Resource report: {"command_name": "test", "command_success": false, "command_wall_clock_time": 0.056263167, "process_in_blocks": "0", "process_kernel_time": 0.228112, "process_mem_max_rss": "87156", "process_out_blocks": "1464", "process_user_time": 0.828409}
[0m17:14:38.091346 [debug] [MainThread]: Command `dbt test` failed at 17:14:38.091254 after 0.06 seconds
[0m17:14:38.092018 [debug] [MainThread]: Sending event: {'category': 'dbt', 'action': 'invocation', 'label': 'end', 'context': [<snowplow_tracker.self_describing_json.SelfDescribingJson object at 0x71657360bbc0>, <snowplow_tracker.self_describing_json.SelfDescribingJson object at 0x716576bb6900>, <snowplow_tracker.self_describing_json.SelfDescribingJson object at 0x71657377c860>]}
[0m17:14:38.092695 [debug] [MainThread]: Flushing usage events
[0m17:14:38.583719 [debug] [MainThread]: An error was encountered while trying to flush usage events
[0m17:17:07.073623 [debug] [MainThread]: Sending event: {'category': 'dbt', 'action': 'invocation', 'label': 'start', 'context': [<snowplow_tracker.self_describing_json.SelfDescribingJson object at 0x72136269e360>, <snowplow_tracker.self_describing_json.SelfDescribingJson object at 0x72136236c560>, <snowplow_tracker.self_describing_json.SelfDescribingJson object at 0x721362dfb560>]}


============================== 17:17:07.079911 | c4b23bb1-9862-4500-aadc-b14d2bfae1d8 ==============================
[0m17:17:07.079911 [info ] [MainThread]: Running with dbt=1.9.0
[0m17:17:07.081007 [debug] [MainThread]: running dbt with arguments {'printer_width': '80', 'indirect_selection': 'eager', 'log_cache_events': 'False', 'write_json': 'True', 'partial_parse': 'True', 'cache_selected_only': 'False', 'profiles_dir': '/usr/app', 'debug': 'False', 'warn_error': 'None', 'log_path': '/usr/app/logs', 'fail_fast': 'False', 'version_check': 'True', 'use_colors': 'True', 'use_experimental_parser': 'False', 'empty': 'None', 'quiet': 'False', 'no_print': 'None', 'warn_error_options': 'WarnErrorOptions(include=[], exclude=[])', 'introspect': 'True', 'invocation_command': 'dbt debug', 'static_parser': 'True', 'target_path': 'None', 'log_format': 'default', 'send_anonymous_usage_stats': 'True'}
[0m17:17:07.136075 [info ] [MainThread]: dbt version: 1.9.0
[0m17:17:07.136837 [info ] [MainThread]: python version: 3.12.4
[0m17:17:07.137915 [info ] [MainThread]: python path: /usr/local/bin/python
[0m17:17:07.138749 [info ] [MainThread]: os info: Linux-6.6.114.1-microsoft-standard-WSL2-x86_64-with-glibc2.31
[0m17:17:07.236905 [info ] [MainThread]: Using profiles dir at /usr/app
[0m17:17:07.238391 [info ] [MainThread]: Using profiles.yml file at /usr/app/profiles.yml
[0m17:17:07.239575 [info ] [MainThread]: Using dbt_project.yml file at /usr/app/dbt_project.yml
[0m17:17:07.241065 [info ] [MainThread]: adapter type: postgres
[0m17:17:07.241902 [info ] [MainThread]: adapter version: 1.9.0
[0m17:17:07.319646 [info ] [MainThread]: Configuration:
[0m17:17:07.321297 [info ] [MainThread]:   profiles.yml file [[32mOK found and valid[0m]
[0m17:17:07.322101 [info ] [MainThread]:   dbt_project.yml file [[32mOK found and valid[0m]
[0m17:17:07.322771 [info ] [MainThread]: Required dependencies:
[0m17:17:07.323474 [debug] [MainThread]: Executing "git --help"
[0m17:17:07.326830 [debug] [MainThread]: STDOUT: "b"usage: git [--version] [--help] [-C <path>] [-c <name>=<value>]\n           [--exec-path[=<path>]] [--html-path] [--man-path] [--info-path]\n           [-p | --paginate | -P | --no-pager] [--no-replace-objects] [--bare]\n           [--git-dir=<path>] [--work-tree=<path>] [--namespace=<name>]\n           <command> [<args>]\n\nThese are common Git commands used in various situations:\n\nstart a working area (see also: git help tutorial)\n   clone             Clone a repository into a new directory\n   init              Create an empty Git repository or reinitialize an existing one\n\nwork on the current change (see also: git help everyday)\n   add               Add file contents to the index\n   mv                Move or rename a file, a directory, or a symlink\n   restore           Restore working tree files\n   rm                Remove files from the working tree and from the index\n   sparse-checkout   Initialize and modify the sparse-checkout\n\nexamine the history and state (see also: git help revisions)\n   bisect            Use binary search to find the commit that introduced a bug\n   diff              Show changes between commits, commit and working tree, etc\n   grep              Print lines matching a pattern\n   log               Show commit logs\n   show              Show various types of objects\n   status            Show the working tree status\n\ngrow, mark and tweak your common history\n   branch            List, create, or delete branches\n   commit            Record changes to the repository\n   merge             Join two or more development histories together\n   rebase            Reapply commits on top of another base tip\n   reset             Reset current HEAD to the specified state\n   switch            Switch branches\n   tag               Create, list, delete or verify a tag object signed with GPG\n\ncollaborate (see also: git help workflows)\n   fetch             Download objects and refs from another repository\n   pull              Fetch from and integrate with another repository or a local branch\n   push              Update remote refs along with associated objects\n\n'git help -a' and 'git help -g' list available subcommands and some\nconcept guides. See 'git help <command>' or 'git help <concept>'\nto read about a specific subcommand or concept.\nSee 'git help git' for an overview of the system.\n""
[0m17:17:07.327571 [debug] [MainThread]: STDERR: "b''"
[0m17:17:07.328160 [info ] [MainThread]:  - git [[32mOK found[0m]

[0m17:17:07.328845 [info ] [MainThread]: Connection:
[0m17:17:07.329532 [info ] [MainThread]:   host: postgres-db
[0m17:17:07.330284 [info ] [MainThread]:   port: 5432
[0m17:17:07.331007 [info ] [MainThread]:   user: ${DB_USER}
[0m17:17:07.331878 [info ] [MainThread]:   database: ${DB_NAME}
[0m17:17:07.332680 [info ] [MainThread]:   schema: public
[0m17:17:07.333258 [info ] [MainThread]:   connect_timeout: 10
[0m17:17:07.333983 [info ] [MainThread]:   role: None
[0m17:17:07.334791 [info ] [MainThread]:   search_path: None
[0m17:17:07.335585 [info ] [MainThread]:   keepalives_idle: 0
[0m17:17:07.336486 [info ] [MainThread]:   sslmode: None
[0m17:17:07.337270 [info ] [MainThread]:   sslcert: None
[0m17:17:07.337920 [info ] [MainThread]:   sslkey: None
[0m17:17:07.340068 [info ] [MainThread]:   sslrootcert: None
[0m17:17:07.341814 [info ] [MainThread]:   application_name: dbt
[0m17:17:07.342512 [info ] [MainThread]:   retries: 1
[0m17:17:07.343545 [info ] [MainThread]: Registered adapter: postgres=1.9.0
[0m17:17:07.415935 [debug] [MainThread]: Acquiring new postgres connection 'debug'
[0m17:17:07.473709 [debug] [MainThread]: Using postgres connection "debug"
[0m17:17:07.474923 [debug] [MainThread]: On debug: select 1 as id
[0m17:17:07.475912 [debug] [MainThread]: Opening a new connection, currently in state init
[0m17:17:11.458229 [debug] [MainThread]: Postgres adapter: Got a retryable error when attempting to open a postgres connection.
1 attempts remaining. Retrying in 0 seconds.
Error:
could not translate host name "postgres-db" to address: Name or service not known

[0m17:17:15.309066 [debug] [MainThread]: Postgres adapter: Error running SQL: select 1 as id
[0m17:17:15.309978 [debug] [MainThread]: Postgres adapter: Rolling back transaction.
[0m17:17:15.310506 [debug] [MainThread]: On debug: No close available on handle
[0m17:17:15.311051 [info ] [MainThread]:   Connection test: [[31mERROR[0m]

[0m17:17:15.311755 [info ] [MainThread]: [31m1 check failed:[0m
[0m17:17:15.312743 [info ] [MainThread]: dbt was unable to connect to the specified database.
The database returned the following error:

  >Database Error
  could not translate host name "postgres-db" to address: Name or service not known
  

Check your database credentials and try again. For more information, visit:
https://docs.getdbt.com/docs/configure-your-profile


[0m17:17:15.316467 [debug] [MainThread]: Resource report: {"command_name": "debug", "command_success": false, "command_wall_clock_time": 8.297157, "process_in_blocks": "15040", "process_kernel_time": 0.353922, "process_mem_max_rss": "99668", "process_out_blocks": "1488", "process_user_time": 1.261103}
[0m17:17:15.317318 [debug] [MainThread]: Command `dbt debug` failed at 17:17:15.317238 after 8.30 seconds
[0m17:17:15.317878 [debug] [MainThread]: Connection 'debug' was properly closed.
[0m17:17:15.318553 [debug] [MainThread]: Sending event: {'category': 'dbt', 'action': 'invocation', 'label': 'end', 'context': [<snowplow_tracker.self_describing_json.SelfDescribingJson object at 0x7213625aa570>, <snowplow_tracker.self_describing_json.SelfDescribingJson object at 0x7213608b86e0>, <snowplow_tracker.self_describing_json.SelfDescribingJson object at 0x721363009460>]}
[0m17:17:15.319144 [debug] [MainThread]: Flushing usage events
[0m17:17:15.805898 [debug] [MainThread]: An error was encountered while trying to flush usage events
[0m17:38:10.016469 [debug] [MainThread]: Sending event: {'category': 'dbt', 'action': 'invocation', 'label': 'start', 'context': [<snowplow_tracker.self_describing_json.SelfDescribingJson object at 0x7f2a888ffa10>, <snowplow_tracker.self_describing_json.SelfDescribingJson object at 0x7f2a8860b170>, <snowplow_tracker.self_describing_json.SelfDescribingJson object at 0x7f2a888fda30>]}


============================== 17:38:10.027408 | 404e9bd3-37b7-49ed-92af-de39bef5e1be ==============================
[0m17:38:10.027408 [info ] [MainThread]: Running with dbt=1.9.0
[0m17:38:10.028660 [debug] [MainThread]: running dbt with arguments {'printer_width': '80', 'indirect_selection': 'eager', 'write_json': 'True', 'log_cache_events': 'False', 'partial_parse': 'True', 'cache_selected_only': 'False', 'profiles_dir': '/usr/app', 'debug': 'False', 'version_check': 'True', 'log_path': '/usr/app/logs', 'fail_fast': 'False', 'warn_error': 'None', 'use_colors': 'True', 'use_experimental_parser': 'False', 'no_print': 'None', 'quiet': 'False', 'empty': 'None', 'warn_error_options': 'WarnErrorOptions(include=[], exclude=[])', 'introspect': 'True', 'log_format': 'default', 'static_parser': 'True', 'target_path': 'None', 'invocation_command': 'dbt debug', 'send_anonymous_usage_stats': 'True'}
[0m17:38:10.097984 [info ] [MainThread]: dbt version: 1.9.0
[0m17:38:10.099250 [info ] [MainThread]: python version: 3.12.4
[0m17:38:10.100152 [info ] [MainThread]: python path: /usr/local/bin/python
[0m17:38:10.101032 [info ] [MainThread]: os info: Linux-6.6.114.1-microsoft-standard-WSL2-x86_64-with-glibc2.31
[0m17:38:10.183703 [info ] [MainThread]: Using profiles dir at /usr/app
[0m17:38:10.185287 [info ] [MainThread]: Using profiles.yml file at /usr/app/profiles.yml
[0m17:38:10.186225 [info ] [MainThread]: Using dbt_project.yml file at /usr/app/dbt_project.yml
[0m17:38:10.187130 [info ] [MainThread]: adapter type: postgres
[0m17:38:10.187787 [info ] [MainThread]: adapter version: 1.9.0
[0m17:38:10.270434 [info ] [MainThread]: Configuration:
[0m17:38:10.271679 [info ] [MainThread]:   profiles.yml file [[32mOK found and valid[0m]
[0m17:38:10.272588 [info ] [MainThread]:   dbt_project.yml file [[32mOK found and valid[0m]
[0m17:38:10.273483 [info ] [MainThread]: Required dependencies:
[0m17:38:10.274261 [debug] [MainThread]: Executing "git --help"
[0m17:38:10.282496 [debug] [MainThread]: STDOUT: "b"usage: git [--version] [--help] [-C <path>] [-c <name>=<value>]\n           [--exec-path[=<path>]] [--html-path] [--man-path] [--info-path]\n           [-p | --paginate | -P | --no-pager] [--no-replace-objects] [--bare]\n           [--git-dir=<path>] [--work-tree=<path>] [--namespace=<name>]\n           <command> [<args>]\n\nThese are common Git commands used in various situations:\n\nstart a working area (see also: git help tutorial)\n   clone             Clone a repository into a new directory\n   init              Create an empty Git repository or reinitialize an existing one\n\nwork on the current change (see also: git help everyday)\n   add               Add file contents to the index\n   mv                Move or rename a file, a directory, or a symlink\n   restore           Restore working tree files\n   rm                Remove files from the working tree and from the index\n   sparse-checkout   Initialize and modify the sparse-checkout\n\nexamine the history and state (see also: git help revisions)\n   bisect            Use binary search to find the commit that introduced a bug\n   diff              Show changes between commits, commit and working tree, etc\n   grep              Print lines matching a pattern\n   log               Show commit logs\n   show              Show various types of objects\n   status            Show the working tree status\n\ngrow, mark and tweak your common history\n   branch            List, create, or delete branches\n   commit            Record changes to the repository\n   merge             Join two or more development histories together\n   rebase            Reapply commits on top of another base tip\n   reset             Reset current HEAD to the specified state\n   switch            Switch branches\n   tag               Create, list, delete or verify a tag object signed with GPG\n\ncollaborate (see also: git help workflows)\n   fetch             Download objects and refs from another repository\n   pull              Fetch from and integrate with another repository or a local branch\n   push              Update remote refs along with associated objects\n\n'git help -a' and 'git help -g' list available subcommands and some\nconcept guides. See 'git help <command>' or 'git help <concept>'\nto read about a specific subcommand or concept.\nSee 'git help git' for an overview of the system.\n""
[0m17:38:10.283610 [debug] [MainThread]: STDERR: "b''"
[0m17:38:10.284255 [info ] [MainThread]:  - git [[32mOK found[0m]

[0m17:38:10.285003 [info ] [MainThread]: Connection:
[0m17:38:10.285862 [info ] [MainThread]:   host: postgres-db
[0m17:38:10.286877 [info ] [MainThread]:   port: 5432
[0m17:38:10.287663 [info ] [MainThread]:   user: ${DB_USER}
[0m17:38:10.288419 [info ] [MainThread]:   database: ${DB_NAME}
[0m17:38:10.289197 [info ] [MainThread]:   schema: public
[0m17:38:10.290117 [info ] [MainThread]:   connect_timeout: 10
[0m17:38:10.290987 [info ] [MainThread]:   role: None
[0m17:38:10.291915 [info ] [MainThread]:   search_path: None
[0m17:38:10.292969 [info ] [MainThread]:   keepalives_idle: 0
[0m17:38:10.294014 [info ] [MainThread]:   sslmode: None
[0m17:38:10.294883 [info ] [MainThread]:   sslcert: None
[0m17:38:10.295847 [info ] [MainThread]:   sslkey: None
[0m17:38:10.296851 [info ] [MainThread]:   sslrootcert: None
[0m17:38:10.298114 [info ] [MainThread]:   application_name: dbt
[0m17:38:10.299369 [info ] [MainThread]:   retries: 1
[0m17:38:10.300952 [info ] [MainThread]: Registered adapter: postgres=1.9.0
[0m17:38:10.384851 [debug] [MainThread]: Acquiring new postgres connection 'debug'
[0m17:38:10.441255 [debug] [MainThread]: Using postgres connection "debug"
[0m17:38:10.442301 [debug] [MainThread]: On debug: select 1 as id
[0m17:38:10.443012 [debug] [MainThread]: Opening a new connection, currently in state init
[0m17:38:10.465036 [debug] [MainThread]: Postgres adapter: Got a retryable error when attempting to open a postgres connection.
1 attempts remaining. Retrying in 0 seconds.
Error:
connection to server at "postgres-db" (172.18.0.2), port 5432 failed: FATAL:  password authentication failed for user "${DB_USER}"

[0m17:38:10.469606 [debug] [MainThread]: Postgres adapter: Error running SQL: select 1 as id
[0m17:38:10.470372 [debug] [MainThread]: Postgres adapter: Rolling back transaction.
[0m17:38:10.471251 [debug] [MainThread]: On debug: No close available on handle
[0m17:38:10.471869 [info ] [MainThread]:   Connection test: [[31mERROR[0m]

[0m17:38:10.472581 [info ] [MainThread]: [31m1 check failed:[0m
[0m17:38:10.473290 [info ] [MainThread]: dbt was unable to connect to the specified database.
The database returned the following error:

  >Database Error
  connection to server at "postgres-db" (172.18.0.2), port 5432 failed: FATAL:  password authentication failed for user "${DB_USER}"
  

Check your database credentials and try again. For more information, visit:
https://docs.getdbt.com/docs/configure-your-profile


[0m17:38:10.477776 [debug] [MainThread]: Resource report: {"command_name": "debug", "command_success": false, "command_wall_clock_time": 0.5102263, "process_in_blocks": "3368", "process_kernel_time": 0.44778, "process_mem_max_rss": "101328", "process_out_blocks": "1488", "process_user_time": 1.10162}
[0m17:38:10.478912 [debug] [MainThread]: Command `dbt debug` failed at 17:38:10.478802 after 0.51 seconds
[0m17:38:10.479670 [debug] [MainThread]: Connection 'debug' was properly closed.
[0m17:38:10.480405 [debug] [MainThread]: Sending event: {'category': 'dbt', 'action': 'invocation', 'label': 'end', 'context': [<snowplow_tracker.self_describing_json.SelfDescribingJson object at 0x7f2a89010d70>, <snowplow_tracker.self_describing_json.SelfDescribingJson object at 0x7f2a86a9a4b0>, <snowplow_tracker.self_describing_json.SelfDescribingJson object at 0x7f2a88446ab0>]}
[0m17:38:10.481132 [debug] [MainThread]: Flushing usage events
[0m17:38:10.931519 [debug] [MainThread]: An error was encountered while trying to flush usage events
[0m17:38:13.262419 [debug] [MainThread]: Sending event: {'category': 'dbt', 'action': 'invocation', 'label': 'start', 'context': [<snowplow_tracker.self_describing_json.SelfDescribingJson object at 0x7ae5e472a480>, <snowplow_tracker.self_describing_json.SelfDescribingJson object at 0x7ae5e4c7bc80>, <snowplow_tracker.self_describing_json.SelfDescribingJson object at 0x7ae5e4c79a30>]}


============================== 17:38:13.269032 | b4581fd4-24b5-41e1-8f2b-a04754b4fcb7 ==============================
[0m17:38:13.269032 [info ] [MainThread]: Running with dbt=1.9.0
[0m17:38:13.269989 [debug] [MainThread]: running dbt with arguments {'printer_width': '80', 'indirect_selection': 'eager', 'write_json': 'True', 'log_cache_events': 'False', 'partial_parse': 'True', 'cache_selected_only': 'False', 'profiles_dir': '/usr/app', 'debug': 'False', 'fail_fast': 'False', 'log_path': '/usr/app/logs', 'version_check': 'True', 'warn_error': 'None', 'use_colors': 'True', 'use_experimental_parser': 'False', 'empty': 'False', 'quiet': 'False', 'no_print': 'None', 'log_format': 'default', 'invocation_command': 'dbt run', 'introspect': 'True', 'static_parser': 'True', 'target_path': 'None', 'warn_error_options': 'WarnErrorOptions(include=[], exclude=[])', 'send_anonymous_usage_stats': 'True'}
[0m17:38:13.457122 [debug] [MainThread]: Sending event: {'category': 'dbt', 'action': 'project_id', 'label': 'b4581fd4-24b5-41e1-8f2b-a04754b4fcb7', 'context': [<snowplow_tracker.self_describing_json.SelfDescribingJson object at 0x7ae5e4cfe270>]}
[0m17:38:13.499871 [debug] [MainThread]: Sending event: {'category': 'dbt', 'action': 'adapter_info', 'label': 'b4581fd4-24b5-41e1-8f2b-a04754b4fcb7', 'context': [<snowplow_tracker.self_describing_json.SelfDescribingJson object at 0x7ae5e41117c0>]}
[0m17:38:13.501324 [info ] [MainThread]: Registered adapter: postgres=1.9.0
[0m17:38:13.579089 [debug] [MainThread]: checksum: c99e828bba267739642b5a3ce85f17518764ea526e0e6c4fdc649171c1a66bff, vars: {}, profile: , target: , version: 1.9.0
[0m17:38:13.654048 [info ] [MainThread]: Unable to do partial parsing because profile has changed
[0m17:38:13.655749 [debug] [MainThread]: Sending event: {'category': 'dbt', 'action': 'partial_parser', 'label': 'b4581fd4-24b5-41e1-8f2b-a04754b4fcb7', 'context': [<snowplow_tracker.self_describing_json.SelfDescribingJson object at 0x7ae5e4728440>]}
[0m17:38:14.481835 [debug] [MainThread]: Sending event: {'category': 'dbt', 'action': 'load_project', 'label': 'b4581fd4-24b5-41e1-8f2b-a04754b4fcb7', 'context': [<snowplow_tracker.self_describing_json.SelfDescribingJson object at 0x7ae5e064c830>]}
[0m17:38:14.554456 [debug] [MainThread]: Wrote artifact WritableManifest to /usr/app/target/manifest.json
[0m17:38:14.569659 [debug] [MainThread]: Wrote artifact SemanticManifest to /usr/app/target/semantic_manifest.json
[0m17:38:14.631234 [debug] [MainThread]: Sending event: {'category': 'dbt', 'action': 'resource_counts', 'label': 'b4581fd4-24b5-41e1-8f2b-a04754b4fcb7', 'context': [<snowplow_tracker.self_describing_json.SelfDescribingJson object at 0x7ae5e0640bf0>]}
[0m17:38:14.632292 [info ] [MainThread]: Found 1 model, 429 macros
[0m17:38:14.633132 [debug] [MainThread]: Sending event: {'category': 'dbt', 'action': 'runnable_timing', 'label': 'b4581fd4-24b5-41e1-8f2b-a04754b4fcb7', 'context': [<snowplow_tracker.self_describing_json.SelfDescribingJson object at 0x7ae5e2900bf0>]}
[0m17:38:14.634935 [info ] [MainThread]: 
[0m17:38:14.635905 [info ] [MainThread]: Concurrency: 1 threads (target='dev')
[0m17:38:14.636665 [info ] [MainThread]: 
[0m17:38:14.637562 [debug] [MainThread]: Acquiring new postgres connection 'master'
[0m17:38:14.638992 [debug] [ThreadPool]: Acquiring new postgres connection 'list_${DB_NAME}'
[0m17:38:14.680934 [debug] [ThreadPool]: Using postgres connection "list_${DB_NAME}"
[0m17:38:14.681866 [debug] [ThreadPool]: On list_${DB_NAME}: /* {"app": "dbt", "dbt_version": "1.9.0", "profile_name": "job_analysis", "target_name": "dev", "connection_name": "list_${DB_NAME}"} */

    select distinct nspname from pg_namespace
  
[0m17:38:14.682584 [debug] [ThreadPool]: Opening a new connection, currently in state init
[0m17:38:14.688729 [debug] [ThreadPool]: Postgres adapter: Got a retryable error when attempting to open a postgres connection.
1 attempts remaining. Retrying in 0 seconds.
Error:
connection to server at "postgres-db" (172.18.0.2), port 5432 failed: FATAL:  password authentication failed for user "${DB_USER}"

[0m17:38:14.693614 [debug] [ThreadPool]: Postgres adapter: Error running SQL: /* {"app": "dbt", "dbt_version": "1.9.0", "profile_name": "job_analysis", "target_name": "dev", "connection_name": "list_${DB_NAME}"} */

    select distinct nspname from pg_namespace
  
[0m17:38:14.694545 [debug] [ThreadPool]: Postgres adapter: Rolling back transaction.
[0m17:38:14.695202 [debug] [ThreadPool]: Postgres adapter: Error running SQL: macro list_schemas
[0m17:38:14.695766 [debug] [ThreadPool]: Postgres adapter: Rolling back transaction.
[0m17:38:14.696354 [debug] [ThreadPool]: On list_${DB_NAME}: No close available on handle
[0m17:38:14.697381 [debug] [MainThread]: Connection 'master' was properly closed.
[0m17:38:14.697987 [debug] [MainThread]: Connection 'list_${DB_NAME}' was properly closed.
[0m17:38:14.698777 [info ] [MainThread]: 
[0m17:38:14.699721 [info ] [MainThread]: Finished running  in 0 hours 0 minutes and 0.06 seconds (0.06s).
[0m17:38:14.700923 [error] [MainThread]: Encountered an error:
Database Error
  connection to server at "postgres-db" (172.18.0.2), port 5432 failed: FATAL:  password authentication failed for user "${DB_USER}"
  
[0m17:38:14.702202 [debug] [MainThread]: Resource report: {"command_name": "run", "command_success": false, "command_wall_clock_time": 1.484459, "process_in_blocks": "4432", "process_kernel_time": 0.370346, "process_mem_max_rss": "109948", "process_out_blocks": "1600", "process_user_time": 1.991112}
[0m17:38:14.703002 [debug] [MainThread]: Command `dbt run` failed at 17:38:14.702916 after 1.49 seconds
[0m17:38:14.703622 [debug] [MainThread]: Sending event: {'category': 'dbt', 'action': 'invocation', 'label': 'end', 'context': [<snowplow_tracker.self_describing_json.SelfDescribingJson object at 0x7ae5e4c79a30>, <snowplow_tracker.self_describing_json.SelfDescribingJson object at 0x7ae5e06c0860>, <snowplow_tracker.self_describing_json.SelfDescribingJson object at 0x7ae5e2900bf0>]}
[0m17:38:14.704406 [debug] [MainThread]: Flushing usage events
[0m17:38:15.117492 [debug] [MainThread]: An error was encountered while trying to flush usage events
[0m17:38:17.632060 [debug] [MainThread]: Sending event: {'category': 'dbt', 'action': 'invocation', 'label': 'start', 'context': [<snowplow_tracker.self_describing_json.SelfDescribingJson object at 0x718bb323c3b0>, <snowplow_tracker.self_describing_json.SelfDescribingJson object at 0x718bb335cbc0>, <snowplow_tracker.self_describing_json.SelfDescribingJson object at 0x718bb3c02570>]}


============================== 17:38:17.640077 | df614b38-196c-4b48-8840-c849735f9b83 ==============================
[0m17:38:17.640077 [info ] [MainThread]: Running with dbt=1.9.0
[0m17:38:17.641270 [debug] [MainThread]: running dbt with arguments {'printer_width': '80', 'indirect_selection': 'eager', 'log_cache_events': 'False', 'write_json': 'True', 'partial_parse': 'True', 'cache_selected_only': 'False', 'profiles_dir': '/usr/app', 'debug': 'False', 'fail_fast': 'False', 'log_path': '/usr/app/logs', 'version_check': 'True', 'warn_error': 'None', 'use_colors': 'True', 'use_experimental_parser': 'False', 'empty': 'None', 'quiet': 'False', 'no_print': 'None', 'warn_error_options': 'WarnErrorOptions(include=[], exclude=[])', 'invocation_command': 'dbt test', 'log_format': 'default', 'introspect': 'True', 'target_path': 'None', 'static_parser': 'True', 'send_anonymous_usage_stats': 'True'}
[0m17:38:17.828475 [debug] [MainThread]: Sending event: {'category': 'dbt', 'action': 'project_id', 'label': 'df614b38-196c-4b48-8840-c849735f9b83', 'context': [<snowplow_tracker.self_describing_json.SelfDescribingJson object at 0x718bb2ef0c50>]}
[0m17:38:17.872528 [debug] [MainThread]: Sending event: {'category': 'dbt', 'action': 'adapter_info', 'label': 'df614b38-196c-4b48-8840-c849735f9b83', 'context': [<snowplow_tracker.self_describing_json.SelfDescribingJson object at 0x718bb34257c0>]}
[0m17:38:17.873760 [info ] [MainThread]: Registered adapter: postgres=1.9.0
[0m17:38:17.957076 [debug] [MainThread]: checksum: c99e828bba267739642b5a3ce85f17518764ea526e0e6c4fdc649171c1a66bff, vars: {}, profile: , target: , version: 1.9.0
[0m17:38:18.050665 [debug] [MainThread]: Partial parsing enabled: 0 files deleted, 0 files added, 0 files changed.
[0m17:38:18.051648 [debug] [MainThread]: Partial parsing enabled, no changes found, skipping parsing
[0m17:38:18.070280 [debug] [MainThread]: Sending event: {'category': 'dbt', 'action': 'load_project', 'label': 'df614b38-196c-4b48-8840-c849735f9b83', 'context': [<snowplow_tracker.self_describing_json.SelfDescribingJson object at 0x718bb16b51c0>]}
[0m17:38:18.119945 [debug] [MainThread]: Wrote artifact WritableManifest to /usr/app/target/manifest.json
[0m17:38:18.126224 [debug] [MainThread]: Wrote artifact SemanticManifest to /usr/app/target/semantic_manifest.json
[0m17:38:18.172017 [debug] [MainThread]: Sending event: {'category': 'dbt', 'action': 'resource_counts', 'label': 'df614b38-196c-4b48-8840-c849735f9b83', 'context': [<snowplow_tracker.self_describing_json.SelfDescribingJson object at 0x718bb0f2c950>]}
[0m17:38:18.173089 [info ] [MainThread]: Found 1 model, 429 macros
[0m17:38:18.174295 [debug] [MainThread]: Sending event: {'category': 'dbt', 'action': 'runnable_timing', 'label': 'df614b38-196c-4b48-8840-c849735f9b83', 'context': [<snowplow_tracker.self_describing_json.SelfDescribingJson object at 0x718bb2f3cbc0>]}
[0m17:38:18.176432 [warn ] [MainThread]: Nothing to do. Try checking your model configs and model specification args
[0m17:38:18.178587 [debug] [MainThread]: Command end result
[0m17:38:18.206598 [debug] [MainThread]: Wrote artifact WritableManifest to /usr/app/target/manifest.json
[0m17:38:18.211750 [debug] [MainThread]: Wrote artifact SemanticManifest to /usr/app/target/semantic_manifest.json
[0m17:38:18.227715 [debug] [MainThread]: Wrote artifact RunExecutionResult to /usr/app/target/run_results.json
[0m17:38:18.229222 [debug] [MainThread]: Resource report: {"command_name": "test", "command_success": true, "command_wall_clock_time": 0.6526767, "process_in_blocks": "1968", "process_kernel_time": 0.354131, "process_mem_max_rss": "101820", "process_out_blocks": "1600", "process_user_time": 1.372755}
[0m17:38:18.230002 [debug] [MainThread]: Command `dbt test` succeeded at 17:38:18.229915 after 0.65 seconds
[0m17:38:18.230620 [debug] [MainThread]: Sending event: {'category': 'dbt', 'action': 'invocation', 'label': 'end', 'context': [<snowplow_tracker.self_describing_json.SelfDescribingJson object at 0x718bb31c7800>, <snowplow_tracker.self_describing_json.SelfDescribingJson object at 0x718bb2fb7b60>, <snowplow_tracker.self_describing_json.SelfDescribingJson object at 0x718bb2ea5a00>]}
[0m17:38:18.231232 [debug] [MainThread]: Flushing usage events
[0m17:38:18.674008 [debug] [MainThread]: An error was encountered while trying to flush usage events
[0m17:40:07.620490 [debug] [MainThread]: Sending event: {'category': 'dbt', 'action': 'invocation', 'label': 'start', 'context': [<snowplow_tracker.self_describing_json.SelfDescribingJson object at 0x794cc7024f50>, <snowplow_tracker.self_describing_json.SelfDescribingJson object at 0x794cc721d520>, <snowplow_tracker.self_describing_json.SelfDescribingJson object at 0x794cc729fbf0>]}


============================== 17:40:07.626627 | 7bbd0e4c-319c-41ca-9905-abe20d36a650 ==============================
[0m17:40:07.626627 [info ] [MainThread]: Running with dbt=1.9.0
[0m17:40:07.627714 [debug] [MainThread]: running dbt with arguments {'printer_width': '80', 'indirect_selection': 'eager', 'write_json': 'True', 'log_cache_events': 'False', 'partial_parse': 'True', 'cache_selected_only': 'False', 'warn_error': 'None', 'debug': 'False', 'version_check': 'True', 'log_path': '/usr/app/logs', 'fail_fast': 'False', 'profiles_dir': '/usr/app', 'use_colors': 'True', 'use_experimental_parser': 'False', 'no_print': 'None', 'quiet': 'False', 'empty': 'None', 'log_format': 'default', 'static_parser': 'True', 'warn_error_options': 'WarnErrorOptions(include=[], exclude=[])', 'invocation_command': 'dbt debug', 'target_path': 'None', 'introspect': 'True', 'send_anonymous_usage_stats': 'True'}
[0m17:40:07.637756 [info ] [MainThread]: dbt version: 1.9.0
[0m17:40:07.638624 [info ] [MainThread]: python version: 3.12.4
[0m17:40:07.639859 [info ] [MainThread]: python path: /usr/local/bin/python
[0m17:40:07.640726 [info ] [MainThread]: os info: Linux-6.6.114.1-microsoft-standard-WSL2-x86_64-with-glibc2.31
[0m17:40:07.643430 [error] [MainThread]: Encountered an error:
Runtime Error
  Syntax error near line 10
  ------------------------------
  7  | host: postgres-db
  8  | port: 5432
  9  | 
  10 | ```
  11 |   user: "{{ env_var('DB_USER') }}"
  12 |   password: "{{ env_var('DB_PASSWORD') }}"
  13 |   dbname: "{{ env_var('DB_NAME') }}"
  
  Raw Error:
  ------------------------------
  while scanning for the next token
  found character that cannot start any token
    in "<unicode string>", line 10, column 1
[0m17:40:07.644972 [debug] [MainThread]: Resource report: {"command_name": "debug", "command_success": false, "command_wall_clock_time": 0.048584994, "process_in_blocks": "0", "process_kernel_time": 0.273308, "process_mem_max_rss": "86704", "process_out_blocks": "1464", "process_user_time": 0.844041}
[0m17:40:07.645767 [debug] [MainThread]: Command `dbt debug` failed at 17:40:07.645681 after 0.05 seconds
[0m17:40:07.646391 [debug] [MainThread]: Sending event: {'category': 'dbt', 'action': 'invocation', 'label': 'end', 'context': [<snowplow_tracker.self_describing_json.SelfDescribingJson object at 0x794cc709aae0>, <snowplow_tracker.self_describing_json.SelfDescribingJson object at 0x794cc721d520>, <snowplow_tracker.self_describing_json.SelfDescribingJson object at 0x794cc721c770>]}
[0m17:40:07.647242 [debug] [MainThread]: Flushing usage events
[0m17:40:08.131844 [debug] [MainThread]: An error was encountered while trying to flush usage events
[0m17:40:54.740486 [debug] [MainThread]: Sending event: {'category': 'dbt', 'action': 'invocation', 'label': 'start', 'context': [<snowplow_tracker.self_describing_json.SelfDescribingJson object at 0x714c47d9c3b0>, <snowplow_tracker.self_describing_json.SelfDescribingJson object at 0x714c479eb770>, <snowplow_tracker.self_describing_json.SelfDescribingJson object at 0x714c479ebbf0>]}


============================== 17:40:54.746244 | 2f2059c0-6508-458a-a1d5-91ed6854d296 ==============================
[0m17:40:54.746244 [info ] [MainThread]: Running with dbt=1.9.0
[0m17:40:54.747324 [debug] [MainThread]: running dbt with arguments {'printer_width': '80', 'indirect_selection': 'eager', 'write_json': 'True', 'log_cache_events': 'False', 'partial_parse': 'True', 'cache_selected_only': 'False', 'warn_error': 'None', 'version_check': 'True', 'profiles_dir': '/usr/app', 'log_path': '/usr/app/logs', 'fail_fast': 'False', 'debug': 'False', 'use_colors': 'True', 'use_experimental_parser': 'False', 'no_print': 'None', 'quiet': 'False', 'empty': 'None', 'log_format': 'default', 'introspect': 'True', 'invocation_command': 'dbt debug', 'static_parser': 'True', 'target_path': 'None', 'warn_error_options': 'WarnErrorOptions(include=[], exclude=[])', 'send_anonymous_usage_stats': 'True'}
[0m17:40:54.754930 [info ] [MainThread]: dbt version: 1.9.0
[0m17:40:54.755850 [info ] [MainThread]: python version: 3.12.4
[0m17:40:54.756632 [info ] [MainThread]: python path: /usr/local/bin/python
[0m17:40:54.757357 [info ] [MainThread]: os info: Linux-6.6.114.1-microsoft-standard-WSL2-x86_64-with-glibc2.31
[0m17:40:54.761227 [error] [MainThread]: Encountered an error:
Runtime Error
  Syntax error near line 10
  ------------------------------
  7  | host: postgres-db
  8  | port: 5432
  9  | 
  10 |   user: "{{ env_var('DB_USER') }}"
  11 |   password: "{{ env_var('DB_PASSWORD') }}"
  12 |   dbname: "{{ env_var('DB_NAME') }}"
  13 | 
  
  Raw Error:
  ------------------------------
  mapping values are not allowed in this context
    in "<unicode string>", line 10, column 7
[0m17:40:54.762773 [debug] [MainThread]: Resource report: {"command_name": "debug", "command_success": false, "command_wall_clock_time": 0.043739375, "process_in_blocks": "0", "process_kernel_time": 0.260258, "process_mem_max_rss": "86992", "process_out_blocks": "1464", "process_user_time": 0.812806}
[0m17:40:54.763575 [debug] [MainThread]: Command `dbt debug` failed at 17:40:54.763486 after 0.04 seconds
[0m17:40:54.764134 [debug] [MainThread]: Sending event: {'category': 'dbt', 'action': 'invocation', 'label': 'end', 'context': [<snowplow_tracker.self_describing_json.SelfDescribingJson object at 0x714c47d9c3b0>, <snowplow_tracker.self_describing_json.SelfDescribingJson object at 0x714c47905be0>, <snowplow_tracker.self_describing_json.SelfDescribingJson object at 0x714c47769b50>]}
[0m17:40:54.764686 [debug] [MainThread]: Flushing usage events
[0m17:40:55.192419 [debug] [MainThread]: An error was encountered while trying to flush usage events
[0m17:41:55.509461 [debug] [MainThread]: Sending event: {'category': 'dbt', 'action': 'invocation', 'label': 'start', 'context': [<snowplow_tracker.self_describing_json.SelfDescribingJson object at 0x79ff98d9a3c0>, <snowplow_tracker.self_describing_json.SelfDescribingJson object at 0x79ff976bdc40>, <snowplow_tracker.self_describing_json.SelfDescribingJson object at 0x79ff97327290>]}


============================== 17:41:55.516004 | 3d63c895-3c85-4267-874b-2ccaf0a5b223 ==============================
[0m17:41:55.516004 [info ] [MainThread]: Running with dbt=1.9.0
[0m17:41:55.517268 [debug] [MainThread]: running dbt with arguments {'printer_width': '80', 'indirect_selection': 'eager', 'write_json': 'True', 'log_cache_events': 'False', 'partial_parse': 'True', 'cache_selected_only': 'False', 'warn_error': 'None', 'fail_fast': 'False', 'profiles_dir': '/usr/app', 'log_path': '/usr/app/logs', 'version_check': 'True', 'debug': 'False', 'use_colors': 'True', 'use_experimental_parser': 'False', 'empty': 'None', 'quiet': 'False', 'no_print': 'None', 'warn_error_options': 'WarnErrorOptions(include=[], exclude=[])', 'static_parser': 'True', 'invocation_command': 'dbt debug', 'introspect': 'True', 'target_path': 'None', 'log_format': 'default', 'send_anonymous_usage_stats': 'True'}
[0m17:41:55.571537 [info ] [MainThread]: dbt version: 1.9.0
[0m17:41:55.572802 [info ] [MainThread]: python version: 3.12.4
[0m17:41:55.573731 [info ] [MainThread]: python path: /usr/local/bin/python
[0m17:41:55.574931 [info ] [MainThread]: os info: Linux-6.6.114.1-microsoft-standard-WSL2-x86_64-with-glibc2.31
[0m17:41:55.585281 [info ] [MainThread]: Using profiles dir at /usr/app
[0m17:41:55.586153 [info ] [MainThread]: Using profiles.yml file at /usr/app/profiles.yml
[0m17:41:55.586909 [info ] [MainThread]: Using dbt_project.yml file at /usr/app/dbt_project.yml
[0m17:41:55.651408 [info ] [MainThread]: Configuration:
[0m17:41:55.652703 [info ] [MainThread]:   profiles.yml file [[31mERROR invalid[0m]
[0m17:41:55.653746 [info ] [MainThread]:   dbt_project.yml file [[32mOK found and valid[0m]
[0m17:41:55.654499 [info ] [MainThread]: Required dependencies:
[0m17:41:55.655246 [debug] [MainThread]: Executing "git --help"
[0m17:41:55.658485 [debug] [MainThread]: STDOUT: "b"usage: git [--version] [--help] [-C <path>] [-c <name>=<value>]\n           [--exec-path[=<path>]] [--html-path] [--man-path] [--info-path]\n           [-p | --paginate | -P | --no-pager] [--no-replace-objects] [--bare]\n           [--git-dir=<path>] [--work-tree=<path>] [--namespace=<name>]\n           <command> [<args>]\n\nThese are common Git commands used in various situations:\n\nstart a working area (see also: git help tutorial)\n   clone             Clone a repository into a new directory\n   init              Create an empty Git repository or reinitialize an existing one\n\nwork on the current change (see also: git help everyday)\n   add               Add file contents to the index\n   mv                Move or rename a file, a directory, or a symlink\n   restore           Restore working tree files\n   rm                Remove files from the working tree and from the index\n   sparse-checkout   Initialize and modify the sparse-checkout\n\nexamine the history and state (see also: git help revisions)\n   bisect            Use binary search to find the commit that introduced a bug\n   diff              Show changes between commits, commit and working tree, etc\n   grep              Print lines matching a pattern\n   log               Show commit logs\n   show              Show various types of objects\n   status            Show the working tree status\n\ngrow, mark and tweak your common history\n   branch            List, create, or delete branches\n   commit            Record changes to the repository\n   merge             Join two or more development histories together\n   rebase            Reapply commits on top of another base tip\n   reset             Reset current HEAD to the specified state\n   switch            Switch branches\n   tag               Create, list, delete or verify a tag object signed with GPG\n\ncollaborate (see also: git help workflows)\n   fetch             Download objects and refs from another repository\n   pull              Fetch from and integrate with another repository or a local branch\n   push              Update remote refs along with associated objects\n\n'git help -a' and 'git help -g' list available subcommands and some\nconcept guides. See 'git help <command>' or 'git help <concept>'\nto read about a specific subcommand or concept.\nSee 'git help git' for an overview of the system.\n""
[0m17:41:55.659298 [debug] [MainThread]: STDERR: "b''"
[0m17:41:55.659868 [info ] [MainThread]:  - git [[32mOK found[0m]

[0m17:41:55.660594 [info ] [MainThread]: Connection test skipped since no profile was found
[0m17:41:55.661333 [info ] [MainThread]: [31m1 check failed:[0m
[0m17:41:55.662378 [info ] [MainThread]: Profile loading failed for the following reason:
Runtime Error
  
  dbt encountered an error while trying to read your profiles.yml file.
  
  Profile job_analysis in profiles.yml is empty
  


[0m17:41:55.663670 [debug] [MainThread]: Resource report: {"command_name": "debug", "command_success": false, "command_wall_clock_time": 0.20936823, "process_in_blocks": "0", "process_kernel_time": 0.322152, "process_mem_max_rss": "88876", "process_out_blocks": "1464", "process_user_time": 0.906799}
[0m17:41:55.664493 [debug] [MainThread]: Command `dbt debug` failed at 17:41:55.664354 after 0.21 seconds
[0m17:41:55.665143 [debug] [MainThread]: Sending event: {'category': 'dbt', 'action': 'invocation', 'label': 'end', 'context': [<snowplow_tracker.self_describing_json.SelfDescribingJson object at 0x79ff97378770>, <snowplow_tracker.self_describing_json.SelfDescribingJson object at 0x79ff96fff950>, <snowplow_tracker.self_describing_json.SelfDescribingJson object at 0x79ff97117f80>]}
[0m17:41:55.665830 [debug] [MainThread]: Flushing usage events
[0m17:41:56.141485 [debug] [MainThread]: An error was encountered while trying to flush usage events
[0m17:42:29.891710 [debug] [MainThread]: Sending event: {'category': 'dbt', 'action': 'invocation', 'label': 'start', 'context': [<snowplow_tracker.self_describing_json.SelfDescribingJson object at 0x7b2017708ef0>, <snowplow_tracker.self_describing_json.SelfDescribingJson object at 0x7b2018d83800>, <snowplow_tracker.self_describing_json.SelfDescribingJson object at 0x7b2017124cb0>]}


============================== 17:42:29.898594 | 972a63ce-2936-479c-9575-dc0f49f8adc3 ==============================
[0m17:42:29.898594 [info ] [MainThread]: Running with dbt=1.9.0
[0m17:42:29.899470 [debug] [MainThread]: running dbt with arguments {'printer_width': '80', 'indirect_selection': 'eager', 'log_cache_events': 'False', 'write_json': 'True', 'partial_parse': 'True', 'cache_selected_only': 'False', 'profiles_dir': '/usr/app', 'debug': 'False', 'fail_fast': 'False', 'log_path': '/usr/app/logs', 'warn_error': 'None', 'version_check': 'True', 'use_colors': 'True', 'use_experimental_parser': 'False', 'empty': 'None', 'quiet': 'False', 'no_print': 'None', 'warn_error_options': 'WarnErrorOptions(include=[], exclude=[])', 'invocation_command': 'dbt init', 'introspect': 'True', 'static_parser': 'True', 'target_path': 'None', 'log_format': 'default', 'send_anonymous_usage_stats': 'True'}
[0m17:42:29.957736 [info ] [MainThread]: Setting up your profile.
[0m17:44:53.315840 [info ] [MainThread]: Profile job_analysis written to /usr/app/profiles.yml using target's profile_template.yml and your supplied values. Run 'dbt debug' to validate the connection.
[0m17:44:53.319933 [debug] [MainThread]: Resource report: {"command_name": "init", "command_success": true, "command_wall_clock_time": 143.48215, "process_in_blocks": "136", "process_kernel_time": 0.262302, "process_mem_max_rss": "92528", "process_out_blocks": "1464", "process_user_time": 1.037465}
[0m17:44:53.321554 [debug] [MainThread]: Command `dbt init` succeeded at 17:44:53.321363 after 143.48 seconds
[0m17:44:53.322944 [debug] [MainThread]: Sending event: {'category': 'dbt', 'action': 'invocation', 'label': 'end', 'context': [<snowplow_tracker.self_describing_json.SelfDescribingJson object at 0x7b2016d916a0>, <snowplow_tracker.self_describing_json.SelfDescribingJson object at 0x7b2016aab170>, <snowplow_tracker.self_describing_json.SelfDescribingJson object at 0x7b2016dc9be0>]}
[0m17:44:53.324284 [debug] [MainThread]: Flushing usage events
[0m17:44:53.813901 [debug] [MainThread]: An error was encountered while trying to flush usage events
[0m17:45:08.216222 [debug] [MainThread]: Sending event: {'category': 'dbt', 'action': 'invocation', 'label': 'start', 'context': [<snowplow_tracker.self_describing_json.SelfDescribingJson object at 0x7601ef572060>, <snowplow_tracker.self_describing_json.SelfDescribingJson object at 0x7601ee8b3170>, <snowplow_tracker.self_describing_json.SelfDescribingJson object at 0x7601ef571820>]}


============================== 17:45:08.223281 | 58c958e5-b131-4a3f-9a51-d22301b6ce2f ==============================
[0m17:45:08.223281 [info ] [MainThread]: Running with dbt=1.9.0
[0m17:45:08.224457 [debug] [MainThread]: running dbt with arguments {'printer_width': '80', 'indirect_selection': 'eager', 'log_cache_events': 'False', 'write_json': 'True', 'partial_parse': 'True', 'cache_selected_only': 'False', 'warn_error': 'None', 'debug': 'False', 'profiles_dir': '/usr/app', 'log_path': '/usr/app/logs', 'version_check': 'True', 'fail_fast': 'False', 'use_colors': 'True', 'use_experimental_parser': 'False', 'empty': 'None', 'quiet': 'False', 'no_print': 'None', 'log_format': 'default', 'static_parser': 'True', 'introspect': 'True', 'invocation_command': 'dbt debug', 'target_path': 'None', 'warn_error_options': 'WarnErrorOptions(include=[], exclude=[])', 'send_anonymous_usage_stats': 'True'}
[0m17:45:08.278748 [info ] [MainThread]: dbt version: 1.9.0
[0m17:45:08.279660 [info ] [MainThread]: python version: 3.12.4
[0m17:45:08.280750 [info ] [MainThread]: python path: /usr/local/bin/python
[0m17:45:08.281530 [info ] [MainThread]: os info: Linux-6.6.114.1-microsoft-standard-WSL2-x86_64-with-glibc2.31
[0m17:45:08.335546 [info ] [MainThread]: Using profiles dir at /usr/app
[0m17:45:08.337555 [info ] [MainThread]: Using profiles.yml file at /usr/app/profiles.yml
[0m17:45:08.338862 [info ] [MainThread]: Using dbt_project.yml file at /usr/app/dbt_project.yml
[0m17:45:08.339849 [info ] [MainThread]: adapter type: postgres
[0m17:45:08.340541 [info ] [MainThread]: adapter version: 1.9.0
[0m17:45:08.421728 [info ] [MainThread]: Configuration:
[0m17:45:08.423171 [info ] [MainThread]:   profiles.yml file [[32mOK found and valid[0m]
[0m17:45:08.423932 [info ] [MainThread]:   dbt_project.yml file [[32mOK found and valid[0m]
[0m17:45:08.424656 [info ] [MainThread]: Required dependencies:
[0m17:45:08.425896 [debug] [MainThread]: Executing "git --help"
[0m17:45:08.429023 [debug] [MainThread]: STDOUT: "b"usage: git [--version] [--help] [-C <path>] [-c <name>=<value>]\n           [--exec-path[=<path>]] [--html-path] [--man-path] [--info-path]\n           [-p | --paginate | -P | --no-pager] [--no-replace-objects] [--bare]\n           [--git-dir=<path>] [--work-tree=<path>] [--namespace=<name>]\n           <command> [<args>]\n\nThese are common Git commands used in various situations:\n\nstart a working area (see also: git help tutorial)\n   clone             Clone a repository into a new directory\n   init              Create an empty Git repository or reinitialize an existing one\n\nwork on the current change (see also: git help everyday)\n   add               Add file contents to the index\n   mv                Move or rename a file, a directory, or a symlink\n   restore           Restore working tree files\n   rm                Remove files from the working tree and from the index\n   sparse-checkout   Initialize and modify the sparse-checkout\n\nexamine the history and state (see also: git help revisions)\n   bisect            Use binary search to find the commit that introduced a bug\n   diff              Show changes between commits, commit and working tree, etc\n   grep              Print lines matching a pattern\n   log               Show commit logs\n   show              Show various types of objects\n   status            Show the working tree status\n\ngrow, mark and tweak your common history\n   branch            List, create, or delete branches\n   commit            Record changes to the repository\n   merge             Join two or more development histories together\n   rebase            Reapply commits on top of another base tip\n   reset             Reset current HEAD to the specified state\n   switch            Switch branches\n   tag               Create, list, delete or verify a tag object signed with GPG\n\ncollaborate (see also: git help workflows)\n   fetch             Download objects and refs from another repository\n   pull              Fetch from and integrate with another repository or a local branch\n   push              Update remote refs along with associated objects\n\n'git help -a' and 'git help -g' list available subcommands and some\nconcept guides. See 'git help <command>' or 'git help <concept>'\nto read about a specific subcommand or concept.\nSee 'git help git' for an overview of the system.\n""
[0m17:45:08.430293 [debug] [MainThread]: STDERR: "b''"
[0m17:45:08.431011 [info ] [MainThread]:  - git [[32mOK found[0m]

[0m17:45:08.431875 [info ] [MainThread]: Connection:
[0m17:45:08.432751 [info ] [MainThread]:   host: postgres
[0m17:45:08.433593 [info ] [MainThread]:   port: 5432
[0m17:45:08.434925 [info ] [MainThread]:   user: postgres
[0m17:45:08.435964 [info ] [MainThread]:   database: Job_Analysis
[0m17:45:08.436933 [info ] [MainThread]:   schema: public
[0m17:45:08.437807 [info ] [MainThread]:   connect_timeout: 10
[0m17:45:08.438597 [info ] [MainThread]:   role: None
[0m17:45:08.439384 [info ] [MainThread]:   search_path: None
[0m17:45:08.440122 [info ] [MainThread]:   keepalives_idle: 0
[0m17:45:08.442251 [info ] [MainThread]:   sslmode: None
[0m17:45:08.443151 [info ] [MainThread]:   sslcert: None
[0m17:45:08.443986 [info ] [MainThread]:   sslkey: None
[0m17:45:08.445402 [info ] [MainThread]:   sslrootcert: None
[0m17:45:08.446259 [info ] [MainThread]:   application_name: dbt
[0m17:45:08.447335 [info ] [MainThread]:   retries: 1
[0m17:45:08.448314 [info ] [MainThread]: Registered adapter: postgres=1.9.0
[0m17:45:08.517434 [debug] [MainThread]: Acquiring new postgres connection 'debug'
[0m17:45:08.562015 [debug] [MainThread]: Using postgres connection "debug"
[0m17:45:08.563249 [debug] [MainThread]: On debug: select 1 as id
[0m17:45:08.563970 [debug] [MainThread]: Opening a new connection, currently in state init
[0m17:45:12.560219 [debug] [MainThread]: Postgres adapter: Got a retryable error when attempting to open a postgres connection.
1 attempts remaining. Retrying in 0 seconds.
Error:
could not translate host name "postgres" to address: Name or service not known

[0m17:45:16.401829 [debug] [MainThread]: Postgres adapter: Error running SQL: select 1 as id
[0m17:45:16.403534 [debug] [MainThread]: Postgres adapter: Rolling back transaction.
[0m17:45:16.404293 [debug] [MainThread]: On debug: No close available on handle
[0m17:45:16.405307 [info ] [MainThread]:   Connection test: [[31mERROR[0m]

[0m17:45:16.406023 [info ] [MainThread]: [31m1 check failed:[0m
[0m17:45:16.406857 [info ] [MainThread]: dbt was unable to connect to the specified database.
The database returned the following error:

  >Database Error
  could not translate host name "postgres" to address: Name or service not known
  

Check your database credentials and try again. For more information, visit:
https://docs.getdbt.com/docs/configure-your-profile


[0m17:45:16.410465 [debug] [MainThread]: Resource report: {"command_name": "debug", "command_success": false, "command_wall_clock_time": 8.24121, "process_in_blocks": "0", "process_kernel_time": 0.371535, "process_mem_max_rss": "99692", "process_out_blocks": "1488", "process_user_time": 1.165987}
[0m17:45:16.411705 [debug] [MainThread]: Command `dbt debug` failed at 17:45:16.411618 after 8.24 seconds
[0m17:45:16.412361 [debug] [MainThread]: Connection 'debug' was properly closed.
[0m17:45:16.412910 [debug] [MainThread]: Sending event: {'category': 'dbt', 'action': 'invocation', 'label': 'end', 'context': [<snowplow_tracker.self_describing_json.SelfDescribingJson object at 0x7601ef5f2570>, <snowplow_tracker.self_describing_json.SelfDescribingJson object at 0x7601ecd66270>, <snowplow_tracker.self_describing_json.SelfDescribingJson object at 0x7601ee6e6390>]}
[0m17:45:16.413558 [debug] [MainThread]: Flushing usage events
[0m17:45:16.847724 [debug] [MainThread]: An error was encountered while trying to flush usage events
[0m17:47:22.489766 [debug] [MainThread]: Sending event: {'category': 'dbt', 'action': 'invocation', 'label': 'start', 'context': [<snowplow_tracker.self_describing_json.SelfDescribingJson object at 0x707dea21b860>, <snowplow_tracker.self_describing_json.SelfDescribingJson object at 0x707deb933e00>, <snowplow_tracker.self_describing_json.SelfDescribingJson object at 0x707dea21b980>]}


============================== 17:47:22.497346 | 56a91e3a-eaf8-49b6-b4cb-a5a95e9f8b88 ==============================
[0m17:47:22.497346 [info ] [MainThread]: Running with dbt=1.9.0
[0m17:47:22.498571 [debug] [MainThread]: running dbt with arguments {'printer_width': '80', 'indirect_selection': 'eager', 'log_cache_events': 'False', 'write_json': 'True', 'partial_parse': 'True', 'cache_selected_only': 'False', 'profiles_dir': '/usr/app', 'debug': 'False', 'version_check': 'True', 'log_path': '/usr/app/logs', 'fail_fast': 'False', 'warn_error': 'None', 'use_colors': 'True', 'use_experimental_parser': 'False', 'empty': 'None', 'quiet': 'False', 'no_print': 'None', 'warn_error_options': 'WarnErrorOptions(include=[], exclude=[])', 'static_parser': 'True', 'introspect': 'True', 'invocation_command': 'dbt init', 'target_path': 'None', 'log_format': 'default', 'send_anonymous_usage_stats': 'True'}
[0m17:47:22.557772 [info ] [MainThread]: Setting up your profile.
[0m17:49:46.355235 [info ] [MainThread]: Profile job_analysis written to /usr/app/profiles.yml using target's profile_template.yml and your supplied values. Run 'dbt debug' to validate the connection.
[0m17:49:46.358066 [debug] [MainThread]: Resource report: {"command_name": "init", "command_success": true, "command_wall_clock_time": 143.92188, "process_in_blocks": "40", "process_kernel_time": 0.263452, "process_mem_max_rss": "92876", "process_out_blocks": "1464", "process_user_time": 1.005909}
[0m17:49:46.359290 [debug] [MainThread]: Command `dbt init` succeeded at 17:49:46.359142 after 143.92 seconds
[0m17:49:46.360217 [debug] [MainThread]: Sending event: {'category': 'dbt', 'action': 'invocation', 'label': 'end', 'context': [<snowplow_tracker.self_describing_json.SelfDescribingJson object at 0x707de97cd0a0>, <snowplow_tracker.self_describing_json.SelfDescribingJson object at 0x707de964db50>, <snowplow_tracker.self_describing_json.SelfDescribingJson object at 0x707de9cca660>]}
[0m17:49:46.361876 [debug] [MainThread]: Flushing usage events
[0m17:49:47.021442 [debug] [MainThread]: An error was encountered while trying to flush usage events
[0m17:49:54.563942 [debug] [MainThread]: Sending event: {'category': 'dbt', 'action': 'invocation', 'label': 'start', 'context': [<snowplow_tracker.self_describing_json.SelfDescribingJson object at 0x70ed0995c4a0>, <snowplow_tracker.self_describing_json.SelfDescribingJson object at 0x70ed0b3fe660>, <snowplow_tracker.self_describing_json.SelfDescribingJson object at 0x70ed0b294ef0>]}


============================== 17:49:54.578877 | 904a72b1-a687-4b79-afae-e0b84fdc1201 ==============================
[0m17:49:54.578877 [info ] [MainThread]: Running with dbt=1.9.0
[0m17:49:54.579925 [debug] [MainThread]: running dbt with arguments {'printer_width': '80', 'indirect_selection': 'eager', 'write_json': 'True', 'log_cache_events': 'False', 'partial_parse': 'True', 'cache_selected_only': 'False', 'profiles_dir': '/usr/app', 'debug': 'False', 'version_check': 'True', 'log_path': '/usr/app/logs', 'fail_fast': 'False', 'warn_error': 'None', 'use_colors': 'True', 'use_experimental_parser': 'False', 'empty': 'None', 'quiet': 'False', 'no_print': 'None', 'log_format': 'default', 'static_parser': 'True', 'introspect': 'True', 'invocation_command': 'dbt debug', 'target_path': 'None', 'warn_error_options': 'WarnErrorOptions(include=[], exclude=[])', 'send_anonymous_usage_stats': 'True'}
[0m17:49:54.657562 [info ] [MainThread]: dbt version: 1.9.0
[0m17:49:54.659094 [info ] [MainThread]: python version: 3.12.4
[0m17:49:54.660178 [info ] [MainThread]: python path: /usr/local/bin/python
[0m17:49:54.660908 [info ] [MainThread]: os info: Linux-6.6.114.1-microsoft-standard-WSL2-x86_64-with-glibc2.31
[0m17:49:54.746702 [info ] [MainThread]: Using profiles dir at /usr/app
[0m17:49:54.748047 [info ] [MainThread]: Using profiles.yml file at /usr/app/profiles.yml
[0m17:49:54.749245 [info ] [MainThread]: Using dbt_project.yml file at /usr/app/dbt_project.yml
[0m17:49:54.750732 [info ] [MainThread]: adapter type: postgres
[0m17:49:54.751461 [info ] [MainThread]: adapter version: 1.9.0
[0m17:49:54.837936 [info ] [MainThread]: Configuration:
[0m17:49:54.839231 [info ] [MainThread]:   profiles.yml file [[32mOK found and valid[0m]
[0m17:49:54.840057 [info ] [MainThread]:   dbt_project.yml file [[32mOK found and valid[0m]
[0m17:49:54.841329 [info ] [MainThread]: Required dependencies:
[0m17:49:54.842506 [debug] [MainThread]: Executing "git --help"
[0m17:49:54.854434 [debug] [MainThread]: STDOUT: "b"usage: git [--version] [--help] [-C <path>] [-c <name>=<value>]\n           [--exec-path[=<path>]] [--html-path] [--man-path] [--info-path]\n           [-p | --paginate | -P | --no-pager] [--no-replace-objects] [--bare]\n           [--git-dir=<path>] [--work-tree=<path>] [--namespace=<name>]\n           <command> [<args>]\n\nThese are common Git commands used in various situations:\n\nstart a working area (see also: git help tutorial)\n   clone             Clone a repository into a new directory\n   init              Create an empty Git repository or reinitialize an existing one\n\nwork on the current change (see also: git help everyday)\n   add               Add file contents to the index\n   mv                Move or rename a file, a directory, or a symlink\n   restore           Restore working tree files\n   rm                Remove files from the working tree and from the index\n   sparse-checkout   Initialize and modify the sparse-checkout\n\nexamine the history and state (see also: git help revisions)\n   bisect            Use binary search to find the commit that introduced a bug\n   diff              Show changes between commits, commit and working tree, etc\n   grep              Print lines matching a pattern\n   log               Show commit logs\n   show              Show various types of objects\n   status            Show the working tree status\n\ngrow, mark and tweak your common history\n   branch            List, create, or delete branches\n   commit            Record changes to the repository\n   merge             Join two or more development histories together\n   rebase            Reapply commits on top of another base tip\n   reset             Reset current HEAD to the specified state\n   switch            Switch branches\n   tag               Create, list, delete or verify a tag object signed with GPG\n\ncollaborate (see also: git help workflows)\n   fetch             Download objects and refs from another repository\n   pull              Fetch from and integrate with another repository or a local branch\n   push              Update remote refs along with associated objects\n\n'git help -a' and 'git help -g' list available subcommands and some\nconcept guides. See 'git help <command>' or 'git help <concept>'\nto read about a specific subcommand or concept.\nSee 'git help git' for an overview of the system.\n""
[0m17:49:54.855531 [debug] [MainThread]: STDERR: "b''"
[0m17:49:54.856189 [info ] [MainThread]:  - git [[32mOK found[0m]

[0m17:49:54.857167 [info ] [MainThread]: Connection:
[0m17:49:54.858380 [info ] [MainThread]:   host: postgres-db
[0m17:49:54.859355 [info ] [MainThread]:   port: 5432
[0m17:49:54.860134 [info ] [MainThread]:   user: postgres
[0m17:49:54.861186 [info ] [MainThread]:   database: Job_Analysis
[0m17:49:54.862169 [info ] [MainThread]:   schema: public
[0m17:49:54.862958 [info ] [MainThread]:   connect_timeout: 10
[0m17:49:54.863725 [info ] [MainThread]:   role: None
[0m17:49:54.864618 [info ] [MainThread]:   search_path: None
[0m17:49:54.866055 [info ] [MainThread]:   keepalives_idle: 0
[0m17:49:54.867018 [info ] [MainThread]:   sslmode: None
[0m17:49:54.868065 [info ] [MainThread]:   sslcert: None
[0m17:49:54.869159 [info ] [MainThread]:   sslkey: None
[0m17:49:54.870729 [info ] [MainThread]:   sslrootcert: None
[0m17:49:54.871702 [info ] [MainThread]:   application_name: dbt
[0m17:49:54.872487 [info ] [MainThread]:   retries: 1
[0m17:49:54.874047 [info ] [MainThread]: Registered adapter: postgres=1.9.0
[0m17:49:54.945514 [debug] [MainThread]: Acquiring new postgres connection 'debug'
[0m17:49:54.983131 [debug] [MainThread]: Using postgres connection "debug"
[0m17:49:54.984391 [debug] [MainThread]: On debug: select 1 as id
[0m17:49:54.985208 [debug] [MainThread]: Opening a new connection, currently in state init
[0m17:49:55.033005 [debug] [MainThread]: SQL status: SELECT 1 in 0.048 seconds
[0m17:49:55.034724 [debug] [MainThread]: On debug: Close
[0m17:49:55.035746 [info ] [MainThread]:   Connection test: [[32mOK connection ok[0m]

[0m17:49:55.036654 [info ] [MainThread]: [32mAll checks passed![0m
[0m17:49:55.041504 [debug] [MainThread]: Resource report: {"command_name": "debug", "command_success": true, "command_wall_clock_time": 0.5368755, "process_in_blocks": "59864", "process_kernel_time": 0.777936, "process_mem_max_rss": "101288", "process_out_blocks": "1488", "process_user_time": 1.39314}
[0m17:49:55.043046 [debug] [MainThread]: Command `dbt debug` succeeded at 17:49:55.042894 after 0.54 seconds
[0m17:49:55.043923 [debug] [MainThread]: Connection 'debug' was properly closed.
[0m17:49:55.045004 [debug] [MainThread]: Sending event: {'category': 'dbt', 'action': 'invocation', 'label': 'end', 'context': [<snowplow_tracker.self_describing_json.SelfDescribingJson object at 0x70ed0957c9e0>, <snowplow_tracker.self_describing_json.SelfDescribingJson object at 0x70ed0b53cdd0>, <snowplow_tracker.self_describing_json.SelfDescribingJson object at 0x70ed0a17bc80>]}
[0m17:49:55.046049 [debug] [MainThread]: Flushing usage events
[0m17:49:55.464513 [debug] [MainThread]: An error was encountered while trying to flush usage events
[0m17:50:25.392604 [debug] [MainThread]: Sending event: {'category': 'dbt', 'action': 'invocation', 'label': 'start', 'context': [<snowplow_tracker.self_describing_json.SelfDescribingJson object at 0x777ff4640800>, <snowplow_tracker.self_describing_json.SelfDescribingJson object at 0x777ff4640f20>, <snowplow_tracker.self_describing_json.SelfDescribingJson object at 0x777ff46405c0>]}


============================== 17:50:25.400207 | 3650804d-1c14-4c4c-9c8c-9e1c4d4a2b87 ==============================
[0m17:50:25.400207 [info ] [MainThread]: Running with dbt=1.9.0
[0m17:50:25.401274 [debug] [MainThread]: running dbt with arguments {'printer_width': '80', 'indirect_selection': 'eager', 'log_cache_events': 'False', 'write_json': 'True', 'partial_parse': 'True', 'cache_selected_only': 'False', 'warn_error': 'None', 'fail_fast': 'False', 'debug': 'False', 'log_path': '/usr/app/logs', 'profiles_dir': '/usr/app', 'version_check': 'True', 'use_colors': 'True', 'use_experimental_parser': 'False', 'no_print': 'None', 'quiet': 'False', 'empty': 'False', 'warn_error_options': 'WarnErrorOptions(include=[], exclude=[])', 'invocation_command': 'dbt run', 'introspect': 'True', 'log_format': 'default', 'target_path': 'None', 'static_parser': 'True', 'send_anonymous_usage_stats': 'True'}
[0m17:50:25.579786 [debug] [MainThread]: Sending event: {'category': 'dbt', 'action': 'project_id', 'label': '3650804d-1c14-4c4c-9c8c-9e1c4d4a2b87', 'context': [<snowplow_tracker.self_describing_json.SelfDescribingJson object at 0x777ff46b66f0>]}
[0m17:50:25.622693 [debug] [MainThread]: Sending event: {'category': 'dbt', 'action': 'adapter_info', 'label': '3650804d-1c14-4c4c-9c8c-9e1c4d4a2b87', 'context': [<snowplow_tracker.self_describing_json.SelfDescribingJson object at 0x777ff2cfc830>]}
[0m17:50:25.624332 [info ] [MainThread]: Registered adapter: postgres=1.9.0
[0m17:50:25.700775 [debug] [MainThread]: checksum: c99e828bba267739642b5a3ce85f17518764ea526e0e6c4fdc649171c1a66bff, vars: {}, profile: , target: , version: 1.9.0
[0m17:50:25.758658 [info ] [MainThread]: Unable to do partial parsing because profile has changed
[0m17:50:25.760437 [debug] [MainThread]: Sending event: {'category': 'dbt', 'action': 'partial_parser', 'label': '3650804d-1c14-4c4c-9c8c-9e1c4d4a2b87', 'context': [<snowplow_tracker.self_describing_json.SelfDescribingJson object at 0x777ff2bc8470>]}
[0m17:50:26.418747 [debug] [MainThread]: Sending event: {'category': 'dbt', 'action': 'load_project', 'label': '3650804d-1c14-4c4c-9c8c-9e1c4d4a2b87', 'context': [<snowplow_tracker.self_describing_json.SelfDescribingJson object at 0x777ff2bcb5f0>]}
[0m17:50:26.470342 [debug] [MainThread]: Wrote artifact WritableManifest to /usr/app/target/manifest.json
[0m17:50:26.478370 [debug] [MainThread]: Wrote artifact SemanticManifest to /usr/app/target/semantic_manifest.json
[0m17:50:26.514390 [debug] [MainThread]: Sending event: {'category': 'dbt', 'action': 'resource_counts', 'label': '3650804d-1c14-4c4c-9c8c-9e1c4d4a2b87', 'context': [<snowplow_tracker.self_describing_json.SelfDescribingJson object at 0x777ff297ca40>]}
[0m17:50:26.515430 [info ] [MainThread]: Found 1 model, 429 macros
[0m17:50:26.516862 [debug] [MainThread]: Sending event: {'category': 'dbt', 'action': 'runnable_timing', 'label': '3650804d-1c14-4c4c-9c8c-9e1c4d4a2b87', 'context': [<snowplow_tracker.self_describing_json.SelfDescribingJson object at 0x777ff29594c0>]}
[0m17:50:26.519019 [info ] [MainThread]: 
[0m17:50:26.520093 [info ] [MainThread]: Concurrency: 1 threads (target='dev')
[0m17:50:26.521025 [info ] [MainThread]: 
[0m17:50:26.522138 [debug] [MainThread]: Acquiring new postgres connection 'master'
[0m17:50:26.524192 [debug] [ThreadPool]: Acquiring new postgres connection 'list_Job_Analysis'
[0m17:50:26.562690 [debug] [ThreadPool]: Using postgres connection "list_Job_Analysis"
[0m17:50:26.563930 [debug] [ThreadPool]: On list_Job_Analysis: /* {"app": "dbt", "dbt_version": "1.9.0", "profile_name": "job_analysis", "target_name": "dev", "connection_name": "list_Job_Analysis"} */

    select distinct nspname from pg_namespace
  
[0m17:50:26.564739 [debug] [ThreadPool]: Opening a new connection, currently in state init
[0m17:50:26.580669 [debug] [ThreadPool]: SQL status: SELECT 4 in 0.016 seconds
[0m17:50:26.582286 [debug] [ThreadPool]: On list_Job_Analysis: Close
[0m17:50:26.584060 [debug] [ThreadPool]: Re-using an available connection from the pool (formerly list_Job_Analysis, now list_Job_Analysis_public)
[0m17:50:26.588881 [debug] [ThreadPool]: Using postgres connection "list_Job_Analysis_public"
[0m17:50:26.589702 [debug] [ThreadPool]: On list_Job_Analysis_public: BEGIN
[0m17:50:26.590250 [debug] [ThreadPool]: Opening a new connection, currently in state closed
[0m17:50:26.595988 [debug] [ThreadPool]: SQL status: BEGIN in 0.006 seconds
[0m17:50:26.596965 [debug] [ThreadPool]: Using postgres connection "list_Job_Analysis_public"
[0m17:50:26.597535 [debug] [ThreadPool]: On list_Job_Analysis_public: /* {"app": "dbt", "dbt_version": "1.9.0", "profile_name": "job_analysis", "target_name": "dev", "connection_name": "list_Job_Analysis_public"} */
select
      'Job_Analysis' as database,
      tablename as name,
      schemaname as schema,
      'table' as type
    from pg_tables
    where schemaname ilike 'public'
    union all
    select
      'Job_Analysis' as database,
      viewname as name,
      schemaname as schema,
      'view' as type
    from pg_views
    where schemaname ilike 'public'
    union all
    select
      'Job_Analysis' as database,
      matviewname as name,
      schemaname as schema,
      'materialized_view' as type
    from pg_matviews
    where schemaname ilike 'public'
  
[0m17:50:26.612846 [debug] [ThreadPool]: SQL status: SELECT 0 in 0.015 seconds
[0m17:50:26.614674 [debug] [ThreadPool]: On list_Job_Analysis_public: ROLLBACK
[0m17:50:26.615502 [debug] [ThreadPool]: On list_Job_Analysis_public: Close
[0m17:50:26.619206 [debug] [MainThread]: Using postgres connection "master"
[0m17:50:26.620042 [debug] [MainThread]: On master: BEGIN
[0m17:50:26.620708 [debug] [MainThread]: Opening a new connection, currently in state init
[0m17:50:26.626339 [debug] [MainThread]: SQL status: BEGIN in 0.006 seconds
[0m17:50:26.627224 [debug] [MainThread]: Using postgres connection "master"
[0m17:50:26.627801 [debug] [MainThread]: On master: /* {"app": "dbt", "dbt_version": "1.9.0", "profile_name": "job_analysis", "target_name": "dev", "connection_name": "master"} */
with relation as (
        select
            pg_rewrite.ev_class as class,
            pg_rewrite.oid as id
        from pg_rewrite
    ),
    class as (
        select
            oid as id,
            relname as name,
            relnamespace as schema,
            relkind as kind
        from pg_class
    ),
    dependency as (
        select distinct
            pg_depend.objid as id,
            pg_depend.refobjid as ref
        from pg_depend
    ),
    schema as (
        select
            pg_namespace.oid as id,
            pg_namespace.nspname as name
        from pg_namespace
        where nspname != 'information_schema' and nspname not like 'pg\_%'
    ),
    referenced as (
        select
            relation.id AS id,
            referenced_class.name ,
            referenced_class.schema ,
            referenced_class.kind
        from relation
        join class as referenced_class on relation.class=referenced_class.id
        where referenced_class.kind in ('r', 'v', 'm')
    ),
    relationships as (
        select
            referenced.name as referenced_name,
            referenced.schema as referenced_schema_id,
            dependent_class.name as dependent_name,
            dependent_class.schema as dependent_schema_id,
            referenced.kind as kind
        from referenced
        join dependency on referenced.id=dependency.id
        join class as dependent_class on dependency.ref=dependent_class.id
        where
            (referenced.name != dependent_class.name or
             referenced.schema != dependent_class.schema)
    )

    select
        referenced_schema.name as referenced_schema,
        relationships.referenced_name as referenced_name,
        dependent_schema.name as dependent_schema,
        relationships.dependent_name as dependent_name
    from relationships
    join schema as dependent_schema on relationships.dependent_schema_id=dependent_schema.id
    join schema as referenced_schema on relationships.referenced_schema_id=referenced_schema.id
    group by referenced_schema, referenced_name, dependent_schema, dependent_name
    order by referenced_schema, referenced_name, dependent_schema, dependent_name;
[0m17:50:26.634260 [debug] [MainThread]: SQL status: SELECT 0 in 0.006 seconds
[0m17:50:26.635927 [debug] [MainThread]: Sending event: {'category': 'dbt', 'action': 'runnable_timing', 'label': '3650804d-1c14-4c4c-9c8c-9e1c4d4a2b87', 'context': [<snowplow_tracker.self_describing_json.SelfDescribingJson object at 0x777ff2af7680>]}
[0m17:50:26.636637 [debug] [MainThread]: On master: ROLLBACK
[0m17:50:26.637728 [debug] [MainThread]: Using postgres connection "master"
[0m17:50:26.638350 [debug] [MainThread]: On master: BEGIN
[0m17:50:26.639137 [debug] [MainThread]: SQL status: BEGIN in 0.000 seconds
[0m17:50:26.639671 [debug] [MainThread]: On master: COMMIT
[0m17:50:26.640139 [debug] [MainThread]: Using postgres connection "master"
[0m17:50:26.640651 [debug] [MainThread]: On master: COMMIT
[0m17:50:26.641582 [debug] [MainThread]: SQL status: COMMIT in 0.000 seconds
[0m17:50:26.642282 [debug] [MainThread]: On master: Close
[0m17:50:26.644912 [debug] [Thread-1 (]: Began running node model.job_analysis.stg_raw_jobs
[0m17:50:26.646037 [info ] [Thread-1 (]: 1 of 1 START sql view model public.stg_raw_jobs ................................ [RUN]
[0m17:50:26.647056 [debug] [Thread-1 (]: Re-using an available connection from the pool (formerly list_Job_Analysis_public, now model.job_analysis.stg_raw_jobs)
[0m17:50:26.648057 [debug] [Thread-1 (]: Began compiling node model.job_analysis.stg_raw_jobs
[0m17:50:26.652886 [debug] [Thread-1 (]: Writing injected SQL for node "model.job_analysis.stg_raw_jobs"
[0m17:50:26.661153 [debug] [Thread-1 (]: Began executing node model.job_analysis.stg_raw_jobs
[0m17:50:26.691988 [debug] [Thread-1 (]: Writing runtime sql for node "model.job_analysis.stg_raw_jobs"
[0m17:50:26.707444 [debug] [Thread-1 (]: Using postgres connection "model.job_analysis.stg_raw_jobs"
[0m17:50:26.708604 [debug] [Thread-1 (]: On model.job_analysis.stg_raw_jobs: BEGIN
[0m17:50:26.709525 [debug] [Thread-1 (]: Opening a new connection, currently in state closed
[0m17:50:26.715921 [debug] [Thread-1 (]: SQL status: BEGIN in 0.006 seconds
[0m17:50:26.716945 [debug] [Thread-1 (]: Using postgres connection "model.job_analysis.stg_raw_jobs"
[0m17:50:26.717714 [debug] [Thread-1 (]: On model.job_analysis.stg_raw_jobs: /* {"app": "dbt", "dbt_version": "1.9.0", "profile_name": "job_analysis", "target_name": "dev", "node_id": "model.job_analysis.stg_raw_jobs"} */

  create view "Job_Analysis"."public"."stg_raw_jobs__dbt_tmp"
    
    
  as (
    SELECT
    source_id,
    job_title,
    company,
    location,
    salary_min,
    salary_max,
    date_posted
FROM raw_job_data
WHERE job_title IS NOT NULL
  );
[0m17:50:26.720964 [debug] [Thread-1 (]: Postgres adapter: Postgres error: relation "raw_job_data" does not exist
LINE 15: FROM raw_job_data
              ^

[0m17:50:26.722043 [debug] [Thread-1 (]: On model.job_analysis.stg_raw_jobs: ROLLBACK
[0m17:50:26.723202 [debug] [Thread-1 (]: On model.job_analysis.stg_raw_jobs: Close
[0m17:50:26.730295 [debug] [Thread-1 (]: Database Error in model stg_raw_jobs (models/staging/stg_raw_jobs.sql)
  relation "raw_job_data" does not exist
  LINE 15: FROM raw_job_data
                ^
  compiled code at target/run/job_analysis/models/staging/stg_raw_jobs.sql
[0m17:50:26.733732 [debug] [Thread-1 (]: Sending event: {'category': 'dbt', 'action': 'run_model', 'label': '3650804d-1c14-4c4c-9c8c-9e1c4d4a2b87', 'context': [<snowplow_tracker.self_describing_json.SelfDescribingJson object at 0x777ff5105e20>]}
[0m17:50:26.735031 [error] [Thread-1 (]: 1 of 1 ERROR creating sql view model public.stg_raw_jobs ....................... [[31mERROR[0m in 0.08s]
[0m17:50:26.736124 [debug] [Thread-1 (]: Finished running node model.job_analysis.stg_raw_jobs
[0m17:50:26.737568 [debug] [Thread-4 (]: Marking all children of 'model.job_analysis.stg_raw_jobs' to be skipped because of status 'error'.  Reason: Database Error in model stg_raw_jobs (models/staging/stg_raw_jobs.sql)
  relation "raw_job_data" does not exist
  LINE 15: FROM raw_job_data
                ^
  compiled code at target/run/job_analysis/models/staging/stg_raw_jobs.sql.
[0m17:50:26.740160 [debug] [MainThread]: Using postgres connection "master"
[0m17:50:26.741081 [debug] [MainThread]: On master: BEGIN
[0m17:50:26.742029 [debug] [MainThread]: Opening a new connection, currently in state closed
[0m17:50:26.748884 [debug] [MainThread]: SQL status: BEGIN in 0.007 seconds
[0m17:50:26.749997 [debug] [MainThread]: On master: COMMIT
[0m17:50:26.750759 [debug] [MainThread]: Using postgres connection "master"
[0m17:50:26.751428 [debug] [MainThread]: On master: COMMIT
[0m17:50:26.752259 [debug] [MainThread]: SQL status: COMMIT in 0.000 seconds
[0m17:50:26.752914 [debug] [MainThread]: On master: Close
[0m17:50:26.754321 [debug] [MainThread]: Connection 'master' was properly closed.
[0m17:50:26.755303 [debug] [MainThread]: Connection 'model.job_analysis.stg_raw_jobs' was properly closed.
[0m17:50:26.756008 [info ] [MainThread]: 
[0m17:50:26.756969 [info ] [MainThread]: Finished running 1 view model in 0 hours 0 minutes and 0.23 seconds (0.23s).
[0m17:50:26.758378 [debug] [MainThread]: Command end result
[0m17:50:26.789552 [debug] [MainThread]: Wrote artifact WritableManifest to /usr/app/target/manifest.json
[0m17:50:26.795784 [debug] [MainThread]: Wrote artifact SemanticManifest to /usr/app/target/semantic_manifest.json
[0m17:50:26.805479 [debug] [MainThread]: Wrote artifact RunExecutionResult to /usr/app/target/run_results.json
[0m17:50:26.806389 [info ] [MainThread]: 
[0m17:50:26.807923 [info ] [MainThread]: [31mCompleted with 1 error, 0 partial successes, and 0 warnings:[0m
[0m17:50:26.809021 [info ] [MainThread]: 
[0m17:50:26.809916 [error] [MainThread]:   Database Error in model stg_raw_jobs (models/staging/stg_raw_jobs.sql)
  relation "raw_job_data" does not exist
  LINE 15: FROM raw_job_data
                ^
  compiled code at target/run/job_analysis/models/staging/stg_raw_jobs.sql
[0m17:50:26.810684 [info ] [MainThread]: 
[0m17:50:26.811597 [info ] [MainThread]: Done. PASS=0 WARN=0 ERROR=1 SKIP=0 TOTAL=1
[0m17:50:26.813243 [debug] [MainThread]: Resource report: {"command_name": "run", "command_success": false, "command_wall_clock_time": 1.4619584, "process_in_blocks": "4880", "process_kernel_time": 0.368524, "process_mem_max_rss": "111344", "process_out_blocks": "1600", "process_user_time": 1.878675}
[0m17:50:26.814335 [debug] [MainThread]: Command `dbt run` failed at 17:50:26.814189 after 1.46 seconds
[0m17:50:26.815495 [debug] [MainThread]: Sending event: {'category': 'dbt', 'action': 'invocation', 'label': 'end', 'context': [<snowplow_tracker.self_describing_json.SelfDescribingJson object at 0x777ff7d829f0>, <snowplow_tracker.self_describing_json.SelfDescribingJson object at 0x777ff51b0e90>, <snowplow_tracker.self_describing_json.SelfDescribingJson object at 0x777ff03a0830>]}
[0m17:50:26.816369 [debug] [MainThread]: Flushing usage events
[0m17:50:27.252821 [debug] [MainThread]: An error was encountered while trying to flush usage events
[0m17:52:20.354419 [debug] [MainThread]: Sending event: {'category': 'dbt', 'action': 'invocation', 'label': 'start', 'context': [<snowplow_tracker.self_describing_json.SelfDescribingJson object at 0x786dd49425d0>, <snowplow_tracker.self_describing_json.SelfDescribingJson object at 0x786dd4940bf0>, <snowplow_tracker.self_describing_json.SelfDescribingJson object at 0x786dd4940dd0>]}


============================== 17:52:20.362590 | e47fc7b9-4260-4e35-bc89-b797aa7d87b5 ==============================
[0m17:52:20.362590 [info ] [MainThread]: Running with dbt=1.9.0
[0m17:52:20.363888 [debug] [MainThread]: running dbt with arguments {'printer_width': '80', 'indirect_selection': 'eager', 'write_json': 'True', 'log_cache_events': 'False', 'partial_parse': 'True', 'cache_selected_only': 'False', 'warn_error': 'None', 'fail_fast': 'False', 'version_check': 'True', 'log_path': '/usr/app/logs', 'debug': 'False', 'profiles_dir': '/usr/app', 'use_colors': 'True', 'use_experimental_parser': 'False', 'no_print': 'None', 'quiet': 'False', 'empty': 'False', 'warn_error_options': 'WarnErrorOptions(include=[], exclude=[])', 'invocation_command': 'dbt run', 'log_format': 'default', 'introspect': 'True', 'target_path': 'None', 'static_parser': 'True', 'send_anonymous_usage_stats': 'True'}
[0m17:52:20.576622 [debug] [MainThread]: Sending event: {'category': 'dbt', 'action': 'project_id', 'label': 'e47fc7b9-4260-4e35-bc89-b797aa7d87b5', 'context': [<snowplow_tracker.self_describing_json.SelfDescribingJson object at 0x786dd3e564e0>]}
[0m17:52:20.620723 [debug] [MainThread]: Sending event: {'category': 'dbt', 'action': 'adapter_info', 'label': 'e47fc7b9-4260-4e35-bc89-b797aa7d87b5', 'context': [<snowplow_tracker.self_describing_json.SelfDescribingJson object at 0x786dd3bcfec0>]}
[0m17:52:20.623444 [info ] [MainThread]: Registered adapter: postgres=1.9.0
[0m17:52:20.710133 [debug] [MainThread]: checksum: c99e828bba267739642b5a3ce85f17518764ea526e0e6c4fdc649171c1a66bff, vars: {}, profile: , target: , version: 1.9.0
[0m17:52:20.845773 [debug] [MainThread]: Partial parsing enabled: 0 files deleted, 0 files added, 0 files changed.
[0m17:52:20.847129 [debug] [MainThread]: Partial parsing enabled, no changes found, skipping parsing
[0m17:52:20.867237 [debug] [MainThread]: Sending event: {'category': 'dbt', 'action': 'load_project', 'label': 'e47fc7b9-4260-4e35-bc89-b797aa7d87b5', 'context': [<snowplow_tracker.self_describing_json.SelfDescribingJson object at 0x786dd3d57e60>]}
[0m17:52:20.925128 [debug] [MainThread]: Wrote artifact WritableManifest to /usr/app/target/manifest.json
[0m17:52:20.932604 [debug] [MainThread]: Wrote artifact SemanticManifest to /usr/app/target/semantic_manifest.json
[0m17:52:20.983297 [debug] [MainThread]: Sending event: {'category': 'dbt', 'action': 'resource_counts', 'label': 'e47fc7b9-4260-4e35-bc89-b797aa7d87b5', 'context': [<snowplow_tracker.self_describing_json.SelfDescribingJson object at 0x786dd20ac830>]}
[0m17:52:20.985321 [info ] [MainThread]: Found 1 model, 429 macros
[0m17:52:20.987873 [debug] [MainThread]: Sending event: {'category': 'dbt', 'action': 'runnable_timing', 'label': 'e47fc7b9-4260-4e35-bc89-b797aa7d87b5', 'context': [<snowplow_tracker.self_describing_json.SelfDescribingJson object at 0x786dd20c2a50>]}
[0m17:52:20.991471 [info ] [MainThread]: 
[0m17:52:20.993138 [info ] [MainThread]: Concurrency: 1 threads (target='dev')
[0m17:52:20.994443 [info ] [MainThread]: 
[0m17:52:20.996096 [debug] [MainThread]: Acquiring new postgres connection 'master'
[0m17:52:20.998958 [debug] [ThreadPool]: Acquiring new postgres connection 'list_Job_Analysis'
[0m17:52:21.070181 [debug] [ThreadPool]: Using postgres connection "list_Job_Analysis"
[0m17:52:21.071215 [debug] [ThreadPool]: On list_Job_Analysis: /* {"app": "dbt", "dbt_version": "1.9.0", "profile_name": "job_analysis", "target_name": "dev", "connection_name": "list_Job_Analysis"} */

    select distinct nspname from pg_namespace
  
[0m17:52:21.072114 [debug] [ThreadPool]: Opening a new connection, currently in state init
[0m17:52:21.096948 [debug] [ThreadPool]: SQL status: SELECT 4 in 0.025 seconds
[0m17:52:21.099114 [debug] [ThreadPool]: On list_Job_Analysis: Close
[0m17:52:21.101014 [debug] [ThreadPool]: Re-using an available connection from the pool (formerly list_Job_Analysis, now list_Job_Analysis_public)
[0m17:52:21.107745 [debug] [ThreadPool]: Using postgres connection "list_Job_Analysis_public"
[0m17:52:21.108749 [debug] [ThreadPool]: On list_Job_Analysis_public: BEGIN
[0m17:52:21.109651 [debug] [ThreadPool]: Opening a new connection, currently in state closed
[0m17:52:21.115655 [debug] [ThreadPool]: SQL status: BEGIN in 0.006 seconds
[0m17:52:21.116421 [debug] [ThreadPool]: Using postgres connection "list_Job_Analysis_public"
[0m17:52:21.116936 [debug] [ThreadPool]: On list_Job_Analysis_public: /* {"app": "dbt", "dbt_version": "1.9.0", "profile_name": "job_analysis", "target_name": "dev", "connection_name": "list_Job_Analysis_public"} */
select
      'Job_Analysis' as database,
      tablename as name,
      schemaname as schema,
      'table' as type
    from pg_tables
    where schemaname ilike 'public'
    union all
    select
      'Job_Analysis' as database,
      viewname as name,
      schemaname as schema,
      'view' as type
    from pg_views
    where schemaname ilike 'public'
    union all
    select
      'Job_Analysis' as database,
      matviewname as name,
      schemaname as schema,
      'materialized_view' as type
    from pg_matviews
    where schemaname ilike 'public'
  
[0m17:52:21.121718 [debug] [ThreadPool]: SQL status: SELECT 0 in 0.004 seconds
[0m17:52:21.123362 [debug] [ThreadPool]: On list_Job_Analysis_public: ROLLBACK
[0m17:52:21.124297 [debug] [ThreadPool]: On list_Job_Analysis_public: Close
[0m17:52:21.128113 [debug] [MainThread]: Using postgres connection "master"
[0m17:52:21.128880 [debug] [MainThread]: On master: BEGIN
[0m17:52:21.129401 [debug] [MainThread]: Opening a new connection, currently in state init
[0m17:52:21.135386 [debug] [MainThread]: SQL status: BEGIN in 0.006 seconds
[0m17:52:21.136517 [debug] [MainThread]: Using postgres connection "master"
[0m17:52:21.137238 [debug] [MainThread]: On master: /* {"app": "dbt", "dbt_version": "1.9.0", "profile_name": "job_analysis", "target_name": "dev", "connection_name": "master"} */
with relation as (
        select
            pg_rewrite.ev_class as class,
            pg_rewrite.oid as id
        from pg_rewrite
    ),
    class as (
        select
            oid as id,
            relname as name,
            relnamespace as schema,
            relkind as kind
        from pg_class
    ),
    dependency as (
        select distinct
            pg_depend.objid as id,
            pg_depend.refobjid as ref
        from pg_depend
    ),
    schema as (
        select
            pg_namespace.oid as id,
            pg_namespace.nspname as name
        from pg_namespace
        where nspname != 'information_schema' and nspname not like 'pg\_%'
    ),
    referenced as (
        select
            relation.id AS id,
            referenced_class.name ,
            referenced_class.schema ,
            referenced_class.kind
        from relation
        join class as referenced_class on relation.class=referenced_class.id
        where referenced_class.kind in ('r', 'v', 'm')
    ),
    relationships as (
        select
            referenced.name as referenced_name,
            referenced.schema as referenced_schema_id,
            dependent_class.name as dependent_name,
            dependent_class.schema as dependent_schema_id,
            referenced.kind as kind
        from referenced
        join dependency on referenced.id=dependency.id
        join class as dependent_class on dependency.ref=dependent_class.id
        where
            (referenced.name != dependent_class.name or
             referenced.schema != dependent_class.schema)
    )

    select
        referenced_schema.name as referenced_schema,
        relationships.referenced_name as referenced_name,
        dependent_schema.name as dependent_schema,
        relationships.dependent_name as dependent_name
    from relationships
    join schema as dependent_schema on relationships.dependent_schema_id=dependent_schema.id
    join schema as referenced_schema on relationships.referenced_schema_id=referenced_schema.id
    group by referenced_schema, referenced_name, dependent_schema, dependent_name
    order by referenced_schema, referenced_name, dependent_schema, dependent_name;
[0m17:52:21.141457 [debug] [MainThread]: SQL status: SELECT 0 in 0.003 seconds
[0m17:52:21.142999 [debug] [MainThread]: Sending event: {'category': 'dbt', 'action': 'runnable_timing', 'label': 'e47fc7b9-4260-4e35-bc89-b797aa7d87b5', 'context': [<snowplow_tracker.self_describing_json.SelfDescribingJson object at 0x786dd1465670>]}
[0m17:52:21.143988 [debug] [MainThread]: On master: ROLLBACK
[0m17:52:21.145026 [debug] [MainThread]: Using postgres connection "master"
[0m17:52:21.145803 [debug] [MainThread]: On master: BEGIN
[0m17:52:21.146643 [debug] [MainThread]: SQL status: BEGIN in 0.000 seconds
[0m17:52:21.147152 [debug] [MainThread]: On master: COMMIT
[0m17:52:21.147616 [debug] [MainThread]: Using postgres connection "master"
[0m17:52:21.148075 [debug] [MainThread]: On master: COMMIT
[0m17:52:21.148734 [debug] [MainThread]: SQL status: COMMIT in 0.000 seconds
[0m17:52:21.149338 [debug] [MainThread]: On master: Close
[0m17:52:21.151879 [debug] [Thread-1 (]: Began running node model.job_analysis.stg_raw_jobs
[0m17:52:21.152775 [info ] [Thread-1 (]: 1 of 1 START sql view model public.stg_raw_jobs ................................ [RUN]
[0m17:52:21.153628 [debug] [Thread-1 (]: Re-using an available connection from the pool (formerly list_Job_Analysis_public, now model.job_analysis.stg_raw_jobs)
[0m17:52:21.154366 [debug] [Thread-1 (]: Began compiling node model.job_analysis.stg_raw_jobs
[0m17:52:21.159678 [debug] [Thread-1 (]: Writing injected SQL for node "model.job_analysis.stg_raw_jobs"
[0m17:52:21.167850 [debug] [Thread-1 (]: Began executing node model.job_analysis.stg_raw_jobs
[0m17:52:21.196791 [debug] [Thread-1 (]: Writing runtime sql for node "model.job_analysis.stg_raw_jobs"
[0m17:52:21.204503 [debug] [Thread-1 (]: Using postgres connection "model.job_analysis.stg_raw_jobs"
[0m17:52:21.205642 [debug] [Thread-1 (]: On model.job_analysis.stg_raw_jobs: BEGIN
[0m17:52:21.206303 [debug] [Thread-1 (]: Opening a new connection, currently in state closed
[0m17:52:21.212399 [debug] [Thread-1 (]: SQL status: BEGIN in 0.006 seconds
[0m17:52:21.213963 [debug] [Thread-1 (]: Using postgres connection "model.job_analysis.stg_raw_jobs"
[0m17:52:21.214975 [debug] [Thread-1 (]: On model.job_analysis.stg_raw_jobs: /* {"app": "dbt", "dbt_version": "1.9.0", "profile_name": "job_analysis", "target_name": "dev", "node_id": "model.job_analysis.stg_raw_jobs"} */

  create view "Job_Analysis"."public"."stg_raw_jobs__dbt_tmp"
    
    
  as (
    SELECT
    source_id,
    job_title,
    company,
    location,
    salary_min,
    salary_max,
    date_posted
FROM raw_job_data
WHERE job_title IS NOT NULL
  );
[0m17:52:21.216486 [debug] [Thread-1 (]: Postgres adapter: Postgres error: relation "raw_job_data" does not exist
LINE 15: FROM raw_job_data
              ^

[0m17:52:21.217356 [debug] [Thread-1 (]: On model.job_analysis.stg_raw_jobs: ROLLBACK
[0m17:52:21.218544 [debug] [Thread-1 (]: On model.job_analysis.stg_raw_jobs: Close
[0m17:52:21.224808 [debug] [Thread-1 (]: Database Error in model stg_raw_jobs (models/staging/stg_raw_jobs.sql)
  relation "raw_job_data" does not exist
  LINE 15: FROM raw_job_data
                ^
  compiled code at target/run/job_analysis/models/staging/stg_raw_jobs.sql
[0m17:52:21.227199 [debug] [Thread-1 (]: Sending event: {'category': 'dbt', 'action': 'run_model', 'label': 'e47fc7b9-4260-4e35-bc89-b797aa7d87b5', 'context': [<snowplow_tracker.self_describing_json.SelfDescribingJson object at 0x786dd12879b0>]}
[0m17:52:21.228537 [error] [Thread-1 (]: 1 of 1 ERROR creating sql view model public.stg_raw_jobs ....................... [[31mERROR[0m in 0.07s]
[0m17:52:21.229722 [debug] [Thread-1 (]: Finished running node model.job_analysis.stg_raw_jobs
[0m17:52:21.230645 [debug] [Thread-4 (]: Marking all children of 'model.job_analysis.stg_raw_jobs' to be skipped because of status 'error'.  Reason: Database Error in model stg_raw_jobs (models/staging/stg_raw_jobs.sql)
  relation "raw_job_data" does not exist
  LINE 15: FROM raw_job_data
                ^
  compiled code at target/run/job_analysis/models/staging/stg_raw_jobs.sql.
[0m17:52:21.232920 [debug] [MainThread]: Using postgres connection "master"
[0m17:52:21.233694 [debug] [MainThread]: On master: BEGIN
[0m17:52:21.234340 [debug] [MainThread]: Opening a new connection, currently in state closed
[0m17:52:21.240047 [debug] [MainThread]: SQL status: BEGIN in 0.006 seconds
[0m17:52:21.240956 [debug] [MainThread]: On master: COMMIT
[0m17:52:21.241591 [debug] [MainThread]: Using postgres connection "master"
[0m17:52:21.242190 [debug] [MainThread]: On master: COMMIT
[0m17:52:21.243671 [debug] [MainThread]: SQL status: COMMIT in 0.000 seconds
[0m17:52:21.244588 [debug] [MainThread]: On master: Close
[0m17:52:21.245594 [debug] [MainThread]: Connection 'master' was properly closed.
[0m17:52:21.246733 [debug] [MainThread]: Connection 'model.job_analysis.stg_raw_jobs' was properly closed.
[0m17:52:21.247695 [info ] [MainThread]: 
[0m17:52:21.248838 [info ] [MainThread]: Finished running 1 view model in 0 hours 0 minutes and 0.25 seconds (0.25s).
[0m17:52:21.250185 [debug] [MainThread]: Command end result
[0m17:52:21.276995 [debug] [MainThread]: Wrote artifact WritableManifest to /usr/app/target/manifest.json
[0m17:52:21.282295 [debug] [MainThread]: Wrote artifact SemanticManifest to /usr/app/target/semantic_manifest.json
[0m17:52:21.291371 [debug] [MainThread]: Wrote artifact RunExecutionResult to /usr/app/target/run_results.json
[0m17:52:21.292267 [info ] [MainThread]: 
[0m17:52:21.293424 [info ] [MainThread]: [31mCompleted with 1 error, 0 partial successes, and 0 warnings:[0m
[0m17:52:21.294388 [info ] [MainThread]: 
[0m17:52:21.295338 [error] [MainThread]:   Database Error in model stg_raw_jobs (models/staging/stg_raw_jobs.sql)
  relation "raw_job_data" does not exist
  LINE 15: FROM raw_job_data
                ^
  compiled code at target/run/job_analysis/models/staging/stg_raw_jobs.sql
[0m17:52:21.296179 [info ] [MainThread]: 
[0m17:52:21.297028 [info ] [MainThread]: Done. PASS=0 WARN=0 ERROR=1 SKIP=0 TOTAL=1
[0m17:52:21.299765 [debug] [MainThread]: Resource report: {"command_name": "run", "command_success": false, "command_wall_clock_time": 0.9939296, "process_in_blocks": "19896", "process_kernel_time": 0.418284, "process_mem_max_rss": "107368", "process_out_blocks": "1600", "process_user_time": 1.447907}
[0m17:52:21.300840 [debug] [MainThread]: Command `dbt run` failed at 17:52:21.300719 after 1.00 seconds
[0m17:52:21.301560 [debug] [MainThread]: Sending event: {'category': 'dbt', 'action': 'invocation', 'label': 'end', 'context': [<snowplow_tracker.self_describing_json.SelfDescribingJson object at 0x786dd3bcfe00>, <snowplow_tracker.self_describing_json.SelfDescribingJson object at 0x786dd4fcf470>, <snowplow_tracker.self_describing_json.SelfDescribingJson object at 0x786dd12e3050>]}
[0m17:52:21.302471 [debug] [MainThread]: Flushing usage events
[0m17:52:21.771457 [debug] [MainThread]: An error was encountered while trying to flush usage events
[0m17:55:53.634267 [debug] [MainThread]: Sending event: {'category': 'dbt', 'action': 'invocation', 'label': 'start', 'context': [<snowplow_tracker.self_describing_json.SelfDescribingJson object at 0x70e16b8133b0>, <snowplow_tracker.self_describing_json.SelfDescribingJson object at 0x70e16b9fc440>, <snowplow_tracker.self_describing_json.SelfDescribingJson object at 0x70e16bac4a70>]}


============================== 17:55:53.643923 | 56a326b6-9045-46c8-a0cf-f9f516ee9d44 ==============================
[0m17:55:53.643923 [info ] [MainThread]: Running with dbt=1.9.0
[0m17:55:53.645193 [debug] [MainThread]: running dbt with arguments {'printer_width': '80', 'indirect_selection': 'eager', 'write_json': 'True', 'log_cache_events': 'False', 'partial_parse': 'True', 'cache_selected_only': 'False', 'profiles_dir': '/usr/app', 'debug': 'False', 'fail_fast': 'False', 'log_path': '/usr/app/logs', 'version_check': 'True', 'warn_error': 'None', 'use_colors': 'True', 'use_experimental_parser': 'False', 'empty': 'False', 'quiet': 'False', 'no_print': 'None', 'log_format': 'default', 'invocation_command': 'dbt run', 'static_parser': 'True', 'introspect': 'True', 'target_path': 'None', 'warn_error_options': 'WarnErrorOptions(include=[], exclude=[])', 'send_anonymous_usage_stats': 'True'}
[0m17:55:53.882831 [debug] [MainThread]: Sending event: {'category': 'dbt', 'action': 'project_id', 'label': '56a326b6-9045-46c8-a0cf-f9f516ee9d44', 'context': [<snowplow_tracker.self_describing_json.SelfDescribingJson object at 0x70e16b980b60>]}
[0m17:55:53.935134 [debug] [MainThread]: Sending event: {'category': 'dbt', 'action': 'adapter_info', 'label': '56a326b6-9045-46c8-a0cf-f9f516ee9d44', 'context': [<snowplow_tracker.self_describing_json.SelfDescribingJson object at 0x70e16bf353a0>]}
[0m17:55:53.937506 [info ] [MainThread]: Registered adapter: postgres=1.9.0
[0m17:55:54.045330 [debug] [MainThread]: checksum: c99e828bba267739642b5a3ce85f17518764ea526e0e6c4fdc649171c1a66bff, vars: {}, profile: , target: , version: 1.9.0
[0m17:55:54.178595 [debug] [MainThread]: Partial parsing enabled: 0 files deleted, 0 files added, 0 files changed.
[0m17:55:54.180367 [debug] [MainThread]: Partial parsing enabled, no changes found, skipping parsing
[0m17:55:54.203041 [debug] [MainThread]: Sending event: {'category': 'dbt', 'action': 'load_project', 'label': '56a326b6-9045-46c8-a0cf-f9f516ee9d44', 'context': [<snowplow_tracker.self_describing_json.SelfDescribingJson object at 0x70e169ca6630>]}
[0m17:55:54.258552 [debug] [MainThread]: Wrote artifact WritableManifest to /usr/app/target/manifest.json
[0m17:55:54.265534 [debug] [MainThread]: Wrote artifact SemanticManifest to /usr/app/target/semantic_manifest.json
[0m17:55:54.308152 [debug] [MainThread]: Sending event: {'category': 'dbt', 'action': 'resource_counts', 'label': '56a326b6-9045-46c8-a0cf-f9f516ee9d44', 'context': [<snowplow_tracker.self_describing_json.SelfDescribingJson object at 0x70e1699f4740>]}
[0m17:55:54.309728 [info ] [MainThread]: Found 1 model, 429 macros
[0m17:55:54.310652 [debug] [MainThread]: Sending event: {'category': 'dbt', 'action': 'runnable_timing', 'label': '56a326b6-9045-46c8-a0cf-f9f516ee9d44', 'context': [<snowplow_tracker.self_describing_json.SelfDescribingJson object at 0x70e169cd6fc0>]}
[0m17:55:54.312808 [info ] [MainThread]: 
[0m17:55:54.313785 [info ] [MainThread]: Concurrency: 1 threads (target='dev')
[0m17:55:54.314875 [info ] [MainThread]: 
[0m17:55:54.316002 [debug] [MainThread]: Acquiring new postgres connection 'master'
[0m17:55:54.317566 [debug] [ThreadPool]: Acquiring new postgres connection 'list_Job_Analysis'
[0m17:55:54.372650 [debug] [ThreadPool]: Using postgres connection "list_Job_Analysis"
[0m17:55:54.374083 [debug] [ThreadPool]: On list_Job_Analysis: /* {"app": "dbt", "dbt_version": "1.9.0", "profile_name": "job_analysis", "target_name": "dev", "connection_name": "list_Job_Analysis"} */

    select distinct nspname from pg_namespace
  
[0m17:55:54.374901 [debug] [ThreadPool]: Opening a new connection, currently in state init
[0m17:55:54.393492 [debug] [ThreadPool]: SQL status: SELECT 4 in 0.018 seconds
[0m17:55:54.395432 [debug] [ThreadPool]: On list_Job_Analysis: Close
[0m17:55:54.397383 [debug] [ThreadPool]: Re-using an available connection from the pool (formerly list_Job_Analysis, now list_Job_Analysis_public)
[0m17:55:54.402381 [debug] [ThreadPool]: Using postgres connection "list_Job_Analysis_public"
[0m17:55:54.403139 [debug] [ThreadPool]: On list_Job_Analysis_public: BEGIN
[0m17:55:54.403763 [debug] [ThreadPool]: Opening a new connection, currently in state closed
[0m17:55:54.409749 [debug] [ThreadPool]: SQL status: BEGIN in 0.006 seconds
[0m17:55:54.410740 [debug] [ThreadPool]: Using postgres connection "list_Job_Analysis_public"
[0m17:55:54.411392 [debug] [ThreadPool]: On list_Job_Analysis_public: /* {"app": "dbt", "dbt_version": "1.9.0", "profile_name": "job_analysis", "target_name": "dev", "connection_name": "list_Job_Analysis_public"} */
select
      'Job_Analysis' as database,
      tablename as name,
      schemaname as schema,
      'table' as type
    from pg_tables
    where schemaname ilike 'public'
    union all
    select
      'Job_Analysis' as database,
      viewname as name,
      schemaname as schema,
      'view' as type
    from pg_views
    where schemaname ilike 'public'
    union all
    select
      'Job_Analysis' as database,
      matviewname as name,
      schemaname as schema,
      'materialized_view' as type
    from pg_matviews
    where schemaname ilike 'public'
  
[0m17:55:54.416500 [debug] [ThreadPool]: SQL status: SELECT 1 in 0.004 seconds
[0m17:55:54.418176 [debug] [ThreadPool]: On list_Job_Analysis_public: ROLLBACK
[0m17:55:54.418959 [debug] [ThreadPool]: On list_Job_Analysis_public: Close
[0m17:55:54.422778 [debug] [MainThread]: Using postgres connection "master"
[0m17:55:54.423780 [debug] [MainThread]: On master: BEGIN
[0m17:55:54.424563 [debug] [MainThread]: Opening a new connection, currently in state init
[0m17:55:54.430575 [debug] [MainThread]: SQL status: BEGIN in 0.006 seconds
[0m17:55:54.431608 [debug] [MainThread]: Using postgres connection "master"
[0m17:55:54.432284 [debug] [MainThread]: On master: /* {"app": "dbt", "dbt_version": "1.9.0", "profile_name": "job_analysis", "target_name": "dev", "connection_name": "master"} */
with relation as (
        select
            pg_rewrite.ev_class as class,
            pg_rewrite.oid as id
        from pg_rewrite
    ),
    class as (
        select
            oid as id,
            relname as name,
            relnamespace as schema,
            relkind as kind
        from pg_class
    ),
    dependency as (
        select distinct
            pg_depend.objid as id,
            pg_depend.refobjid as ref
        from pg_depend
    ),
    schema as (
        select
            pg_namespace.oid as id,
            pg_namespace.nspname as name
        from pg_namespace
        where nspname != 'information_schema' and nspname not like 'pg\_%'
    ),
    referenced as (
        select
            relation.id AS id,
            referenced_class.name ,
            referenced_class.schema ,
            referenced_class.kind
        from relation
        join class as referenced_class on relation.class=referenced_class.id
        where referenced_class.kind in ('r', 'v', 'm')
    ),
    relationships as (
        select
            referenced.name as referenced_name,
            referenced.schema as referenced_schema_id,
            dependent_class.name as dependent_name,
            dependent_class.schema as dependent_schema_id,
            referenced.kind as kind
        from referenced
        join dependency on referenced.id=dependency.id
        join class as dependent_class on dependency.ref=dependent_class.id
        where
            (referenced.name != dependent_class.name or
             referenced.schema != dependent_class.schema)
    )

    select
        referenced_schema.name as referenced_schema,
        relationships.referenced_name as referenced_name,
        dependent_schema.name as dependent_schema,
        relationships.dependent_name as dependent_name
    from relationships
    join schema as dependent_schema on relationships.dependent_schema_id=dependent_schema.id
    join schema as referenced_schema on relationships.referenced_schema_id=referenced_schema.id
    group by referenced_schema, referenced_name, dependent_schema, dependent_name
    order by referenced_schema, referenced_name, dependent_schema, dependent_name;
[0m17:55:54.437680 [debug] [MainThread]: SQL status: SELECT 0 in 0.005 seconds
[0m17:55:54.439590 [debug] [MainThread]: Sending event: {'category': 'dbt', 'action': 'runnable_timing', 'label': '56a326b6-9045-46c8-a0cf-f9f516ee9d44', 'context': [<snowplow_tracker.self_describing_json.SelfDescribingJson object at 0x70e1699f44d0>]}
[0m17:55:54.440572 [debug] [MainThread]: On master: ROLLBACK
[0m17:55:54.441696 [debug] [MainThread]: Using postgres connection "master"
[0m17:55:54.442268 [debug] [MainThread]: On master: BEGIN
[0m17:55:54.443140 [debug] [MainThread]: SQL status: BEGIN in 0.000 seconds
[0m17:55:54.444112 [debug] [MainThread]: On master: COMMIT
[0m17:55:54.444899 [debug] [MainThread]: Using postgres connection "master"
[0m17:55:54.445735 [debug] [MainThread]: On master: COMMIT
[0m17:55:54.446698 [debug] [MainThread]: SQL status: COMMIT in 0.000 seconds
[0m17:55:54.447442 [debug] [MainThread]: On master: Close
[0m17:55:54.450545 [debug] [Thread-1 (]: Began running node model.job_analysis.stg_raw_jobs
[0m17:55:54.451639 [info ] [Thread-1 (]: 1 of 1 START sql view model public.stg_raw_jobs ................................ [RUN]
[0m17:55:54.452439 [debug] [Thread-1 (]: Re-using an available connection from the pool (formerly list_Job_Analysis_public, now model.job_analysis.stg_raw_jobs)
[0m17:55:54.453097 [debug] [Thread-1 (]: Began compiling node model.job_analysis.stg_raw_jobs
[0m17:55:54.458548 [debug] [Thread-1 (]: Writing injected SQL for node "model.job_analysis.stg_raw_jobs"
[0m17:55:54.466659 [debug] [Thread-1 (]: Began executing node model.job_analysis.stg_raw_jobs
[0m17:55:54.494685 [debug] [Thread-1 (]: Writing runtime sql for node "model.job_analysis.stg_raw_jobs"
[0m17:55:54.503532 [debug] [Thread-1 (]: Using postgres connection "model.job_analysis.stg_raw_jobs"
[0m17:55:54.504366 [debug] [Thread-1 (]: On model.job_analysis.stg_raw_jobs: BEGIN
[0m17:55:54.504913 [debug] [Thread-1 (]: Opening a new connection, currently in state closed
[0m17:55:54.511422 [debug] [Thread-1 (]: SQL status: BEGIN in 0.006 seconds
[0m17:55:54.512622 [debug] [Thread-1 (]: Using postgres connection "model.job_analysis.stg_raw_jobs"
[0m17:55:54.513316 [debug] [Thread-1 (]: On model.job_analysis.stg_raw_jobs: /* {"app": "dbt", "dbt_version": "1.9.0", "profile_name": "job_analysis", "target_name": "dev", "node_id": "model.job_analysis.stg_raw_jobs"} */

  create view "Job_Analysis"."public"."stg_raw_jobs__dbt_tmp"
    
    
  as (
    SELECT
    source_id,
    job_title,
    company,
    location,
    salary_min,
    salary_max,
    date_posted
FROM raw_job_data
WHERE job_title IS NOT NULL
  );
[0m17:55:54.519728 [debug] [Thread-1 (]: SQL status: CREATE VIEW in 0.006 seconds
[0m17:55:54.525043 [debug] [Thread-1 (]: Using postgres connection "model.job_analysis.stg_raw_jobs"
[0m17:55:54.526006 [debug] [Thread-1 (]: On model.job_analysis.stg_raw_jobs: /* {"app": "dbt", "dbt_version": "1.9.0", "profile_name": "job_analysis", "target_name": "dev", "node_id": "model.job_analysis.stg_raw_jobs"} */
alter table "Job_Analysis"."public"."stg_raw_jobs__dbt_tmp" rename to "stg_raw_jobs"
[0m17:55:54.527512 [debug] [Thread-1 (]: SQL status: ALTER TABLE in 0.001 seconds
[0m17:55:54.537742 [debug] [Thread-1 (]: On model.job_analysis.stg_raw_jobs: COMMIT
[0m17:55:54.538707 [debug] [Thread-1 (]: Using postgres connection "model.job_analysis.stg_raw_jobs"
[0m17:55:54.539367 [debug] [Thread-1 (]: On model.job_analysis.stg_raw_jobs: COMMIT
[0m17:55:54.540969 [debug] [Thread-1 (]: SQL status: COMMIT in 0.001 seconds
[0m17:55:54.546027 [debug] [Thread-1 (]: Applying DROP to: "Job_Analysis"."public"."stg_raw_jobs__dbt_backup"
[0m17:55:54.550611 [debug] [Thread-1 (]: Using postgres connection "model.job_analysis.stg_raw_jobs"
[0m17:55:54.551585 [debug] [Thread-1 (]: On model.job_analysis.stg_raw_jobs: /* {"app": "dbt", "dbt_version": "1.9.0", "profile_name": "job_analysis", "target_name": "dev", "node_id": "model.job_analysis.stg_raw_jobs"} */
drop view if exists "Job_Analysis"."public"."stg_raw_jobs__dbt_backup" cascade
[0m17:55:54.553459 [debug] [Thread-1 (]: SQL status: DROP VIEW in 0.001 seconds
[0m17:55:54.555887 [debug] [Thread-1 (]: On model.job_analysis.stg_raw_jobs: Close
[0m17:55:54.558174 [debug] [Thread-1 (]: Sending event: {'category': 'dbt', 'action': 'run_model', 'label': '56a326b6-9045-46c8-a0cf-f9f516ee9d44', 'context': [<snowplow_tracker.self_describing_json.SelfDescribingJson object at 0x70e16d4ea630>]}
[0m17:55:54.559283 [info ] [Thread-1 (]: 1 of 1 OK created sql view model public.stg_raw_jobs ........................... [[32mCREATE VIEW[0m in 0.10s]
[0m17:55:54.560389 [debug] [Thread-1 (]: Finished running node model.job_analysis.stg_raw_jobs
[0m17:55:54.562376 [debug] [MainThread]: Using postgres connection "master"
[0m17:55:54.563031 [debug] [MainThread]: On master: BEGIN
[0m17:55:54.563588 [debug] [MainThread]: Opening a new connection, currently in state closed
[0m17:55:54.570581 [debug] [MainThread]: SQL status: BEGIN in 0.007 seconds
[0m17:55:54.571477 [debug] [MainThread]: On master: COMMIT
[0m17:55:54.572064 [debug] [MainThread]: Using postgres connection "master"
[0m17:55:54.572535 [debug] [MainThread]: On master: COMMIT
[0m17:55:54.573366 [debug] [MainThread]: SQL status: COMMIT in 0.000 seconds
[0m17:55:54.574196 [debug] [MainThread]: On master: Close
[0m17:55:54.575163 [debug] [MainThread]: Connection 'master' was properly closed.
[0m17:55:54.575638 [debug] [MainThread]: Connection 'model.job_analysis.stg_raw_jobs' was properly closed.
[0m17:55:54.576100 [info ] [MainThread]: 
[0m17:55:54.576768 [info ] [MainThread]: Finished running 1 view model in 0 hours 0 minutes and 0.26 seconds (0.26s).
[0m17:55:54.578053 [debug] [MainThread]: Command end result
[0m17:55:54.604562 [debug] [MainThread]: Wrote artifact WritableManifest to /usr/app/target/manifest.json
[0m17:55:54.609633 [debug] [MainThread]: Wrote artifact SemanticManifest to /usr/app/target/semantic_manifest.json
[0m17:55:54.618572 [debug] [MainThread]: Wrote artifact RunExecutionResult to /usr/app/target/run_results.json
[0m17:55:54.619346 [info ] [MainThread]: 
[0m17:55:54.620251 [info ] [MainThread]: [32mCompleted successfully[0m
[0m17:55:54.621064 [info ] [MainThread]: 
[0m17:55:54.621947 [info ] [MainThread]: Done. PASS=1 WARN=0 ERROR=0 SKIP=0 TOTAL=1
[0m17:55:54.624019 [debug] [MainThread]: Resource report: {"command_name": "run", "command_success": true, "command_wall_clock_time": 1.0464159, "process_in_blocks": "20856", "process_kernel_time": 0.445822, "process_mem_max_rss": "107252", "process_out_blocks": "1600", "process_user_time": 1.475555}
[0m17:55:54.624975 [debug] [MainThread]: Command `dbt run` succeeded at 17:55:54.624871 after 1.05 seconds
[0m17:55:54.625777 [debug] [MainThread]: Sending event: {'category': 'dbt', 'action': 'invocation', 'label': 'end', 'context': [<snowplow_tracker.self_describing_json.SelfDescribingJson object at 0x70e16bb21610>, <snowplow_tracker.self_describing_json.SelfDescribingJson object at 0x70e16b50f500>, <snowplow_tracker.self_describing_json.SelfDescribingJson object at 0x70e16bf34fb0>]}
[0m17:55:54.626512 [debug] [MainThread]: Flushing usage events
[0m17:55:55.336128 [debug] [MainThread]: An error was encountered while trying to flush usage events
[0m18:26:22.081292 [debug] [MainThread]: Sending event: {'category': 'dbt', 'action': 'invocation', 'label': 'start', 'context': [<snowplow_tracker.self_describing_json.SelfDescribingJson object at 0x7759a52f2ff0>, <snowplow_tracker.self_describing_json.SelfDescribingJson object at 0x7759a49a2840>, <snowplow_tracker.self_describing_json.SelfDescribingJson object at 0x7759a5d24e30>]}


============================== 18:26:22.125573 | 4aa735a2-4953-4a42-ad2c-2307f1c0265d ==============================
[0m18:26:22.125573 [info ] [MainThread]: Running with dbt=1.11.11
[0m18:26:22.126158 [debug] [MainThread]: running dbt with arguments {'send_anonymous_usage_stats': 'True', 'static_parser': 'True', 'empty': 'None', 'quiet': 'False', 'profiles_dir': '/usr/app', 'warn_error': 'None', 'invocation_command': 'dbt debug', 'log_cache_events': 'False', 'version_check': 'True', 'introspect': 'True', 'debug': 'False', 'use_colors': 'True', 'partial_parse': 'True', 'log_path': '/usr/app/logs', 'no_print': 'None', 'use_experimental_parser': 'False', 'fail_fast': 'False', 'write_json': 'True', 'warn_error_options': 'WarnErrorOptionsV2(error=[], warn=[], silence=[])', 'target_path': 'None', 'indirect_selection': 'eager', 'printer_width': '80', 'log_format': 'default', 'cache_selected_only': 'False'}
[0m18:26:22.167388 [info ] [MainThread]: dbt version: 1.11.11
[0m18:26:22.168346 [info ] [MainThread]: python version: 3.12.13
[0m18:26:22.168861 [info ] [MainThread]: python path: /usr/local/bin/python
[0m18:26:22.169608 [info ] [MainThread]: os info: Linux-6.6.114.1-microsoft-standard-WSL2-x86_64-with-glibc2.41
[0m18:26:22.247540 [info ] [MainThread]: Using profiles dir at /usr/app
[0m18:26:22.248219 [info ] [MainThread]: Using profiles.yml file at /usr/app/profiles.yml
[0m18:26:22.248852 [info ] [MainThread]: Using dbt_project.yml file at /usr/app/dbt_project.yml
[0m18:26:22.249887 [info ] [MainThread]: adapter type: postgres
[0m18:26:22.250259 [info ] [MainThread]: adapter version: 1.10.0
[0m18:26:22.331487 [info ] [MainThread]: Configuration:
[0m18:26:22.332301 [info ] [MainThread]:   profiles.yml file [[32mOK found and valid[0m]
[0m18:26:22.332943 [info ] [MainThread]:   dbt_project.yml file [[32mOK found and valid[0m]
[0m18:26:22.333476 [info ] [MainThread]: Required dependencies:
[0m18:26:22.333941 [debug] [MainThread]: Executing "git --help"
[0m18:26:22.335149 [info ] [MainThread]:  - git [[31mERROR[0m]

[0m18:26:22.335549 [info ] [MainThread]: Connection:
[0m18:26:22.336010 [info ] [MainThread]:   host: postgres-db
[0m18:26:22.336402 [info ] [MainThread]:   port: 5432
[0m18:26:22.336886 [info ] [MainThread]:   user: postgres
[0m18:26:22.337243 [info ] [MainThread]:   database: Job_Analysis
[0m18:26:22.337627 [info ] [MainThread]:   schema: public
[0m18:26:22.338009 [info ] [MainThread]:   connect_timeout: 10
[0m18:26:22.338460 [info ] [MainThread]:   role: None
[0m18:26:22.338862 [info ] [MainThread]:   search_path: None
[0m18:26:22.339267 [info ] [MainThread]:   keepalives_idle: 0
[0m18:26:22.339625 [info ] [MainThread]:   sslmode: None
[0m18:26:22.340053 [info ] [MainThread]:   sslcert: None
[0m18:26:22.340458 [info ] [MainThread]:   sslkey: None
[0m18:26:22.340841 [info ] [MainThread]:   sslrootcert: None
[0m18:26:22.341221 [info ] [MainThread]:   application_name: dbt
[0m18:26:22.341688 [info ] [MainThread]:   retries: 1
[0m18:26:22.342290 [info ] [MainThread]: Registered adapter: postgres=1.10.0
[0m18:26:22.415750 [debug] [MainThread]: Acquiring new postgres connection 'debug'
[0m18:26:22.466058 [debug] [MainThread]: Using postgres connection "debug"
[0m18:26:22.466500 [debug] [MainThread]: On debug: select 1 as id
[0m18:26:22.466787 [debug] [MainThread]: Opening a new connection, currently in state init
[0m18:26:22.486765 [debug] [MainThread]: SQL status: SELECT 1 in 0.020 seconds
[0m18:26:22.487708 [debug] [MainThread]: On debug: Close
[0m18:26:22.488069 [info ] [MainThread]:   Connection test: [[32mOK connection ok[0m]

[0m18:26:22.488548 [info ] [MainThread]: [31m1 check failed:[0m
[0m18:26:22.489161 [info ] [MainThread]: Error from git --help: Could not find command, ensure it is in the user's PATH: "git"

[0m18:26:22.490695 [debug] [MainThread]: Resource report: {"command_name": "debug", "command_success": false, "command_wall_clock_time": 0.46186563, "process_in_blocks": "21376", "process_kernel_time": 0.39678, "process_mem_max_rss": "125176", "process_out_blocks": "0", "process_user_time": 2.448815}
[0m18:26:22.491162 [debug] [MainThread]: Command `dbt debug` failed at 18:26:22.491086 after 0.46 seconds
[0m18:26:22.491514 [debug] [MainThread]: Connection 'debug' was properly closed.
[0m18:26:22.491852 [debug] [MainThread]: Sending event: {'category': 'dbt', 'action': 'invocation', 'label': 'end', 'context': [<snowplow_tracker.self_describing_json.SelfDescribingJson object at 0x7759a5420170>, <snowplow_tracker.self_describing_json.SelfDescribingJson object at 0x7759a469f800>, <snowplow_tracker.self_describing_json.SelfDescribingJson object at 0x7759a469f500>]}
[0m18:26:22.492263 [debug] [MainThread]: Flushing usage events
[0m18:26:23.242760 [debug] [MainThread]: An error was encountered while trying to flush usage events
[0m18:26:27.459988 [debug] [MainThread]: Sending event: {'category': 'dbt', 'action': 'invocation', 'label': 'start', 'context': [<snowplow_tracker.self_describing_json.SelfDescribingJson object at 0x7d2885126f00>, <snowplow_tracker.self_describing_json.SelfDescribingJson object at 0x7d28845ddc40>, <snowplow_tracker.self_describing_json.SelfDescribingJson object at 0x7d2883f69a90>]}


============================== 18:26:27.509623 | d28a0f72-d1ed-42da-b24f-f8ae941a9252 ==============================
[0m18:26:27.509623 [info ] [MainThread]: Running with dbt=1.11.11
[0m18:26:27.510555 [debug] [MainThread]: running dbt with arguments {'warn_error': 'None', 'debug': 'False', 'indirect_selection': 'eager', 'partial_parse': 'True', 'log_cache_events': 'False', 'warn_error_options': 'WarnErrorOptionsV2(error=[], warn=[], silence=[])', 'version_check': 'True', 'write_json': 'True', 'profiles_dir': '/usr/app', 'use_experimental_parser': 'False', 'introspect': 'True', 'empty': 'False', 'target_path': 'None', 'use_colors': 'True', 'static_parser': 'True', 'printer_width': '80', 'quiet': 'False', 'send_anonymous_usage_stats': 'True', 'no_print': 'None', 'fail_fast': 'False', 'cache_selected_only': 'False', 'invocation_command': 'dbt run', 'log_format': 'default', 'log_path': '/usr/app/logs'}
[0m18:26:27.648137 [debug] [MainThread]: Sending event: {'category': 'dbt', 'action': 'project_id', 'label': 'd28a0f72-d1ed-42da-b24f-f8ae941a9252', 'context': [<snowplow_tracker.self_describing_json.SelfDescribingJson object at 0x7d288340c860>]}
[0m18:26:27.694393 [debug] [MainThread]: Sending event: {'category': 'dbt', 'action': 'adapter_info', 'label': 'd28a0f72-d1ed-42da-b24f-f8ae941a9252', 'context': [<snowplow_tracker.self_describing_json.SelfDescribingJson object at 0x7d28835287d0>]}
[0m18:26:27.695610 [info ] [MainThread]: Registered adapter: postgres=1.10.0
[0m18:26:27.775661 [debug] [MainThread]: checksum: 30a8cc8fdcbf66701b0944d4ccce3fa46dd04b61e5df68b9f16d57b2e0e3f0be, vars: {}, profile: , target: , version: 1.11.11
[0m18:26:27.821860 [info ] [MainThread]: Unable to do partial parsing because of a version mismatch
[0m18:26:27.822468 [debug] [MainThread]: Sending event: {'category': 'dbt', 'action': 'partial_parser', 'label': 'd28a0f72-d1ed-42da-b24f-f8ae941a9252', 'context': [<snowplow_tracker.self_describing_json.SelfDescribingJson object at 0x7d2882f0f020>]}
[0m18:26:28.639181 [debug] [MainThread]: Sending event: {'category': 'dbt', 'action': 'load_project', 'label': 'd28a0f72-d1ed-42da-b24f-f8ae941a9252', 'context': [<snowplow_tracker.self_describing_json.SelfDescribingJson object at 0x7d2884648770>]}
[0m18:26:28.705157 [debug] [MainThread]: Wrote artifact WritableManifest to /usr/app/target/manifest.json
[0m18:26:28.711558 [debug] [MainThread]: Wrote artifact SemanticManifest to /usr/app/target/semantic_manifest.json
[0m18:26:28.749119 [debug] [MainThread]: Sending event: {'category': 'dbt', 'action': 'resource_counts', 'label': 'd28a0f72-d1ed-42da-b24f-f8ae941a9252', 'context': [<snowplow_tracker.self_describing_json.SelfDescribingJson object at 0x7d288301e480>]}
[0m18:26:28.749766 [info ] [MainThread]: Found 1 model, 475 macros
[0m18:26:28.750338 [debug] [MainThread]: Sending event: {'category': 'dbt', 'action': 'runnable_timing', 'label': 'd28a0f72-d1ed-42da-b24f-f8ae941a9252', 'context': [<snowplow_tracker.self_describing_json.SelfDescribingJson object at 0x7d2883069220>]}
[0m18:26:28.752755 [info ] [MainThread]: 
[0m18:26:28.753428 [info ] [MainThread]: Concurrency: 1 threads (target='dev')
[0m18:26:28.753936 [info ] [MainThread]: 
[0m18:26:28.754745 [debug] [MainThread]: Acquiring new postgres connection 'master'
[0m18:26:28.756028 [debug] [ThreadPool]: Acquiring new postgres connection 'list_Job_Analysis'
[0m18:26:28.804916 [debug] [ThreadPool]: Using postgres connection "list_Job_Analysis"
[0m18:26:28.805902 [debug] [ThreadPool]: On list_Job_Analysis: /* {"app": "dbt", "dbt_version": "1.11.11", "profile_name": "job_analysis", "target_name": "dev", "connection_name": "list_Job_Analysis"} */

    select distinct nspname from pg_namespace
  
[0m18:26:28.806487 [debug] [ThreadPool]: Opening a new connection, currently in state init
[0m18:26:28.822321 [debug] [ThreadPool]: SQL status: SELECT 4 in 0.016 seconds
[0m18:26:28.824804 [debug] [ThreadPool]: On list_Job_Analysis: Close
[0m18:26:28.827402 [debug] [ThreadPool]: Re-using an available connection from the pool (formerly list_Job_Analysis, now list_Job_Analysis_public)
[0m18:26:28.832046 [debug] [ThreadPool]: Using postgres connection "list_Job_Analysis_public"
[0m18:26:28.832473 [debug] [ThreadPool]: On list_Job_Analysis_public: /* {"app": "dbt", "dbt_version": "1.11.11", "profile_name": "job_analysis", "target_name": "dev", "connection_name": "list_Job_Analysis_public"} */
select
      'Job_Analysis' as database,
      tablename as name,
      schemaname as schema,
      'table' as type
    from pg_tables
    where schemaname ilike 'public'
    union all
    select
      'Job_Analysis' as database,
      viewname as name,
      schemaname as schema,
      'view' as type
    from pg_views
    where schemaname ilike 'public'
    union all
    select
      'Job_Analysis' as database,
      matviewname as name,
      schemaname as schema,
      'materialized_view' as type
    from pg_matviews
    where schemaname ilike 'public'
  
[0m18:26:28.832945 [debug] [ThreadPool]: Opening a new connection, currently in state closed
[0m18:26:28.844992 [debug] [ThreadPool]: SQL status: SELECT 1 in 0.012 seconds
[0m18:26:28.846920 [debug] [ThreadPool]: On list_Job_Analysis_public: ROLLBACK
[0m18:26:28.847457 [debug] [ThreadPool]: On list_Job_Analysis_public: Close
[0m18:26:28.851653 [debug] [MainThread]: Using postgres connection "master"
[0m18:26:28.852243 [debug] [MainThread]: On master: /* {"app": "dbt", "dbt_version": "1.11.11", "profile_name": "job_analysis", "target_name": "dev", "connection_name": "master"} */
select distinct
        dependent_namespace.nspname as dependent_schema,
        dependent_class.relname as dependent_name,
        referenced_namespace.nspname as referenced_schema,
        referenced_class.relname as referenced_name

    -- Query for views: views are entries in pg_class with an entry in pg_rewrite, but we avoid
    -- a seq scan on pg_rewrite by leveraging the fact there is an "internal" row in pg_depend for
    -- the view...
    from pg_class as dependent_class
    join pg_namespace as dependent_namespace on dependent_namespace.oid = dependent_class.relnamespace
    join pg_depend as dependent_depend on dependent_depend.refobjid = dependent_class.oid
        and dependent_depend.classid = 'pg_rewrite'::regclass
        and dependent_depend.refclassid = 'pg_class'::regclass
        and dependent_depend.deptype = 'i'

    -- ... and via pg_depend (that has a row per column, hence the need for "distinct" above, and
    -- making sure to exclude the internal row to avoid a view appearing to depend on itself)...
    join pg_depend as joining_depend on joining_depend.objid = dependent_depend.objid
        and joining_depend.classid = 'pg_rewrite'::regclass
        and joining_depend.refclassid = 'pg_class'::regclass
        and joining_depend.refobjid != dependent_depend.refobjid

    -- ... we can find the tables they query from in pg_class, but excluding system tables. Note we
    -- don't need need to exclude _dependent_ system tables, because they only query from other
    -- system tables, and so are automatically excluded by excluding _referenced_ system tables
    join pg_class as referenced_class on referenced_class.oid = joining_depend.refobjid
    join pg_namespace as referenced_namespace on referenced_namespace.oid = referenced_class.relnamespace
        and referenced_namespace.nspname != 'information_schema'
        and referenced_namespace.nspname not like 'pg\_%'

    order by
        dependent_schema, dependent_name, referenced_schema, referenced_name;
[0m18:26:28.852952 [debug] [MainThread]: Opening a new connection, currently in state init
[0m18:26:28.861816 [debug] [MainThread]: SQL status: SELECT 0 in 0.009 seconds
[0m18:26:28.863007 [debug] [MainThread]: Sending event: {'category': 'dbt', 'action': 'runnable_timing', 'label': 'd28a0f72-d1ed-42da-b24f-f8ae941a9252', 'context': [<snowplow_tracker.self_describing_json.SelfDescribingJson object at 0x7d28823439b0>]}
[0m18:26:28.863492 [debug] [MainThread]: On master: ROLLBACK
[0m18:26:28.863913 [debug] [MainThread]: On master: COMMIT
[0m18:26:28.864224 [debug] [MainThread]: Using postgres connection "master"
[0m18:26:28.864696 [debug] [MainThread]: On master: COMMIT
[0m18:26:28.865248 [debug] [MainThread]: SQL status: COMMIT in 0.000 seconds
[0m18:26:28.865559 [debug] [MainThread]: On master: Close
[0m18:26:28.870601 [debug] [Thread-1 (]: Began running node model.job_analysis.stg_raw_jobs
[0m18:26:28.871261 [info ] [Thread-1 (]: 1 of 1 START sql view model public.stg_raw_jobs ................................ [RUN]
[0m18:26:28.871781 [debug] [Thread-1 (]: Re-using an available connection from the pool (formerly list_Job_Analysis_public, now model.job_analysis.stg_raw_jobs)
[0m18:26:28.872191 [debug] [Thread-1 (]: Began compiling node model.job_analysis.stg_raw_jobs
[0m18:26:28.876905 [debug] [Thread-1 (]: Writing injected SQL for node "model.job_analysis.stg_raw_jobs"
[0m18:26:28.883308 [debug] [Thread-1 (]: Began executing node model.job_analysis.stg_raw_jobs
[0m18:26:28.913869 [debug] [Thread-1 (]: Writing runtime sql for node "model.job_analysis.stg_raw_jobs"
[0m18:26:28.921560 [debug] [Thread-1 (]: Using postgres connection "model.job_analysis.stg_raw_jobs"
[0m18:26:28.922094 [debug] [Thread-1 (]: On model.job_analysis.stg_raw_jobs: /* {"app": "dbt", "dbt_version": "1.11.11", "profile_name": "job_analysis", "target_name": "dev", "node_id": "model.job_analysis.stg_raw_jobs"} */

  create view "Job_Analysis"."public"."stg_raw_jobs__dbt_tmp"
    
    
  as (
    SELECT
    source_id,
    job_title,
    company,
    location,
    salary_min,
    salary_max,
    date_posted
FROM raw_job_data
WHERE job_title IS NOT NULL
  );
[0m18:26:28.922460 [debug] [Thread-1 (]: Opening a new connection, currently in state closed
[0m18:26:28.930208 [debug] [Thread-1 (]: SQL status: CREATE VIEW in 0.008 seconds
[0m18:26:28.935681 [debug] [Thread-1 (]: Using postgres connection "model.job_analysis.stg_raw_jobs"
[0m18:26:28.936261 [debug] [Thread-1 (]: On model.job_analysis.stg_raw_jobs: /* {"app": "dbt", "dbt_version": "1.11.11", "profile_name": "job_analysis", "target_name": "dev", "node_id": "model.job_analysis.stg_raw_jobs"} */
alter table "Job_Analysis"."public"."stg_raw_jobs__dbt_tmp" rename to "stg_raw_jobs"
[0m18:26:28.937126 [debug] [Thread-1 (]: SQL status: ALTER TABLE in 0.000 seconds
[0m18:26:28.950037 [debug] [Thread-1 (]: On model.job_analysis.stg_raw_jobs: COMMIT
[0m18:26:28.950685 [debug] [Thread-1 (]: Using postgres connection "model.job_analysis.stg_raw_jobs"
[0m18:26:28.951058 [debug] [Thread-1 (]: On model.job_analysis.stg_raw_jobs: COMMIT
[0m18:26:28.952318 [debug] [Thread-1 (]: SQL status: COMMIT in 0.001 seconds
[0m18:26:28.957019 [debug] [Thread-1 (]: Applying DROP to: "Job_Analysis"."public"."stg_raw_jobs__dbt_backup"
[0m18:26:28.961832 [debug] [Thread-1 (]: Using postgres connection "model.job_analysis.stg_raw_jobs"
[0m18:26:28.962363 [debug] [Thread-1 (]: On model.job_analysis.stg_raw_jobs: /* {"app": "dbt", "dbt_version": "1.11.11", "profile_name": "job_analysis", "target_name": "dev", "node_id": "model.job_analysis.stg_raw_jobs"} */
drop view if exists "Job_Analysis"."public"."stg_raw_jobs__dbt_backup" cascade
[0m18:26:28.963970 [debug] [Thread-1 (]: SQL status: DROP VIEW in 0.001 seconds
[0m18:26:28.966520 [debug] [Thread-1 (]: On model.job_analysis.stg_raw_jobs: Close
[0m18:26:28.968884 [debug] [Thread-1 (]: Sending event: {'category': 'dbt', 'action': 'run_model', 'label': 'd28a0f72-d1ed-42da-b24f-f8ae941a9252', 'context': [<snowplow_tracker.self_describing_json.SelfDescribingJson object at 0x7d288338bd70>]}
[0m18:26:28.969904 [info ] [Thread-1 (]: 1 of 1 OK created sql view model public.stg_raw_jobs ........................... [[32mCREATE VIEW[0m in 0.10s]
[0m18:26:28.970719 [debug] [Thread-1 (]: Finished running node model.job_analysis.stg_raw_jobs
[0m18:26:28.972266 [debug] [MainThread]: On master: COMMIT
[0m18:26:28.972656 [debug] [MainThread]: Using postgres connection "master"
[0m18:26:28.973033 [debug] [MainThread]: On master: COMMIT
[0m18:26:28.973363 [debug] [MainThread]: Opening a new connection, currently in state closed
[0m18:26:28.979213 [debug] [MainThread]: SQL status: COMMIT in 0.006 seconds
[0m18:26:28.979897 [debug] [MainThread]: On master: Close
[0m18:26:28.980551 [debug] [MainThread]: Connection 'master' was properly closed.
[0m18:26:28.981011 [debug] [MainThread]: Connection 'model.job_analysis.stg_raw_jobs' was properly closed.
[0m18:26:28.981430 [info ] [MainThread]: 
[0m18:26:28.981934 [info ] [MainThread]: Finished running 1 view model in 0 hours 0 minutes and 0.23 seconds (0.23s).
[0m18:26:28.982873 [debug] [MainThread]: Command end result
[0m18:26:29.015755 [debug] [MainThread]: Wrote artifact WritableManifest to /usr/app/target/manifest.json
[0m18:26:29.020609 [debug] [MainThread]: Wrote artifact SemanticManifest to /usr/app/target/semantic_manifest.json
[0m18:26:29.029299 [debug] [MainThread]: Wrote artifact RunExecutionResult to /usr/app/target/run_results.json
[0m18:26:29.029793 [info ] [MainThread]: 
[0m18:26:29.030306 [info ] [MainThread]: [32mCompleted successfully[0m
[0m18:26:29.030747 [info ] [MainThread]: 
[0m18:26:29.031315 [info ] [MainThread]: Done. PASS=1 WARN=0 ERROR=0 SKIP=0 NO-OP=0 TOTAL=1
[0m18:26:29.032520 [debug] [MainThread]: Resource report: {"command_name": "run", "command_success": true, "command_wall_clock_time": 1.6252927, "process_in_blocks": "2704", "process_kernel_time": 0.453559, "process_mem_max_rss": "132528", "process_out_blocks": "0", "process_user_time": 3.771707}
[0m18:26:29.033135 [debug] [MainThread]: Command `dbt run` succeeded at 18:26:29.033033 after 1.63 seconds
[0m18:26:29.033555 [debug] [MainThread]: Sending event: {'category': 'dbt', 'action': 'invocation', 'label': 'end', 'context': [<snowplow_tracker.self_describing_json.SelfDescribingJson object at 0x7d2883e47fb0>, <snowplow_tracker.self_describing_json.SelfDescribingJson object at 0x7d288341aa50>, <snowplow_tracker.self_describing_json.SelfDescribingJson object at 0x7d2885f03050>]}
[0m18:26:29.033992 [debug] [MainThread]: Flushing usage events
[0m18:26:29.476159 [debug] [MainThread]: An error was encountered while trying to flush usage events
[0m18:26:33.689678 [debug] [MainThread]: Sending event: {'category': 'dbt', 'action': 'invocation', 'label': 'start', 'context': [<snowplow_tracker.self_describing_json.SelfDescribingJson object at 0x7c428e4b6c00>, <snowplow_tracker.self_describing_json.SelfDescribingJson object at 0x7c428fd31c10>, <snowplow_tracker.self_describing_json.SelfDescribingJson object at 0x7c428fc8d190>]}


============================== 18:26:33.735260 | 84755670-64d6-470f-9e40-5b371e47709a ==============================
[0m18:26:33.735260 [info ] [MainThread]: Running with dbt=1.11.11
[0m18:26:33.736169 [debug] [MainThread]: running dbt with arguments {'version_check': 'True', 'indirect_selection': 'eager', 'target_path': 'None', 'log_path': '/usr/app/logs', 'printer_width': '80', 'log_format': 'default', 'invocation_command': 'dbt test', 'introspect': 'True', 'log_cache_events': 'False', 'partial_parse': 'True', 'write_json': 'True', 'warn_error': 'None', 'static_parser': 'True', 'quiet': 'False', 'cache_selected_only': 'False', 'debug': 'False', 'profiles_dir': '/usr/app', 'send_anonymous_usage_stats': 'True', 'fail_fast': 'False', 'no_print': 'None', 'warn_error_options': 'WarnErrorOptionsV2(error=[], warn=[], silence=[])', 'use_experimental_parser': 'False', 'empty': 'None', 'use_colors': 'True'}
[0m18:26:33.870800 [debug] [MainThread]: Sending event: {'category': 'dbt', 'action': 'project_id', 'label': '84755670-64d6-470f-9e40-5b371e47709a', 'context': [<snowplow_tracker.self_describing_json.SelfDescribingJson object at 0x7c428ea391f0>]}
[0m18:26:33.922481 [debug] [MainThread]: Sending event: {'category': 'dbt', 'action': 'adapter_info', 'label': '84755670-64d6-470f-9e40-5b371e47709a', 'context': [<snowplow_tracker.self_describing_json.SelfDescribingJson object at 0x7c428ed02540>]}
[0m18:26:33.923681 [info ] [MainThread]: Registered adapter: postgres=1.10.0
[0m18:26:33.997712 [debug] [MainThread]: checksum: 30a8cc8fdcbf66701b0944d4ccce3fa46dd04b61e5df68b9f16d57b2e0e3f0be, vars: {}, profile: , target: , version: 1.11.11
[0m18:26:34.086533 [debug] [MainThread]: Partial parsing enabled: 0 files deleted, 0 files added, 0 files changed.
[0m18:26:34.087043 [debug] [MainThread]: Nothing changed, skipping partial parsing.
[0m18:26:34.087278 [debug] [MainThread]: Partial parsing enabled, no changes found, skipping parsing
[0m18:26:34.103311 [debug] [MainThread]: Sending event: {'category': 'dbt', 'action': 'load_project', 'label': '84755670-64d6-470f-9e40-5b371e47709a', 'context': [<snowplow_tracker.self_describing_json.SelfDescribingJson object at 0x7c428dc0c0e0>]}
[0m18:26:34.152261 [debug] [MainThread]: Wrote artifact WritableManifest to /usr/app/target/manifest.json
[0m18:26:34.157041 [debug] [MainThread]: Wrote artifact SemanticManifest to /usr/app/target/semantic_manifest.json
[0m18:26:34.311623 [debug] [MainThread]: Sending event: {'category': 'dbt', 'action': 'resource_counts', 'label': '84755670-64d6-470f-9e40-5b371e47709a', 'context': [<snowplow_tracker.self_describing_json.SelfDescribingJson object at 0x7c428d8ff350>]}
[0m18:26:34.312320 [info ] [MainThread]: Found 1 model, 475 macros
[0m18:26:34.312806 [debug] [MainThread]: Sending event: {'category': 'dbt', 'action': 'runnable_timing', 'label': '84755670-64d6-470f-9e40-5b371e47709a', 'context': [<snowplow_tracker.self_describing_json.SelfDescribingJson object at 0x7c428dda2570>]}
[0m18:26:34.314387 [warn ] [MainThread]: Nothing to do. Try checking your model configs and model specification args
[0m18:26:34.316174 [debug] [MainThread]: Command end result
[0m18:26:34.345779 [debug] [MainThread]: Wrote artifact WritableManifest to /usr/app/target/manifest.json
[0m18:26:34.350201 [debug] [MainThread]: Wrote artifact SemanticManifest to /usr/app/target/semantic_manifest.json
[0m18:26:34.356666 [debug] [MainThread]: Wrote artifact RunExecutionResult to /usr/app/target/run_results.json
[0m18:26:34.357917 [debug] [MainThread]: Resource report: {"command_name": "test", "command_success": true, "command_wall_clock_time": 0.72230595, "process_in_blocks": "864", "process_kernel_time": 0.389886, "process_mem_max_rss": "155380", "process_out_blocks": "0", "process_user_time": 2.951995}
[0m18:26:34.358447 [debug] [MainThread]: Command `dbt test` succeeded at 18:26:34.358359 after 0.72 seconds
[0m18:26:34.358859 [debug] [MainThread]: Sending event: {'category': 'dbt', 'action': 'invocation', 'label': 'end', 'context': [<snowplow_tracker.self_describing_json.SelfDescribingJson object at 0x7c428e4b6c00>, <snowplow_tracker.self_describing_json.SelfDescribingJson object at 0x7c428e8bdd90>, <snowplow_tracker.self_describing_json.SelfDescribingJson object at 0x7c428f441820>]}
[0m18:26:34.359231 [debug] [MainThread]: Flushing usage events
[0m18:26:34.790950 [debug] [MainThread]: An error was encountered while trying to flush usage events
[0m18:39:38.126210 [debug] [MainThread]: Sending event: {'category': 'dbt', 'action': 'invocation', 'label': 'start', 'context': [<snowplow_tracker.self_describing_json.SelfDescribingJson object at 0x72004d788590>, <snowplow_tracker.self_describing_json.SelfDescribingJson object at 0x72004c65f770>, <snowplow_tracker.self_describing_json.SelfDescribingJson object at 0x72004c162e40>]}


============================== 18:39:38.168698 | e147db7a-ea07-43c7-96b5-10da5d9ecd34 ==============================
[0m18:39:38.168698 [info ] [MainThread]: Running with dbt=1.11.11
[0m18:39:38.169360 [debug] [MainThread]: running dbt with arguments {'cache_selected_only': 'False', 'warn_error_options': 'WarnErrorOptionsV2(error=[], warn=[], silence=[])', 'empty': 'None', 'target_path': 'None', 'use_experimental_parser': 'False', 'version_check': 'True', 'static_parser': 'True', 'profiles_dir': '/usr/app', 'quiet': 'False', 'introspect': 'True', 'no_print': 'None', 'log_format': 'default', 'log_path': '/usr/app/logs', 'send_anonymous_usage_stats': 'True', 'log_cache_events': 'False', 'use_colors': 'True', 'warn_error': 'None', 'partial_parse': 'True', 'write_json': 'True', 'indirect_selection': 'eager', 'invocation_command': 'dbt debug', 'fail_fast': 'False', 'printer_width': '80', 'debug': 'False'}
[0m18:39:38.204765 [info ] [MainThread]: dbt version: 1.11.11
[0m18:39:38.205749 [info ] [MainThread]: python version: 3.12.13
[0m18:39:38.206552 [info ] [MainThread]: python path: /usr/local/bin/python
[0m18:39:38.207313 [info ] [MainThread]: os info: Linux-6.6.114.1-microsoft-standard-WSL2-x86_64-with-glibc2.41
[0m18:39:38.282464 [info ] [MainThread]: Using profiles dir at /usr/app
[0m18:39:38.283352 [info ] [MainThread]: Using profiles.yml file at /usr/app/profiles.yml
[0m18:39:38.284036 [info ] [MainThread]: Using dbt_project.yml file at /usr/app/dbt_project.yml
[0m18:39:38.284922 [info ] [MainThread]: adapter type: postgres
[0m18:39:38.285279 [info ] [MainThread]: adapter version: 1.10.0
[0m18:39:38.361599 [info ] [MainThread]: Configuration:
[0m18:39:38.362415 [info ] [MainThread]:   profiles.yml file [[32mOK found and valid[0m]
[0m18:39:38.363090 [info ] [MainThread]:   dbt_project.yml file [[32mOK found and valid[0m]
[0m18:39:38.363653 [info ] [MainThread]: Required dependencies:
[0m18:39:38.364045 [debug] [MainThread]: Executing "git --help"
[0m18:39:38.365395 [info ] [MainThread]:  - git [[31mERROR[0m]

[0m18:39:38.365737 [info ] [MainThread]: Connection:
[0m18:39:38.366177 [info ] [MainThread]:   host: postgres-db
[0m18:39:38.366562 [info ] [MainThread]:   port: 5432
[0m18:39:38.367063 [info ] [MainThread]:   user: postgres
[0m18:39:38.367499 [info ] [MainThread]:   database: Job_Analysis
[0m18:39:38.367888 [info ] [MainThread]:   schema: public
[0m18:39:38.368291 [info ] [MainThread]:   connect_timeout: 10
[0m18:39:38.368679 [info ] [MainThread]:   role: None
[0m18:39:38.369162 [info ] [MainThread]:   search_path: None
[0m18:39:38.369553 [info ] [MainThread]:   keepalives_idle: 0
[0m18:39:38.370083 [info ] [MainThread]:   sslmode: None
[0m18:39:38.370459 [info ] [MainThread]:   sslcert: None
[0m18:39:38.370838 [info ] [MainThread]:   sslkey: None
[0m18:39:38.371267 [info ] [MainThread]:   sslrootcert: None
[0m18:39:38.371644 [info ] [MainThread]:   application_name: dbt
[0m18:39:38.372054 [info ] [MainThread]:   retries: 1
[0m18:39:38.372648 [info ] [MainThread]: Registered adapter: postgres=1.10.0
[0m18:39:38.441421 [debug] [MainThread]: Acquiring new postgres connection 'debug'
[0m18:39:38.491767 [debug] [MainThread]: Using postgres connection "debug"
[0m18:39:38.492409 [debug] [MainThread]: On debug: select 1 as id
[0m18:39:38.492753 [debug] [MainThread]: Opening a new connection, currently in state init
[0m18:39:38.513000 [debug] [MainThread]: SQL status: SELECT 1 in 0.020 seconds
[0m18:39:38.514014 [debug] [MainThread]: On debug: Close
[0m18:39:38.514390 [info ] [MainThread]:   Connection test: [[32mOK connection ok[0m]

[0m18:39:38.514835 [info ] [MainThread]: [31m1 check failed:[0m
[0m18:39:38.515587 [info ] [MainThread]: Error from git --help: Could not find command, ensure it is in the user's PATH: "git"

[0m18:39:38.516902 [debug] [MainThread]: Resource report: {"command_name": "debug", "command_success": false, "command_wall_clock_time": 0.44033328, "process_in_blocks": "168", "process_kernel_time": 0.40068, "process_mem_max_rss": "125584", "process_out_blocks": "0", "process_user_time": 2.396146}
[0m18:39:38.517392 [debug] [MainThread]: Command `dbt debug` failed at 18:39:38.517307 after 0.44 seconds
[0m18:39:38.517725 [debug] [MainThread]: Connection 'debug' was properly closed.
[0m18:39:38.518113 [debug] [MainThread]: Sending event: {'category': 'dbt', 'action': 'invocation', 'label': 'end', 'context': [<snowplow_tracker.self_describing_json.SelfDescribingJson object at 0x72004bc51ee0>, <snowplow_tracker.self_describing_json.SelfDescribingJson object at 0x72005042aa20>, <snowplow_tracker.self_describing_json.SelfDescribingJson object at 0x72004b687f80>]}
[0m18:39:38.518480 [debug] [MainThread]: Flushing usage events
[0m18:39:39.023453 [debug] [MainThread]: An error was encountered while trying to flush usage events
[0m18:39:43.417146 [debug] [MainThread]: Sending event: {'category': 'dbt', 'action': 'invocation', 'label': 'start', 'context': [<snowplow_tracker.self_describing_json.SelfDescribingJson object at 0x7d5c96d36900>, <snowplow_tracker.self_describing_json.SelfDescribingJson object at 0x7d5c98f002c0>, <snowplow_tracker.self_describing_json.SelfDescribingJson object at 0x7d5c966787a0>]}


============================== 18:39:43.458436 | a61bcd51-1e51-4522-9152-4a14ac1fcb40 ==============================
[0m18:39:43.458436 [info ] [MainThread]: Running with dbt=1.11.11
[0m18:39:43.459088 [debug] [MainThread]: running dbt with arguments {'use_colors': 'True', 'introspect': 'True', 'no_print': 'None', 'partial_parse': 'True', 'log_cache_events': 'False', 'target_path': 'None', 'indirect_selection': 'eager', 'debug': 'False', 'log_format': 'default', 'log_path': '/usr/app/logs', 'quiet': 'False', 'invocation_command': 'dbt run', 'warn_error': 'None', 'empty': 'False', 'profiles_dir': '/usr/app', 'write_json': 'True', 'fail_fast': 'False', 'cache_selected_only': 'False', 'warn_error_options': 'WarnErrorOptionsV2(error=[], warn=[], silence=[])', 'printer_width': '80', 'version_check': 'True', 'send_anonymous_usage_stats': 'True', 'static_parser': 'True', 'use_experimental_parser': 'False'}
[0m18:39:43.585397 [debug] [MainThread]: Sending event: {'category': 'dbt', 'action': 'project_id', 'label': 'a61bcd51-1e51-4522-9152-4a14ac1fcb40', 'context': [<snowplow_tracker.self_describing_json.SelfDescribingJson object at 0x7d5c95d1af00>]}
[0m18:39:43.629431 [debug] [MainThread]: Sending event: {'category': 'dbt', 'action': 'adapter_info', 'label': 'a61bcd51-1e51-4522-9152-4a14ac1fcb40', 'context': [<snowplow_tracker.self_describing_json.SelfDescribingJson object at 0x7d5c9624a600>]}
[0m18:39:43.630856 [info ] [MainThread]: Registered adapter: postgres=1.10.0
[0m18:39:43.703068 [debug] [MainThread]: checksum: 30a8cc8fdcbf66701b0944d4ccce3fa46dd04b61e5df68b9f16d57b2e0e3f0be, vars: {}, profile: , target: , version: 1.11.11
[0m18:39:43.804928 [debug] [MainThread]: Partial parsing enabled: 0 files deleted, 0 files added, 0 files changed.
[0m18:39:43.805568 [debug] [MainThread]: Nothing changed, skipping partial parsing.
[0m18:39:43.806095 [debug] [MainThread]: Partial parsing enabled, no changes found, skipping parsing
[0m18:39:43.823770 [debug] [MainThread]: Sending event: {'category': 'dbt', 'action': 'load_project', 'label': 'a61bcd51-1e51-4522-9152-4a14ac1fcb40', 'context': [<snowplow_tracker.self_describing_json.SelfDescribingJson object at 0x7d5c95945fd0>]}
[0m18:39:43.874042 [debug] [MainThread]: Wrote artifact WritableManifest to /usr/app/target/manifest.json
[0m18:39:43.878613 [debug] [MainThread]: Wrote artifact SemanticManifest to /usr/app/target/semantic_manifest.json
[0m18:39:43.909480 [debug] [MainThread]: Sending event: {'category': 'dbt', 'action': 'resource_counts', 'label': 'a61bcd51-1e51-4522-9152-4a14ac1fcb40', 'context': [<snowplow_tracker.self_describing_json.SelfDescribingJson object at 0x7d5c94b19520>]}
[0m18:39:43.910201 [info ] [MainThread]: Found 1 model, 475 macros
[0m18:39:43.910557 [debug] [MainThread]: Sending event: {'category': 'dbt', 'action': 'runnable_timing', 'label': 'a61bcd51-1e51-4522-9152-4a14ac1fcb40', 'context': [<snowplow_tracker.self_describing_json.SelfDescribingJson object at 0x7d5c94b19730>]}
[0m18:39:43.912372 [info ] [MainThread]: 
[0m18:39:43.912816 [info ] [MainThread]: Concurrency: 1 threads (target='dev')
[0m18:39:43.913211 [info ] [MainThread]: 
[0m18:39:43.913756 [debug] [MainThread]: Acquiring new postgres connection 'master'
[0m18:39:43.915518 [debug] [ThreadPool]: Acquiring new postgres connection 'list_Job_Analysis'
[0m18:39:43.969231 [debug] [ThreadPool]: Using postgres connection "list_Job_Analysis"
[0m18:39:43.970041 [debug] [ThreadPool]: On list_Job_Analysis: /* {"app": "dbt", "dbt_version": "1.11.11", "profile_name": "job_analysis", "target_name": "dev", "connection_name": "list_Job_Analysis"} */

    select distinct nspname from pg_namespace
  
[0m18:39:43.970467 [debug] [ThreadPool]: Opening a new connection, currently in state init
[0m18:39:43.989332 [debug] [ThreadPool]: SQL status: SELECT 4 in 0.019 seconds
[0m18:39:43.990775 [debug] [ThreadPool]: On list_Job_Analysis: Close
[0m18:39:43.992300 [debug] [ThreadPool]: Re-using an available connection from the pool (formerly list_Job_Analysis, now list_Job_Analysis_public)
[0m18:39:43.998831 [debug] [ThreadPool]: Using postgres connection "list_Job_Analysis_public"
[0m18:39:43.999737 [debug] [ThreadPool]: On list_Job_Analysis_public: /* {"app": "dbt", "dbt_version": "1.11.11", "profile_name": "job_analysis", "target_name": "dev", "connection_name": "list_Job_Analysis_public"} */
select
      'Job_Analysis' as database,
      tablename as name,
      schemaname as schema,
      'table' as type
    from pg_tables
    where schemaname ilike 'public'
    union all
    select
      'Job_Analysis' as database,
      viewname as name,
      schemaname as schema,
      'view' as type
    from pg_views
    where schemaname ilike 'public'
    union all
    select
      'Job_Analysis' as database,
      matviewname as name,
      schemaname as schema,
      'materialized_view' as type
    from pg_matviews
    where schemaname ilike 'public'
  
[0m18:39:44.000376 [debug] [ThreadPool]: Opening a new connection, currently in state closed
[0m18:39:44.017848 [debug] [ThreadPool]: SQL status: SELECT 2 in 0.017 seconds
[0m18:39:44.019155 [debug] [ThreadPool]: On list_Job_Analysis_public: ROLLBACK
[0m18:39:44.019750 [debug] [ThreadPool]: On list_Job_Analysis_public: Close
[0m18:39:44.023602 [debug] [MainThread]: Using postgres connection "master"
[0m18:39:44.024189 [debug] [MainThread]: On master: /* {"app": "dbt", "dbt_version": "1.11.11", "profile_name": "job_analysis", "target_name": "dev", "connection_name": "master"} */
select distinct
        dependent_namespace.nspname as dependent_schema,
        dependent_class.relname as dependent_name,
        referenced_namespace.nspname as referenced_schema,
        referenced_class.relname as referenced_name

    -- Query for views: views are entries in pg_class with an entry in pg_rewrite, but we avoid
    -- a seq scan on pg_rewrite by leveraging the fact there is an "internal" row in pg_depend for
    -- the view...
    from pg_class as dependent_class
    join pg_namespace as dependent_namespace on dependent_namespace.oid = dependent_class.relnamespace
    join pg_depend as dependent_depend on dependent_depend.refobjid = dependent_class.oid
        and dependent_depend.classid = 'pg_rewrite'::regclass
        and dependent_depend.refclassid = 'pg_class'::regclass
        and dependent_depend.deptype = 'i'

    -- ... and via pg_depend (that has a row per column, hence the need for "distinct" above, and
    -- making sure to exclude the internal row to avoid a view appearing to depend on itself)...
    join pg_depend as joining_depend on joining_depend.objid = dependent_depend.objid
        and joining_depend.classid = 'pg_rewrite'::regclass
        and joining_depend.refclassid = 'pg_class'::regclass
        and joining_depend.refobjid != dependent_depend.refobjid

    -- ... we can find the tables they query from in pg_class, but excluding system tables. Note we
    -- don't need need to exclude _dependent_ system tables, because they only query from other
    -- system tables, and so are automatically excluded by excluding _referenced_ system tables
    join pg_class as referenced_class on referenced_class.oid = joining_depend.refobjid
    join pg_namespace as referenced_namespace on referenced_namespace.oid = referenced_class.relnamespace
        and referenced_namespace.nspname != 'information_schema'
        and referenced_namespace.nspname not like 'pg\_%'

    order by
        dependent_schema, dependent_name, referenced_schema, referenced_name;
[0m18:39:44.024660 [debug] [MainThread]: Opening a new connection, currently in state init
[0m18:39:44.039715 [debug] [MainThread]: SQL status: SELECT 1 in 0.015 seconds
[0m18:39:44.041219 [debug] [MainThread]: Sending event: {'category': 'dbt', 'action': 'runnable_timing', 'label': 'a61bcd51-1e51-4522-9152-4a14ac1fcb40', 'context': [<snowplow_tracker.self_describing_json.SelfDescribingJson object at 0x7d5c947caa20>]}
[0m18:39:44.041833 [debug] [MainThread]: On master: ROLLBACK
[0m18:39:44.042621 [debug] [MainThread]: On master: COMMIT
[0m18:39:44.043105 [debug] [MainThread]: Using postgres connection "master"
[0m18:39:44.043518 [debug] [MainThread]: On master: COMMIT
[0m18:39:44.044245 [debug] [MainThread]: SQL status: COMMIT in 0.000 seconds
[0m18:39:44.044604 [debug] [MainThread]: On master: Close
[0m18:39:44.048390 [debug] [Thread-1 (]: Began running node model.job_analysis.stg_raw_jobs
[0m18:39:44.049137 [info ] [Thread-1 (]: 1 of 1 START sql view model public.stg_raw_jobs ................................ [RUN]
[0m18:39:44.050050 [debug] [Thread-1 (]: Re-using an available connection from the pool (formerly list_Job_Analysis_public, now model.job_analysis.stg_raw_jobs)
[0m18:39:44.050542 [debug] [Thread-1 (]: Began compiling node model.job_analysis.stg_raw_jobs
[0m18:39:44.055147 [debug] [Thread-1 (]: Writing injected SQL for node "model.job_analysis.stg_raw_jobs"
[0m18:39:44.063241 [debug] [Thread-1 (]: Began executing node model.job_analysis.stg_raw_jobs
[0m18:39:44.093736 [debug] [Thread-1 (]: Writing runtime sql for node "model.job_analysis.stg_raw_jobs"
[0m18:39:44.101524 [debug] [Thread-1 (]: Using postgres connection "model.job_analysis.stg_raw_jobs"
[0m18:39:44.102092 [debug] [Thread-1 (]: On model.job_analysis.stg_raw_jobs: /* {"app": "dbt", "dbt_version": "1.11.11", "profile_name": "job_analysis", "target_name": "dev", "node_id": "model.job_analysis.stg_raw_jobs"} */

  create view "Job_Analysis"."public"."stg_raw_jobs__dbt_tmp"
    
    
  as (
    SELECT
    source_id,
    job_title,
    company,
    location,
    salary_min,
    salary_max,
    date_posted
FROM raw_job_data
WHERE job_title IS NOT NULL
  );
[0m18:39:44.102498 [debug] [Thread-1 (]: Opening a new connection, currently in state closed
[0m18:39:44.116990 [debug] [Thread-1 (]: SQL status: CREATE VIEW in 0.014 seconds
[0m18:39:44.123048 [debug] [Thread-1 (]: Using postgres connection "model.job_analysis.stg_raw_jobs"
[0m18:39:44.123726 [debug] [Thread-1 (]: On model.job_analysis.stg_raw_jobs: /* {"app": "dbt", "dbt_version": "1.11.11", "profile_name": "job_analysis", "target_name": "dev", "node_id": "model.job_analysis.stg_raw_jobs"} */
alter table "Job_Analysis"."public"."stg_raw_jobs" rename to "stg_raw_jobs__dbt_backup"
[0m18:39:44.124787 [debug] [Thread-1 (]: SQL status: ALTER TABLE in 0.001 seconds
[0m18:39:44.127273 [debug] [Thread-1 (]: Using postgres connection "model.job_analysis.stg_raw_jobs"
[0m18:39:44.127775 [debug] [Thread-1 (]: On model.job_analysis.stg_raw_jobs: /* {"app": "dbt", "dbt_version": "1.11.11", "profile_name": "job_analysis", "target_name": "dev", "node_id": "model.job_analysis.stg_raw_jobs"} */
alter table "Job_Analysis"."public"."stg_raw_jobs__dbt_tmp" rename to "stg_raw_jobs"
[0m18:39:44.128573 [debug] [Thread-1 (]: SQL status: ALTER TABLE in 0.000 seconds
[0m18:39:44.140039 [debug] [Thread-1 (]: On model.job_analysis.stg_raw_jobs: COMMIT
[0m18:39:44.140494 [debug] [Thread-1 (]: Using postgres connection "model.job_analysis.stg_raw_jobs"
[0m18:39:44.140813 [debug] [Thread-1 (]: On model.job_analysis.stg_raw_jobs: COMMIT
[0m18:39:44.142179 [debug] [Thread-1 (]: SQL status: COMMIT in 0.001 seconds
[0m18:39:44.146154 [debug] [Thread-1 (]: Applying DROP to: "Job_Analysis"."public"."stg_raw_jobs__dbt_backup"
[0m18:39:44.150047 [debug] [Thread-1 (]: Using postgres connection "model.job_analysis.stg_raw_jobs"
[0m18:39:44.150614 [debug] [Thread-1 (]: On model.job_analysis.stg_raw_jobs: /* {"app": "dbt", "dbt_version": "1.11.11", "profile_name": "job_analysis", "target_name": "dev", "node_id": "model.job_analysis.stg_raw_jobs"} */
drop view if exists "Job_Analysis"."public"."stg_raw_jobs__dbt_backup" cascade
[0m18:39:44.154912 [debug] [Thread-1 (]: SQL status: DROP VIEW in 0.004 seconds
[0m18:39:44.156965 [debug] [Thread-1 (]: On model.job_analysis.stg_raw_jobs: Close
[0m18:39:44.158591 [debug] [Thread-1 (]: Sending event: {'category': 'dbt', 'action': 'run_model', 'label': 'a61bcd51-1e51-4522-9152-4a14ac1fcb40', 'context': [<snowplow_tracker.self_describing_json.SelfDescribingJson object at 0x7d5c98ae8860>]}
[0m18:39:44.159590 [info ] [Thread-1 (]: 1 of 1 OK created sql view model public.stg_raw_jobs ........................... [[32mCREATE VIEW[0m in 0.11s]
[0m18:39:44.160392 [debug] [Thread-1 (]: Finished running node model.job_analysis.stg_raw_jobs
[0m18:39:44.162091 [debug] [MainThread]: On master: COMMIT
[0m18:39:44.162433 [debug] [MainThread]: Using postgres connection "master"
[0m18:39:44.162729 [debug] [MainThread]: On master: COMMIT
[0m18:39:44.163009 [debug] [MainThread]: Opening a new connection, currently in state closed
[0m18:39:44.168971 [debug] [MainThread]: SQL status: COMMIT in 0.006 seconds
[0m18:39:44.169476 [debug] [MainThread]: On master: Close
[0m18:39:44.170173 [debug] [MainThread]: Connection 'master' was properly closed.
[0m18:39:44.170578 [debug] [MainThread]: Connection 'model.job_analysis.stg_raw_jobs' was properly closed.
[0m18:39:44.170940 [info ] [MainThread]: 
[0m18:39:44.171424 [info ] [MainThread]: Finished running 1 view model in 0 hours 0 minutes and 0.26 seconds (0.26s).
[0m18:39:44.172171 [debug] [MainThread]: Command end result
[0m18:39:44.204799 [debug] [MainThread]: Wrote artifact WritableManifest to /usr/app/target/manifest.json
[0m18:39:44.210676 [debug] [MainThread]: Wrote artifact SemanticManifest to /usr/app/target/semantic_manifest.json
[0m18:39:44.218046 [debug] [MainThread]: Wrote artifact RunExecutionResult to /usr/app/target/run_results.json
[0m18:39:44.218492 [info ] [MainThread]: 
[0m18:39:44.219219 [info ] [MainThread]: [32mCompleted successfully[0m
[0m18:39:44.219679 [info ] [MainThread]: 
[0m18:39:44.220253 [info ] [MainThread]: Done. PASS=1 WARN=0 ERROR=0 SKIP=0 NO-OP=0 TOTAL=1
[0m18:39:44.221291 [debug] [MainThread]: Resource report: {"command_name": "run", "command_success": true, "command_wall_clock_time": 0.86241513, "process_in_blocks": "0", "process_kernel_time": 0.419003, "process_mem_max_rss": "130240", "process_out_blocks": "0", "process_user_time": 2.769413}
[0m18:39:44.221816 [debug] [MainThread]: Command `dbt run` succeeded at 18:39:44.221705 after 0.86 seconds
[0m18:39:44.222205 [debug] [MainThread]: Sending event: {'category': 'dbt', 'action': 'invocation', 'label': 'end', 'context': [<snowplow_tracker.self_describing_json.SelfDescribingJson object at 0x7d5c96162db0>, <snowplow_tracker.self_describing_json.SelfDescribingJson object at 0x7d5c95a745f0>, <snowplow_tracker.self_describing_json.SelfDescribingJson object at 0x7d5c9a59ea20>]}
[0m18:39:44.222580 [debug] [MainThread]: Flushing usage events
[0m18:39:44.669497 [debug] [MainThread]: An error was encountered while trying to flush usage events
[0m18:39:49.112820 [debug] [MainThread]: Sending event: {'category': 'dbt', 'action': 'invocation', 'label': 'start', 'context': [<snowplow_tracker.self_describing_json.SelfDescribingJson object at 0x76cc837ab860>, <snowplow_tracker.self_describing_json.SelfDescribingJson object at 0x76cc82c8c9b0>, <snowplow_tracker.self_describing_json.SelfDescribingJson object at 0x76cc83cec6b0>]}


============================== 18:39:49.168948 | b075a7ce-7630-4d73-87b5-45c506d6b309 ==============================
[0m18:39:49.168948 [info ] [MainThread]: Running with dbt=1.11.11
[0m18:39:49.170005 [debug] [MainThread]: running dbt with arguments {'cache_selected_only': 'False', 'warn_error_options': 'WarnErrorOptionsV2(error=[], warn=[], silence=[])', 'quiet': 'False', 'static_parser': 'True', 'introspect': 'True', 'no_print': 'None', 'use_experimental_parser': 'False', 'fail_fast': 'False', 'printer_width': '80', 'invocation_command': 'dbt test', 'log_cache_events': 'False', 'warn_error': 'None', 'target_path': 'None', 'log_format': 'default', 'indirect_selection': 'eager', 'empty': 'None', 'send_anonymous_usage_stats': 'True', 'profiles_dir': '/usr/app', 'use_colors': 'True', 'partial_parse': 'True', 'version_check': 'True', 'write_json': 'True', 'log_path': '/usr/app/logs', 'debug': 'False'}
[0m18:39:49.320645 [debug] [MainThread]: Sending event: {'category': 'dbt', 'action': 'project_id', 'label': 'b075a7ce-7630-4d73-87b5-45c506d6b309', 'context': [<snowplow_tracker.self_describing_json.SelfDescribingJson object at 0x76cc82bad430>]}
[0m18:39:49.368728 [debug] [MainThread]: Sending event: {'category': 'dbt', 'action': 'adapter_info', 'label': 'b075a7ce-7630-4d73-87b5-45c506d6b309', 'context': [<snowplow_tracker.self_describing_json.SelfDescribingJson object at 0x76cc84e8b650>]}
[0m18:39:49.369890 [info ] [MainThread]: Registered adapter: postgres=1.10.0
[0m18:39:49.444938 [debug] [MainThread]: checksum: 30a8cc8fdcbf66701b0944d4ccce3fa46dd04b61e5df68b9f16d57b2e0e3f0be, vars: {}, profile: , target: , version: 1.11.11
[0m18:39:49.536972 [debug] [MainThread]: Partial parsing enabled: 0 files deleted, 0 files added, 0 files changed.
[0m18:39:49.537646 [debug] [MainThread]: Nothing changed, skipping partial parsing.
[0m18:39:49.538171 [debug] [MainThread]: Partial parsing enabled, no changes found, skipping parsing
[0m18:39:49.555807 [debug] [MainThread]: Sending event: {'category': 'dbt', 'action': 'load_project', 'label': 'b075a7ce-7630-4d73-87b5-45c506d6b309', 'context': [<snowplow_tracker.self_describing_json.SelfDescribingJson object at 0x76cc81f3b560>]}
[0m18:39:49.612506 [debug] [MainThread]: Wrote artifact WritableManifest to /usr/app/target/manifest.json
[0m18:39:49.620807 [debug] [MainThread]: Wrote artifact SemanticManifest to /usr/app/target/semantic_manifest.json
[0m18:39:49.769447 [debug] [MainThread]: Sending event: {'category': 'dbt', 'action': 'resource_counts', 'label': 'b075a7ce-7630-4d73-87b5-45c506d6b309', 'context': [<snowplow_tracker.self_describing_json.SelfDescribingJson object at 0x76cc81cfb020>]}
[0m18:39:49.770167 [info ] [MainThread]: Found 1 model, 475 macros
[0m18:39:49.770558 [debug] [MainThread]: Sending event: {'category': 'dbt', 'action': 'runnable_timing', 'label': 'b075a7ce-7630-4d73-87b5-45c506d6b309', 'context': [<snowplow_tracker.self_describing_json.SelfDescribingJson object at 0x76cc811174d0>]}
[0m18:39:49.771929 [warn ] [MainThread]: Nothing to do. Try checking your model configs and model specification args
[0m18:39:49.773585 [debug] [MainThread]: Command end result
[0m18:39:49.802933 [debug] [MainThread]: Wrote artifact WritableManifest to /usr/app/target/manifest.json
[0m18:39:49.807962 [debug] [MainThread]: Wrote artifact SemanticManifest to /usr/app/target/semantic_manifest.json
[0m18:39:49.813990 [debug] [MainThread]: Wrote artifact RunExecutionResult to /usr/app/target/run_results.json
[0m18:39:49.815138 [debug] [MainThread]: Resource report: {"command_name": "test", "command_success": true, "command_wall_clock_time": 0.7532342, "process_in_blocks": "0", "process_kernel_time": 0.359656, "process_mem_max_rss": "155580", "process_out_blocks": "0", "process_user_time": 2.79733}
[0m18:39:49.815629 [debug] [MainThread]: Command `dbt test` succeeded at 18:39:49.815550 after 0.75 seconds
[0m18:39:49.816012 [debug] [MainThread]: Sending event: {'category': 'dbt', 'action': 'invocation', 'label': 'end', 'context': [<snowplow_tracker.self_describing_json.SelfDescribingJson object at 0x76cc82a97bf0>, <snowplow_tracker.self_describing_json.SelfDescribingJson object at 0x76cc82a94500>, <snowplow_tracker.self_describing_json.SelfDescribingJson object at 0x76cc854edbb0>]}
[0m18:39:49.816395 [debug] [MainThread]: Flushing usage events
[0m18:39:50.234453 [debug] [MainThread]: An error was encountered while trying to flush usage events
[0m18:40:44.832916 [debug] [MainThread]: Sending event: {'category': 'dbt', 'action': 'invocation', 'label': 'start', 'context': [<snowplow_tracker.self_describing_json.SelfDescribingJson object at 0x7248c01a3a70>, <snowplow_tracker.self_describing_json.SelfDescribingJson object at 0x7248bf80e330>, <snowplow_tracker.self_describing_json.SelfDescribingJson object at 0x7248bf820e60>]}


============================== 18:40:44.882003 | 328cd24f-1eb2-4ef1-91ed-9d1e66bf824e ==============================
[0m18:40:44.882003 [info ] [MainThread]: Running with dbt=1.11.11
[0m18:40:44.882753 [debug] [MainThread]: running dbt with arguments {'invocation_command': 'dbt debug', 'write_json': 'True', 'warn_error_options': 'WarnErrorOptionsV2(error=[], warn=[], silence=[])', 'send_anonymous_usage_stats': 'True', 'log_cache_events': 'False', 'cache_selected_only': 'False', 'use_colors': 'True', 'debug': 'False', 'profiles_dir': '/usr/app', 'indirect_selection': 'eager', 'target_path': 'None', 'static_parser': 'True', 'use_experimental_parser': 'False', 'quiet': 'False', 'version_check': 'True', 'empty': 'None', 'introspect': 'True', 'warn_error': 'None', 'printer_width': '80', 'no_print': 'None', 'log_format': 'default', 'log_path': '/usr/app/logs', 'partial_parse': 'True', 'fail_fast': 'False'}
[0m18:40:44.918895 [info ] [MainThread]: dbt version: 1.11.11
[0m18:40:44.919569 [info ] [MainThread]: python version: 3.12.13
[0m18:40:44.920164 [info ] [MainThread]: python path: /usr/local/bin/python
[0m18:40:44.920904 [info ] [MainThread]: os info: Linux-6.6.114.1-microsoft-standard-WSL2-x86_64-with-glibc2.41
[0m18:40:44.975529 [info ] [MainThread]: Using profiles dir at /usr/app
[0m18:40:44.976259 [info ] [MainThread]: Using profiles.yml file at /usr/app/profiles.yml
[0m18:40:44.977008 [info ] [MainThread]: Using dbt_project.yml file at /usr/app/dbt_project.yml
[0m18:40:44.977663 [info ] [MainThread]: adapter type: postgres
[0m18:40:44.978081 [info ] [MainThread]: adapter version: 1.10.0
[0m18:40:45.062277 [info ] [MainThread]: Configuration:
[0m18:40:45.063423 [info ] [MainThread]:   profiles.yml file [[32mOK found and valid[0m]
[0m18:40:45.064279 [info ] [MainThread]:   dbt_project.yml file [[32mOK found and valid[0m]
[0m18:40:45.064932 [info ] [MainThread]: Required dependencies:
[0m18:40:45.065355 [debug] [MainThread]: Executing "git --help"
[0m18:40:45.066714 [info ] [MainThread]:  - git [[31mERROR[0m]

[0m18:40:45.067350 [info ] [MainThread]: Connection:
[0m18:40:45.067928 [info ] [MainThread]:   host: postgres-db
[0m18:40:45.068466 [info ] [MainThread]:   port: 5432
[0m18:40:45.068841 [info ] [MainThread]:   user: postgres
[0m18:40:45.069283 [info ] [MainThread]:   database: Job_Analysis
[0m18:40:45.069674 [info ] [MainThread]:   schema: public
[0m18:40:45.070027 [info ] [MainThread]:   connect_timeout: 10
[0m18:40:45.070430 [info ] [MainThread]:   role: None
[0m18:40:45.070899 [info ] [MainThread]:   search_path: None
[0m18:40:45.071433 [info ] [MainThread]:   keepalives_idle: 0
[0m18:40:45.071864 [info ] [MainThread]:   sslmode: None
[0m18:40:45.072280 [info ] [MainThread]:   sslcert: None
[0m18:40:45.072693 [info ] [MainThread]:   sslkey: None
[0m18:40:45.073126 [info ] [MainThread]:   sslrootcert: None
[0m18:40:45.073552 [info ] [MainThread]:   application_name: dbt
[0m18:40:45.074001 [info ] [MainThread]:   retries: 1
[0m18:40:45.074663 [info ] [MainThread]: Registered adapter: postgres=1.10.0
[0m18:40:45.141879 [debug] [MainThread]: Acquiring new postgres connection 'debug'
[0m18:40:45.175097 [debug] [MainThread]: Using postgres connection "debug"
[0m18:40:45.175625 [debug] [MainThread]: On debug: select 1 as id
[0m18:40:45.176200 [debug] [MainThread]: Opening a new connection, currently in state init
[0m18:40:45.185520 [debug] [MainThread]: SQL status: SELECT 1 in 0.009 seconds
[0m18:40:45.186478 [debug] [MainThread]: On debug: Close
[0m18:40:45.186884 [info ] [MainThread]:   Connection test: [[32mOK connection ok[0m]

[0m18:40:45.187337 [info ] [MainThread]: [31m1 check failed:[0m
[0m18:40:45.187955 [info ] [MainThread]: Error from git --help: Could not find command, ensure it is in the user's PATH: "git"

[0m18:40:45.189226 [debug] [MainThread]: Resource report: {"command_name": "debug", "command_success": false, "command_wall_clock_time": 0.41039893, "process_in_blocks": "0", "process_kernel_time": 0.364777, "process_mem_max_rss": "125544", "process_out_blocks": "0", "process_user_time": 2.713786}
[0m18:40:45.189722 [debug] [MainThread]: Command `dbt debug` failed at 18:40:45.189628 after 0.41 seconds
[0m18:40:45.190083 [debug] [MainThread]: Connection 'debug' was properly closed.
[0m18:40:45.190409 [debug] [MainThread]: Sending event: {'category': 'dbt', 'action': 'invocation', 'label': 'end', 'context': [<snowplow_tracker.self_describing_json.SelfDescribingJson object at 0x7248bfc51fa0>, <snowplow_tracker.self_describing_json.SelfDescribingJson object at 0x7248bef02510>, <snowplow_tracker.self_describing_json.SelfDescribingJson object at 0x7248bede2ff0>]}
[0m18:40:45.190780 [debug] [MainThread]: Flushing usage events
[0m18:40:45.845931 [debug] [MainThread]: An error was encountered while trying to flush usage events
[0m18:40:50.639254 [debug] [MainThread]: Sending event: {'category': 'dbt', 'action': 'invocation', 'label': 'start', 'context': [<snowplow_tracker.self_describing_json.SelfDescribingJson object at 0x77399fc3d580>, <snowplow_tracker.self_describing_json.SelfDescribingJson object at 0x77399eb90ce0>, <snowplow_tracker.self_describing_json.SelfDescribingJson object at 0x7739a1a5c7d0>]}


============================== 18:40:50.688848 | 1a35b39c-e620-4613-b575-4c382cf370b3 ==============================
[0m18:40:50.688848 [info ] [MainThread]: Running with dbt=1.11.11
[0m18:40:50.689528 [debug] [MainThread]: running dbt with arguments {'profiles_dir': '/usr/app', 'quiet': 'False', 'empty': 'False', 'fail_fast': 'False', 'version_check': 'True', 'debug': 'False', 'target_path': 'None', 'use_colors': 'True', 'introspect': 'True', 'log_format': 'default', 'warn_error_options': 'WarnErrorOptionsV2(error=[], warn=[], silence=[])', 'log_path': '/usr/app/logs', 'indirect_selection': 'eager', 'partial_parse': 'True', 'use_experimental_parser': 'False', 'cache_selected_only': 'False', 'warn_error': 'None', 'static_parser': 'True', 'send_anonymous_usage_stats': 'True', 'log_cache_events': 'False', 'no_print': 'None', 'write_json': 'True', 'invocation_command': 'dbt run', 'printer_width': '80'}
[0m18:40:50.826086 [debug] [MainThread]: Sending event: {'category': 'dbt', 'action': 'project_id', 'label': '1a35b39c-e620-4613-b575-4c382cf370b3', 'context': [<snowplow_tracker.self_describing_json.SelfDescribingJson object at 0x77399f870740>]}
[0m18:40:50.868390 [debug] [MainThread]: Sending event: {'category': 'dbt', 'action': 'adapter_info', 'label': '1a35b39c-e620-4613-b575-4c382cf370b3', 'context': [<snowplow_tracker.self_describing_json.SelfDescribingJson object at 0x77399ed451c0>]}
[0m18:40:50.869360 [info ] [MainThread]: Registered adapter: postgres=1.10.0
[0m18:40:50.946793 [debug] [MainThread]: checksum: 30a8cc8fdcbf66701b0944d4ccce3fa46dd04b61e5df68b9f16d57b2e0e3f0be, vars: {}, profile: , target: , version: 1.11.11
[0m18:40:51.036141 [debug] [MainThread]: Partial parsing enabled: 0 files deleted, 0 files added, 0 files changed.
[0m18:40:51.036641 [debug] [MainThread]: Nothing changed, skipping partial parsing.
[0m18:40:51.036965 [debug] [MainThread]: Partial parsing enabled, no changes found, skipping parsing
[0m18:40:51.054412 [debug] [MainThread]: Sending event: {'category': 'dbt', 'action': 'load_project', 'label': '1a35b39c-e620-4613-b575-4c382cf370b3', 'context': [<snowplow_tracker.self_describing_json.SelfDescribingJson object at 0x77399e384f50>]}
[0m18:40:51.110331 [debug] [MainThread]: Wrote artifact WritableManifest to /usr/app/target/manifest.json
[0m18:40:51.117221 [debug] [MainThread]: Wrote artifact SemanticManifest to /usr/app/target/semantic_manifest.json
[0m18:40:51.148525 [debug] [MainThread]: Sending event: {'category': 'dbt', 'action': 'resource_counts', 'label': '1a35b39c-e620-4613-b575-4c382cf370b3', 'context': [<snowplow_tracker.self_describing_json.SelfDescribingJson object at 0x77399e0e1f40>]}
[0m18:40:51.149171 [info ] [MainThread]: Found 1 model, 475 macros
[0m18:40:51.149580 [debug] [MainThread]: Sending event: {'category': 'dbt', 'action': 'runnable_timing', 'label': '1a35b39c-e620-4613-b575-4c382cf370b3', 'context': [<snowplow_tracker.self_describing_json.SelfDescribingJson object at 0x77399e66ed20>]}
[0m18:40:51.151562 [info ] [MainThread]: 
[0m18:40:51.152135 [info ] [MainThread]: Concurrency: 1 threads (target='dev')
[0m18:40:51.152545 [info ] [MainThread]: 
[0m18:40:51.153245 [debug] [MainThread]: Acquiring new postgres connection 'master'
[0m18:40:51.154368 [debug] [ThreadPool]: Acquiring new postgres connection 'list_Job_Analysis'
[0m18:40:51.203987 [debug] [ThreadPool]: Using postgres connection "list_Job_Analysis"
[0m18:40:51.205014 [debug] [ThreadPool]: On list_Job_Analysis: /* {"app": "dbt", "dbt_version": "1.11.11", "profile_name": "job_analysis", "target_name": "dev", "connection_name": "list_Job_Analysis"} */

    select distinct nspname from pg_namespace
  
[0m18:40:51.205546 [debug] [ThreadPool]: Opening a new connection, currently in state init
[0m18:40:51.216447 [debug] [ThreadPool]: SQL status: SELECT 4 in 0.011 seconds
[0m18:40:51.217884 [debug] [ThreadPool]: On list_Job_Analysis: Close
[0m18:40:51.219344 [debug] [ThreadPool]: Re-using an available connection from the pool (formerly list_Job_Analysis, now list_Job_Analysis_public)
[0m18:40:51.224622 [debug] [ThreadPool]: Using postgres connection "list_Job_Analysis_public"
[0m18:40:51.225580 [debug] [ThreadPool]: On list_Job_Analysis_public: /* {"app": "dbt", "dbt_version": "1.11.11", "profile_name": "job_analysis", "target_name": "dev", "connection_name": "list_Job_Analysis_public"} */
select
      'Job_Analysis' as database,
      tablename as name,
      schemaname as schema,
      'table' as type
    from pg_tables
    where schemaname ilike 'public'
    union all
    select
      'Job_Analysis' as database,
      viewname as name,
      schemaname as schema,
      'view' as type
    from pg_views
    where schemaname ilike 'public'
    union all
    select
      'Job_Analysis' as database,
      matviewname as name,
      schemaname as schema,
      'materialized_view' as type
    from pg_matviews
    where schemaname ilike 'public'
  
[0m18:40:51.226307 [debug] [ThreadPool]: Opening a new connection, currently in state closed
[0m18:40:51.234766 [debug] [ThreadPool]: SQL status: SELECT 2 in 0.008 seconds
[0m18:40:51.236147 [debug] [ThreadPool]: On list_Job_Analysis_public: ROLLBACK
[0m18:40:51.236625 [debug] [ThreadPool]: On list_Job_Analysis_public: Close
[0m18:40:51.240704 [debug] [MainThread]: Using postgres connection "master"
[0m18:40:51.241281 [debug] [MainThread]: On master: /* {"app": "dbt", "dbt_version": "1.11.11", "profile_name": "job_analysis", "target_name": "dev", "connection_name": "master"} */
select distinct
        dependent_namespace.nspname as dependent_schema,
        dependent_class.relname as dependent_name,
        referenced_namespace.nspname as referenced_schema,
        referenced_class.relname as referenced_name

    -- Query for views: views are entries in pg_class with an entry in pg_rewrite, but we avoid
    -- a seq scan on pg_rewrite by leveraging the fact there is an "internal" row in pg_depend for
    -- the view...
    from pg_class as dependent_class
    join pg_namespace as dependent_namespace on dependent_namespace.oid = dependent_class.relnamespace
    join pg_depend as dependent_depend on dependent_depend.refobjid = dependent_class.oid
        and dependent_depend.classid = 'pg_rewrite'::regclass
        and dependent_depend.refclassid = 'pg_class'::regclass
        and dependent_depend.deptype = 'i'

    -- ... and via pg_depend (that has a row per column, hence the need for "distinct" above, and
    -- making sure to exclude the internal row to avoid a view appearing to depend on itself)...
    join pg_depend as joining_depend on joining_depend.objid = dependent_depend.objid
        and joining_depend.classid = 'pg_rewrite'::regclass
        and joining_depend.refclassid = 'pg_class'::regclass
        and joining_depend.refobjid != dependent_depend.refobjid

    -- ... we can find the tables they query from in pg_class, but excluding system tables. Note we
    -- don't need need to exclude _dependent_ system tables, because they only query from other
    -- system tables, and so are automatically excluded by excluding _referenced_ system tables
    join pg_class as referenced_class on referenced_class.oid = joining_depend.refobjid
    join pg_namespace as referenced_namespace on referenced_namespace.oid = referenced_class.relnamespace
        and referenced_namespace.nspname != 'information_schema'
        and referenced_namespace.nspname not like 'pg\_%'

    order by
        dependent_schema, dependent_name, referenced_schema, referenced_name;
[0m18:40:51.241692 [debug] [MainThread]: Opening a new connection, currently in state init
[0m18:40:51.250311 [debug] [MainThread]: SQL status: SELECT 1 in 0.008 seconds
[0m18:40:51.251873 [debug] [MainThread]: Sending event: {'category': 'dbt', 'action': 'runnable_timing', 'label': '1a35b39c-e620-4613-b575-4c382cf370b3', 'context': [<snowplow_tracker.self_describing_json.SelfDescribingJson object at 0x77399cd0eb10>]}
[0m18:40:51.252302 [debug] [MainThread]: On master: ROLLBACK
[0m18:40:51.252729 [debug] [MainThread]: On master: COMMIT
[0m18:40:51.253051 [debug] [MainThread]: Using postgres connection "master"
[0m18:40:51.253351 [debug] [MainThread]: On master: COMMIT
[0m18:40:51.253952 [debug] [MainThread]: SQL status: COMMIT in 0.000 seconds
[0m18:40:51.254314 [debug] [MainThread]: On master: Close
[0m18:40:51.257988 [debug] [Thread-1 (]: Began running node model.job_analysis.stg_raw_jobs
[0m18:40:51.258552 [info ] [Thread-1 (]: 1 of 1 START sql view model public.stg_raw_jobs ................................ [RUN]
[0m18:40:51.259036 [debug] [Thread-1 (]: Re-using an available connection from the pool (formerly list_Job_Analysis_public, now model.job_analysis.stg_raw_jobs)
[0m18:40:51.259454 [debug] [Thread-1 (]: Began compiling node model.job_analysis.stg_raw_jobs
[0m18:40:51.265413 [debug] [Thread-1 (]: Writing injected SQL for node "model.job_analysis.stg_raw_jobs"
[0m18:40:51.271928 [debug] [Thread-1 (]: Began executing node model.job_analysis.stg_raw_jobs
[0m18:40:51.298753 [debug] [Thread-1 (]: Writing runtime sql for node "model.job_analysis.stg_raw_jobs"
[0m18:40:51.306991 [debug] [Thread-1 (]: Using postgres connection "model.job_analysis.stg_raw_jobs"
[0m18:40:51.307694 [debug] [Thread-1 (]: On model.job_analysis.stg_raw_jobs: /* {"app": "dbt", "dbt_version": "1.11.11", "profile_name": "job_analysis", "target_name": "dev", "node_id": "model.job_analysis.stg_raw_jobs"} */

  create view "Job_Analysis"."public"."stg_raw_jobs__dbt_tmp"
    
    
  as (
    SELECT
    source_id,
    job_title,
    company,
    location,
    salary_min,
    salary_max,
    date_posted
FROM raw_job_data
WHERE job_title IS NOT NULL
  );
[0m18:40:51.308263 [debug] [Thread-1 (]: Opening a new connection, currently in state closed
[0m18:40:51.315337 [debug] [Thread-1 (]: SQL status: CREATE VIEW in 0.007 seconds
[0m18:40:51.321154 [debug] [Thread-1 (]: Using postgres connection "model.job_analysis.stg_raw_jobs"
[0m18:40:51.321646 [debug] [Thread-1 (]: On model.job_analysis.stg_raw_jobs: /* {"app": "dbt", "dbt_version": "1.11.11", "profile_name": "job_analysis", "target_name": "dev", "node_id": "model.job_analysis.stg_raw_jobs"} */
alter table "Job_Analysis"."public"."stg_raw_jobs" rename to "stg_raw_jobs__dbt_backup"
[0m18:40:51.322341 [debug] [Thread-1 (]: SQL status: ALTER TABLE in 0.000 seconds
[0m18:40:51.324445 [debug] [Thread-1 (]: Using postgres connection "model.job_analysis.stg_raw_jobs"
[0m18:40:51.324888 [debug] [Thread-1 (]: On model.job_analysis.stg_raw_jobs: /* {"app": "dbt", "dbt_version": "1.11.11", "profile_name": "job_analysis", "target_name": "dev", "node_id": "model.job_analysis.stg_raw_jobs"} */
alter table "Job_Analysis"."public"."stg_raw_jobs__dbt_tmp" rename to "stg_raw_jobs"
[0m18:40:51.325719 [debug] [Thread-1 (]: SQL status: ALTER TABLE in 0.000 seconds
[0m18:40:51.337859 [debug] [Thread-1 (]: On model.job_analysis.stg_raw_jobs: COMMIT
[0m18:40:51.338402 [debug] [Thread-1 (]: Using postgres connection "model.job_analysis.stg_raw_jobs"
[0m18:40:51.338752 [debug] [Thread-1 (]: On model.job_analysis.stg_raw_jobs: COMMIT
[0m18:40:51.339938 [debug] [Thread-1 (]: SQL status: COMMIT in 0.001 seconds
[0m18:40:51.344153 [debug] [Thread-1 (]: Applying DROP to: "Job_Analysis"."public"."stg_raw_jobs__dbt_backup"
[0m18:40:51.348662 [debug] [Thread-1 (]: Using postgres connection "model.job_analysis.stg_raw_jobs"
[0m18:40:51.349296 [debug] [Thread-1 (]: On model.job_analysis.stg_raw_jobs: /* {"app": "dbt", "dbt_version": "1.11.11", "profile_name": "job_analysis", "target_name": "dev", "node_id": "model.job_analysis.stg_raw_jobs"} */
drop view if exists "Job_Analysis"."public"."stg_raw_jobs__dbt_backup" cascade
[0m18:40:51.351192 [debug] [Thread-1 (]: SQL status: DROP VIEW in 0.001 seconds
[0m18:40:51.352950 [debug] [Thread-1 (]: On model.job_analysis.stg_raw_jobs: Close
[0m18:40:51.354248 [debug] [Thread-1 (]: Sending event: {'category': 'dbt', 'action': 'run_model', 'label': '1a35b39c-e620-4613-b575-4c382cf370b3', 'context': [<snowplow_tracker.self_describing_json.SelfDescribingJson object at 0x7739a1544710>]}
[0m18:40:51.354839 [info ] [Thread-1 (]: 1 of 1 OK created sql view model public.stg_raw_jobs ........................... [[32mCREATE VIEW[0m in 0.09s]
[0m18:40:51.355674 [debug] [Thread-1 (]: Finished running node model.job_analysis.stg_raw_jobs
[0m18:40:51.357263 [debug] [MainThread]: On master: COMMIT
[0m18:40:51.357608 [debug] [MainThread]: Using postgres connection "master"
[0m18:40:51.357894 [debug] [MainThread]: On master: COMMIT
[0m18:40:51.358385 [debug] [MainThread]: Opening a new connection, currently in state closed
[0m18:40:51.364251 [debug] [MainThread]: SQL status: COMMIT in 0.006 seconds
[0m18:40:51.364961 [debug] [MainThread]: On master: Close
[0m18:40:51.365780 [debug] [MainThread]: Connection 'master' was properly closed.
[0m18:40:51.366192 [debug] [MainThread]: Connection 'model.job_analysis.stg_raw_jobs' was properly closed.
[0m18:40:51.366624 [info ] [MainThread]: 
[0m18:40:51.367166 [info ] [MainThread]: Finished running 1 view model in 0 hours 0 minutes and 0.21 seconds (0.21s).
[0m18:40:51.368011 [debug] [MainThread]: Command end result
[0m18:40:51.404459 [debug] [MainThread]: Wrote artifact WritableManifest to /usr/app/target/manifest.json
[0m18:40:51.409355 [debug] [MainThread]: Wrote artifact SemanticManifest to /usr/app/target/semantic_manifest.json
[0m18:40:51.417610 [debug] [MainThread]: Wrote artifact RunExecutionResult to /usr/app/target/run_results.json
[0m18:40:51.418073 [info ] [MainThread]: 
[0m18:40:51.418578 [info ] [MainThread]: [32mCompleted successfully[0m
[0m18:40:51.419050 [info ] [MainThread]: 
[0m18:40:51.419605 [info ] [MainThread]: Done. PASS=1 WARN=0 ERROR=0 SKIP=0 NO-OP=0 TOTAL=1
[0m18:40:51.420640 [debug] [MainThread]: Resource report: {"command_name": "run", "command_success": true, "command_wall_clock_time": 0.8393744, "process_in_blocks": "0", "process_kernel_time": 0.470589, "process_mem_max_rss": "130360", "process_out_blocks": "0", "process_user_time": 2.944202}
[0m18:40:51.421130 [debug] [MainThread]: Command `dbt run` succeeded at 18:40:51.421045 after 0.84 seconds
[0m18:40:51.421515 [debug] [MainThread]: Sending event: {'category': 'dbt', 'action': 'invocation', 'label': 'end', 'context': [<snowplow_tracker.self_describing_json.SelfDescribingJson object at 0x77399e3cd010>, <snowplow_tracker.self_describing_json.SelfDescribingJson object at 0x77399eca2fc0>, <snowplow_tracker.self_describing_json.SelfDescribingJson object at 0x77399eca2db0>]}
[0m18:40:51.421936 [debug] [MainThread]: Flushing usage events
[0m18:40:51.871093 [debug] [MainThread]: An error was encountered while trying to flush usage events
[0m18:40:56.457118 [debug] [MainThread]: Sending event: {'category': 'dbt', 'action': 'invocation', 'label': 'start', 'context': [<snowplow_tracker.self_describing_json.SelfDescribingJson object at 0x7804cdccc5c0>, <snowplow_tracker.self_describing_json.SelfDescribingJson object at 0x7804ce9f45c0>, <snowplow_tracker.self_describing_json.SelfDescribingJson object at 0x7804d072c2c0>]}


============================== 18:40:56.504799 | 17db552e-e524-4adf-aa4f-e6db4b62aaec ==============================
[0m18:40:56.504799 [info ] [MainThread]: Running with dbt=1.11.11
[0m18:40:56.505544 [debug] [MainThread]: running dbt with arguments {'introspect': 'True', 'cache_selected_only': 'False', 'target_path': 'None', 'debug': 'False', 'log_format': 'default', 'invocation_command': 'dbt test', 'log_cache_events': 'False', 'printer_width': '80', 'empty': 'None', 'use_colors': 'True', 'fail_fast': 'False', 'static_parser': 'True', 'indirect_selection': 'eager', 'send_anonymous_usage_stats': 'True', 'warn_error': 'None', 'quiet': 'False', 'no_print': 'None', 'version_check': 'True', 'use_experimental_parser': 'False', 'partial_parse': 'True', 'write_json': 'True', 'profiles_dir': '/usr/app', 'warn_error_options': 'WarnErrorOptionsV2(error=[], warn=[], silence=[])', 'log_path': '/usr/app/logs'}
[0m18:40:56.642043 [debug] [MainThread]: Sending event: {'category': 'dbt', 'action': 'project_id', 'label': '17db552e-e524-4adf-aa4f-e6db4b62aaec', 'context': [<snowplow_tracker.self_describing_json.SelfDescribingJson object at 0x7804cd488800>]}
[0m18:40:56.690224 [debug] [MainThread]: Sending event: {'category': 'dbt', 'action': 'adapter_info', 'label': '17db552e-e524-4adf-aa4f-e6db4b62aaec', 'context': [<snowplow_tracker.self_describing_json.SelfDescribingJson object at 0x7804cd379220>]}
[0m18:40:56.691459 [info ] [MainThread]: Registered adapter: postgres=1.10.0
[0m18:40:56.768585 [debug] [MainThread]: checksum: 30a8cc8fdcbf66701b0944d4ccce3fa46dd04b61e5df68b9f16d57b2e0e3f0be, vars: {}, profile: , target: , version: 1.11.11
[0m18:40:56.866441 [debug] [MainThread]: Partial parsing enabled: 0 files deleted, 0 files added, 0 files changed.
[0m18:40:56.867087 [debug] [MainThread]: Nothing changed, skipping partial parsing.
[0m18:40:56.868079 [debug] [MainThread]: Partial parsing enabled, no changes found, skipping parsing
[0m18:40:56.891076 [debug] [MainThread]: Sending event: {'category': 'dbt', 'action': 'load_project', 'label': '17db552e-e524-4adf-aa4f-e6db4b62aaec', 'context': [<snowplow_tracker.self_describing_json.SelfDescribingJson object at 0x7804cd0950a0>]}
[0m18:40:56.955592 [debug] [MainThread]: Wrote artifact WritableManifest to /usr/app/target/manifest.json
[0m18:40:56.961251 [debug] [MainThread]: Wrote artifact SemanticManifest to /usr/app/target/semantic_manifest.json
[0m18:40:57.122365 [debug] [MainThread]: Sending event: {'category': 'dbt', 'action': 'resource_counts', 'label': '17db552e-e524-4adf-aa4f-e6db4b62aaec', 'context': [<snowplow_tracker.self_describing_json.SelfDescribingJson object at 0x7804ccde32f0>]}
[0m18:40:57.123009 [info ] [MainThread]: Found 1 model, 475 macros
[0m18:40:57.123469 [debug] [MainThread]: Sending event: {'category': 'dbt', 'action': 'runnable_timing', 'label': '17db552e-e524-4adf-aa4f-e6db4b62aaec', 'context': [<snowplow_tracker.self_describing_json.SelfDescribingJson object at 0x7804cc5696a0>]}
[0m18:40:57.125401 [warn ] [MainThread]: Nothing to do. Try checking your model configs and model specification args
[0m18:40:57.127274 [debug] [MainThread]: Command end result
[0m18:40:57.157175 [debug] [MainThread]: Wrote artifact WritableManifest to /usr/app/target/manifest.json
[0m18:40:57.162143 [debug] [MainThread]: Wrote artifact SemanticManifest to /usr/app/target/semantic_manifest.json
[0m18:40:57.168248 [debug] [MainThread]: Wrote artifact RunExecutionResult to /usr/app/target/run_results.json
[0m18:40:57.169305 [debug] [MainThread]: Resource report: {"command_name": "test", "command_success": true, "command_wall_clock_time": 0.7649847, "process_in_blocks": "0", "process_kernel_time": 0.427453, "process_mem_max_rss": "155532", "process_out_blocks": "0", "process_user_time": 2.916271}
[0m18:40:57.169878 [debug] [MainThread]: Command `dbt test` succeeded at 18:40:57.169785 after 0.77 seconds
[0m18:40:57.170383 [debug] [MainThread]: Sending event: {'category': 'dbt', 'action': 'invocation', 'label': 'end', 'context': [<snowplow_tracker.self_describing_json.SelfDescribingJson object at 0x7804cf2bc4a0>, <snowplow_tracker.self_describing_json.SelfDescribingJson object at 0x7804cd489bb0>, <snowplow_tracker.self_describing_json.SelfDescribingJson object at 0x7804ce9f45c0>]}
[0m18:40:57.170807 [debug] [MainThread]: Flushing usage events
[0m18:40:57.603050 [debug] [MainThread]: An error was encountered while trying to flush usage events
[0m19:34:47.652787 [debug] [MainThread]: Sending event: {'category': 'dbt', 'action': 'invocation', 'label': 'start', 'context': [<snowplow_tracker.self_describing_json.SelfDescribingJson object at 0x7b07c60bf410>, <snowplow_tracker.self_describing_json.SelfDescribingJson object at 0x7b07c6aa0620>, <snowplow_tracker.self_describing_json.SelfDescribingJson object at 0x7b07c64856a0>]}


============================== 19:34:47.662960 | d333ba6e-dd33-4134-aa00-166bb9edeb6f ==============================
[0m19:34:47.662960 [info ] [MainThread]: Running with dbt=1.9.0
[0m19:34:47.663848 [debug] [MainThread]: running dbt with arguments {'printer_width': '80', 'indirect_selection': 'eager', 'log_cache_events': 'False', 'write_json': 'True', 'partial_parse': 'True', 'cache_selected_only': 'False', 'warn_error': 'None', 'version_check': 'True', 'debug': 'False', 'log_path': '/usr/app/logs', 'profiles_dir': '/usr/app', 'fail_fast': 'False', 'use_colors': 'True', 'use_experimental_parser': 'False', 'no_print': 'None', 'quiet': 'False', 'empty': 'None', 'warn_error_options': 'WarnErrorOptions(include=[], exclude=[])', 'invocation_command': 'dbt debug', 'introspect': 'True', 'log_format': 'default', 'target_path': 'None', 'static_parser': 'True', 'send_anonymous_usage_stats': 'True'}
[0m19:34:47.723144 [info ] [MainThread]: dbt version: 1.9.0
[0m19:34:47.724700 [info ] [MainThread]: python version: 3.12.4
[0m19:34:47.725603 [info ] [MainThread]: python path: /usr/local/bin/python
[0m19:34:47.726314 [info ] [MainThread]: os info: Linux-6.6.114.1-microsoft-standard-WSL2-x86_64-with-glibc2.31
[0m19:34:47.802004 [info ] [MainThread]: Using profiles dir at /usr/app
[0m19:34:47.803372 [info ] [MainThread]: Using profiles.yml file at /usr/app/profiles.yml
[0m19:34:47.804368 [info ] [MainThread]: Using dbt_project.yml file at /usr/app/dbt_project.yml
[0m19:34:47.805504 [info ] [MainThread]: adapter type: postgres
[0m19:34:47.806203 [info ] [MainThread]: adapter version: 1.9.0
[0m19:34:47.883615 [info ] [MainThread]: Configuration:
[0m19:34:47.884824 [info ] [MainThread]:   profiles.yml file [[32mOK found and valid[0m]
[0m19:34:47.885882 [info ] [MainThread]:   dbt_project.yml file [[32mOK found and valid[0m]
[0m19:34:47.886607 [info ] [MainThread]: Required dependencies:
[0m19:34:47.887306 [debug] [MainThread]: Executing "git --help"
[0m19:34:47.902569 [debug] [MainThread]: STDOUT: "b"usage: git [--version] [--help] [-C <path>] [-c <name>=<value>]\n           [--exec-path[=<path>]] [--html-path] [--man-path] [--info-path]\n           [-p | --paginate | -P | --no-pager] [--no-replace-objects] [--bare]\n           [--git-dir=<path>] [--work-tree=<path>] [--namespace=<name>]\n           <command> [<args>]\n\nThese are common Git commands used in various situations:\n\nstart a working area (see also: git help tutorial)\n   clone             Clone a repository into a new directory\n   init              Create an empty Git repository or reinitialize an existing one\n\nwork on the current change (see also: git help everyday)\n   add               Add file contents to the index\n   mv                Move or rename a file, a directory, or a symlink\n   restore           Restore working tree files\n   rm                Remove files from the working tree and from the index\n   sparse-checkout   Initialize and modify the sparse-checkout\n\nexamine the history and state (see also: git help revisions)\n   bisect            Use binary search to find the commit that introduced a bug\n   diff              Show changes between commits, commit and working tree, etc\n   grep              Print lines matching a pattern\n   log               Show commit logs\n   show              Show various types of objects\n   status            Show the working tree status\n\ngrow, mark and tweak your common history\n   branch            List, create, or delete branches\n   commit            Record changes to the repository\n   merge             Join two or more development histories together\n   rebase            Reapply commits on top of another base tip\n   reset             Reset current HEAD to the specified state\n   switch            Switch branches\n   tag               Create, list, delete or verify a tag object signed with GPG\n\ncollaborate (see also: git help workflows)\n   fetch             Download objects and refs from another repository\n   pull              Fetch from and integrate with another repository or a local branch\n   push              Update remote refs along with associated objects\n\n'git help -a' and 'git help -g' list available subcommands and some\nconcept guides. See 'git help <command>' or 'git help <concept>'\nto read about a specific subcommand or concept.\nSee 'git help git' for an overview of the system.\n""
[0m19:34:47.903587 [debug] [MainThread]: STDERR: "b''"
[0m19:34:47.904178 [info ] [MainThread]:  - git [[32mOK found[0m]

[0m19:34:47.904868 [info ] [MainThread]: Connection:
[0m19:34:47.905571 [info ] [MainThread]:   host: host.docker.internal
[0m19:34:47.907661 [info ] [MainThread]:   port: 5432
[0m19:34:47.908983 [info ] [MainThread]:   user: postgres
[0m19:34:47.909853 [info ] [MainThread]:   database: Job_Analysis
[0m19:34:47.910661 [info ] [MainThread]:   schema: public
[0m19:34:47.911546 [info ] [MainThread]:   connect_timeout: 10
[0m19:34:47.912710 [info ] [MainThread]:   role: None
[0m19:34:47.913809 [info ] [MainThread]:   search_path: None
[0m19:34:47.914863 [info ] [MainThread]:   keepalives_idle: 0
[0m19:34:47.915695 [info ] [MainThread]:   sslmode: None
[0m19:34:47.916472 [info ] [MainThread]:   sslcert: None
[0m19:34:47.917257 [info ] [MainThread]:   sslkey: None
[0m19:34:47.918141 [info ] [MainThread]:   sslrootcert: None
[0m19:34:47.919039 [info ] [MainThread]:   application_name: dbt
[0m19:34:47.919769 [info ] [MainThread]:   retries: 1
[0m19:34:47.920671 [info ] [MainThread]: Registered adapter: postgres=1.9.0
[0m19:34:47.993476 [debug] [MainThread]: Acquiring new postgres connection 'debug'
[0m19:34:48.054276 [debug] [MainThread]: Using postgres connection "debug"
[0m19:34:48.055151 [debug] [MainThread]: On debug: select 1 as id
[0m19:34:48.055743 [debug] [MainThread]: Opening a new connection, currently in state init
[0m19:34:48.063382 [debug] [MainThread]: Postgres adapter: Got a retryable error when attempting to open a postgres connection.
1 attempts remaining. Retrying in 0 seconds.
Error:
connection to server at "host.docker.internal" (192.168.65.254), port 5432 failed: Connection refused
	Is the server running on that host and accepting TCP/IP connections?

[0m19:34:48.066797 [debug] [MainThread]: Postgres adapter: Error running SQL: select 1 as id
[0m19:34:48.067495 [debug] [MainThread]: Postgres adapter: Rolling back transaction.
[0m19:34:48.068146 [debug] [MainThread]: On debug: No close available on handle
[0m19:34:48.068724 [info ] [MainThread]:   Connection test: [[31mERROR[0m]

[0m19:34:48.069476 [info ] [MainThread]: [31m1 check failed:[0m
[0m19:34:48.070237 [info ] [MainThread]: dbt was unable to connect to the specified database.
The database returned the following error:

  >Database Error
  connection to server at "host.docker.internal" (192.168.65.254), port 5432 failed: Connection refused
  	Is the server running on that host and accepting TCP/IP connections?
  

Check your database credentials and try again. For more information, visit:
https://docs.getdbt.com/docs/configure-your-profile


[0m19:34:48.074901 [debug] [MainThread]: Resource report: {"command_name": "debug", "command_success": false, "command_wall_clock_time": 0.47589564, "process_in_blocks": "0", "process_kernel_time": 0.42093, "process_mem_max_rss": "100028", "process_out_blocks": "1488", "process_user_time": 1.154551}
[0m19:34:48.075904 [debug] [MainThread]: Command `dbt debug` failed at 19:34:48.075808 after 0.48 seconds
[0m19:34:48.076584 [debug] [MainThread]: Connection 'debug' was properly closed.
[0m19:34:48.077215 [debug] [MainThread]: Sending event: {'category': 'dbt', 'action': 'invocation', 'label': 'end', 'context': [<snowplow_tracker.self_describing_json.SelfDescribingJson object at 0x7b07c7fd5910>, <snowplow_tracker.self_describing_json.SelfDescribingJson object at 0x7b07c47a7e90>, <snowplow_tracker.self_describing_json.SelfDescribingJson object at 0x7b07c6032ed0>]}
[0m19:34:48.077946 [debug] [MainThread]: Flushing usage events
[0m19:34:48.574728 [debug] [MainThread]: An error was encountered while trying to flush usage events
[0m19:37:29.146565 [debug] [MainThread]: Sending event: {'category': 'dbt', 'action': 'invocation', 'label': 'start', 'context': [<snowplow_tracker.self_describing_json.SelfDescribingJson object at 0x7854d4059a60>, <snowplow_tracker.self_describing_json.SelfDescribingJson object at 0x7854d3fd1370>, <snowplow_tracker.self_describing_json.SelfDescribingJson object at 0x7854d405b4d0>]}


============================== 19:37:29.153538 | b378fa51-70e3-46ce-b81c-d038c21988e9 ==============================
[0m19:37:29.153538 [info ] [MainThread]: Running with dbt=1.9.0
[0m19:37:29.154335 [debug] [MainThread]: running dbt with arguments {'printer_width': '80', 'indirect_selection': 'eager', 'log_cache_events': 'False', 'write_json': 'True', 'partial_parse': 'True', 'cache_selected_only': 'False', 'profiles_dir': '/usr/app', 'version_check': 'True', 'debug': 'False', 'log_path': '/usr/app/logs', 'warn_error': 'None', 'fail_fast': 'False', 'use_colors': 'True', 'use_experimental_parser': 'False', 'no_print': 'None', 'quiet': 'False', 'empty': 'None', 'log_format': 'default', 'introspect': 'True', 'warn_error_options': 'WarnErrorOptions(include=[], exclude=[])', 'invocation_command': 'dbt debug', 'target_path': 'None', 'static_parser': 'True', 'send_anonymous_usage_stats': 'True'}
[0m19:37:29.219313 [info ] [MainThread]: dbt version: 1.9.0
[0m19:37:29.220420 [info ] [MainThread]: python version: 3.12.4
[0m19:37:29.221368 [info ] [MainThread]: python path: /usr/local/bin/python
[0m19:37:29.222131 [info ] [MainThread]: os info: Linux-6.6.114.1-microsoft-standard-WSL2-x86_64-with-glibc2.31
[0m19:37:29.281002 [info ] [MainThread]: Using profiles dir at /usr/app
[0m19:37:29.282787 [info ] [MainThread]: Using profiles.yml file at /usr/app/profiles.yml
[0m19:37:29.283744 [info ] [MainThread]: Using dbt_project.yml file at /usr/app/dbt_project.yml
[0m19:37:29.284565 [info ] [MainThread]: adapter type: postgres
[0m19:37:29.285218 [info ] [MainThread]: adapter version: 1.9.0
[0m19:37:29.364009 [info ] [MainThread]: Configuration:
[0m19:37:29.365535 [info ] [MainThread]:   profiles.yml file [[32mOK found and valid[0m]
[0m19:37:29.366591 [info ] [MainThread]:   dbt_project.yml file [[32mOK found and valid[0m]
[0m19:37:29.367221 [info ] [MainThread]: Required dependencies:
[0m19:37:29.367864 [debug] [MainThread]: Executing "git --help"
[0m19:37:29.371197 [debug] [MainThread]: STDOUT: "b"usage: git [--version] [--help] [-C <path>] [-c <name>=<value>]\n           [--exec-path[=<path>]] [--html-path] [--man-path] [--info-path]\n           [-p | --paginate | -P | --no-pager] [--no-replace-objects] [--bare]\n           [--git-dir=<path>] [--work-tree=<path>] [--namespace=<name>]\n           <command> [<args>]\n\nThese are common Git commands used in various situations:\n\nstart a working area (see also: git help tutorial)\n   clone             Clone a repository into a new directory\n   init              Create an empty Git repository or reinitialize an existing one\n\nwork on the current change (see also: git help everyday)\n   add               Add file contents to the index\n   mv                Move or rename a file, a directory, or a symlink\n   restore           Restore working tree files\n   rm                Remove files from the working tree and from the index\n   sparse-checkout   Initialize and modify the sparse-checkout\n\nexamine the history and state (see also: git help revisions)\n   bisect            Use binary search to find the commit that introduced a bug\n   diff              Show changes between commits, commit and working tree, etc\n   grep              Print lines matching a pattern\n   log               Show commit logs\n   show              Show various types of objects\n   status            Show the working tree status\n\ngrow, mark and tweak your common history\n   branch            List, create, or delete branches\n   commit            Record changes to the repository\n   merge             Join two or more development histories together\n   rebase            Reapply commits on top of another base tip\n   reset             Reset current HEAD to the specified state\n   switch            Switch branches\n   tag               Create, list, delete or verify a tag object signed with GPG\n\ncollaborate (see also: git help workflows)\n   fetch             Download objects and refs from another repository\n   pull              Fetch from and integrate with another repository or a local branch\n   push              Update remote refs along with associated objects\n\n'git help -a' and 'git help -g' list available subcommands and some\nconcept guides. See 'git help <command>' or 'git help <concept>'\nto read about a specific subcommand or concept.\nSee 'git help git' for an overview of the system.\n""
[0m19:37:29.371883 [debug] [MainThread]: STDERR: "b''"
[0m19:37:29.372475 [info ] [MainThread]:  - git [[32mOK found[0m]

[0m19:37:29.373162 [info ] [MainThread]: Connection:
[0m19:37:29.374090 [info ] [MainThread]:   host: postgres-db
[0m19:37:29.375117 [info ] [MainThread]:   port: 5432
[0m19:37:29.376305 [info ] [MainThread]:   user: postgres
[0m19:37:29.377214 [info ] [MainThread]:   database: Job_Analysis
[0m19:37:29.378103 [info ] [MainThread]:   schema: public
[0m19:37:29.378864 [info ] [MainThread]:   connect_timeout: 10
[0m19:37:29.379576 [info ] [MainThread]:   role: None
[0m19:37:29.380253 [info ] [MainThread]:   search_path: None
[0m19:37:29.380886 [info ] [MainThread]:   keepalives_idle: 0
[0m19:37:29.381671 [info ] [MainThread]:   sslmode: None
[0m19:37:29.382645 [info ] [MainThread]:   sslcert: None
[0m19:37:29.383468 [info ] [MainThread]:   sslkey: None
[0m19:37:29.384209 [info ] [MainThread]:   sslrootcert: None
[0m19:37:29.385129 [info ] [MainThread]:   application_name: dbt
[0m19:37:29.386121 [info ] [MainThread]:   retries: 1
[0m19:37:29.387177 [info ] [MainThread]: Registered adapter: postgres=1.9.0
[0m19:37:29.456895 [debug] [MainThread]: Acquiring new postgres connection 'debug'
[0m19:37:29.507408 [debug] [MainThread]: Using postgres connection "debug"
[0m19:37:29.509055 [debug] [MainThread]: On debug: select 1 as id
[0m19:37:29.510203 [debug] [MainThread]: Opening a new connection, currently in state init
[0m19:37:29.534549 [debug] [MainThread]: SQL status: SELECT 1 in 0.024 seconds
[0m19:37:29.536898 [debug] [MainThread]: On debug: Close
[0m19:37:29.538002 [info ] [MainThread]:   Connection test: [[32mOK connection ok[0m]

[0m19:37:29.539084 [info ] [MainThread]: [32mAll checks passed![0m
[0m19:37:29.544990 [debug] [MainThread]: Resource report: {"command_name": "debug", "command_success": true, "command_wall_clock_time": 0.44468877, "process_in_blocks": "0", "process_kernel_time": 0.432679, "process_mem_max_rss": "101604", "process_out_blocks": "1488", "process_user_time": 1.113749}
[0m19:37:29.546079 [debug] [MainThread]: Command `dbt debug` succeeded at 19:37:29.545961 after 0.45 seconds
[0m19:37:29.546762 [debug] [MainThread]: Connection 'debug' was properly closed.
[0m19:37:29.547382 [debug] [MainThread]: Sending event: {'category': 'dbt', 'action': 'invocation', 'label': 'end', 'context': [<snowplow_tracker.self_describing_json.SelfDescribingJson object at 0x7854d3a3bfb0>, <snowplow_tracker.self_describing_json.SelfDescribingJson object at 0x7854d40c2ed0>, <snowplow_tracker.self_describing_json.SelfDescribingJson object at 0x7854d40c2fc0>]}
[0m19:37:29.548079 [debug] [MainThread]: Flushing usage events
[0m19:37:30.349556 [debug] [MainThread]: An error was encountered while trying to flush usage events
[0m19:38:19.692538 [debug] [MainThread]: Sending event: {'category': 'dbt', 'action': 'invocation', 'label': 'start', 'context': [<snowplow_tracker.self_describing_json.SelfDescribingJson object at 0x79a148cc73b0>, <snowplow_tracker.self_describing_json.SelfDescribingJson object at 0x79a148efe210>, <snowplow_tracker.self_describing_json.SelfDescribingJson object at 0x79a148eff2c0>]}


============================== 19:38:19.700649 | 70b9d784-f442-4464-8b72-3f2b268ac568 ==============================
[0m19:38:19.700649 [info ] [MainThread]: Running with dbt=1.9.0
[0m19:38:19.701858 [debug] [MainThread]: running dbt with arguments {'printer_width': '80', 'indirect_selection': 'eager', 'log_cache_events': 'False', 'write_json': 'True', 'partial_parse': 'True', 'cache_selected_only': 'False', 'profiles_dir': '/usr/app', 'version_check': 'True', 'warn_error': 'None', 'log_path': '/usr/app/logs', 'debug': 'False', 'fail_fast': 'False', 'use_colors': 'True', 'use_experimental_parser': 'False', 'no_print': 'None', 'quiet': 'False', 'empty': 'False', 'warn_error_options': 'WarnErrorOptions(include=[], exclude=[])', 'invocation_command': 'dbt run', 'static_parser': 'True', 'introspect': 'True', 'target_path': 'None', 'log_format': 'default', 'send_anonymous_usage_stats': 'True'}
[0m19:38:19.939944 [debug] [MainThread]: Sending event: {'category': 'dbt', 'action': 'project_id', 'label': '70b9d784-f442-4464-8b72-3f2b268ac568', 'context': [<snowplow_tracker.self_describing_json.SelfDescribingJson object at 0x79a148913d10>]}
[0m19:38:19.988573 [debug] [MainThread]: Sending event: {'category': 'dbt', 'action': 'adapter_info', 'label': '70b9d784-f442-4464-8b72-3f2b268ac568', 'context': [<snowplow_tracker.self_describing_json.SelfDescribingJson object at 0x79a149540ec0>]}
[0m19:38:19.990490 [info ] [MainThread]: Registered adapter: postgres=1.9.0
[0m19:38:20.073614 [debug] [MainThread]: checksum: c99e828bba267739642b5a3ce85f17518764ea526e0e6c4fdc649171c1a66bff, vars: {}, profile: , target: , version: 1.9.0
[0m19:38:20.153174 [debug] [MainThread]: Failed to load parsed file from disk at /usr/app/target/partial_parse.msgpack: Field "macros" of type MutableMapping[str, Macro] in Manifest has invalid value {'macro.dbt_postgres.postgres__current_timestamp': {'name': 'postgres__current_timestamp', 'resource_type': 'macro', 'package_name': 'dbt_postgres', 'path': 'macros/timestamps.sql', 'original_file_path': 'macros/timestamps.sql', 'unique_id': 'macro.dbt_postgres.postgres__current_timestamp', 'macro_sql': '{% macro postgres__current_timestamp() -%}\n    now()\n{%- endmacro %}', 'depends_on': {'macros': []}, 'description': '', 'meta': {}, 'docs': {'show': True, 'node_color': None}, 'config': {'meta': {}, 'docs': {'show': True, 'node_color': None}}, 'patch_path': None, 'arguments': [], 'created_at': 1780338387.8905108, 'supported_languages': None}, 'macro.dbt_postgres.postgres__snapshot_string_as_time': {'name': 'postgres__snapshot_string_as_time', 'resource_type': 'macro', 'package_name': 'dbt_postgres', 'path': 'macros/timestamps.sql', 'original_file_path': 'macros/timestamps.sql', 'unique_id': 'macro.dbt_postgres.postgres__snapshot_string_as_time', 'macro_sql': '{% macro postgres__snapshot_string_as_time(timestamp) -%}\n    {%- set result = "\'" ~ timestamp ~ "\'::timestamp without time zone" -%}\n    {{ return(result) }}\n{%- endmacro %}', 'depends_on': {'macros': []}, 'description': '', 'meta': {}, 'docs': {'show': True, 'node_color': None}, 'config': {'meta': {}, 'docs': {'show': True, 'node_color': None}}, 'patch_path': None, 'arguments': [], 'created_at': 1780338387.8908875, 'supported_languages': None}, 'macro.dbt_postgres.postgres__snapshot_get_time': {'name': 'postgres__snapshot_get_time', 'resource_type': 'macro', 'package_name': 'dbt_postgres', 'path': 'macros/timestamps.sql', 'original_file_path': 'macros/timestamps.sql', 'unique_id': 'macro.dbt_postgres.postgres__snapshot_get_time', 'macro_sql': '{% macro postgres__snapshot_get_time() -%}\n  {{ current_timestamp() }}::timestamp without time zone\n{%- endmacro %}', 'depends_on': {'macros': ['macro.dbt.current_timestamp']}, 'description': '', 'meta': {}, 'docs': {'show': True, 'node_color': None}, 'config': {'meta': {}, 'docs': {'show': True, 'node_color': None}}, 'patch_path': None, 'arguments': [], 'created_at': 1780338387.8910482, 'supported_languages': None}, 'macro.dbt_postgres.postgres__current_timestamp_backcompat': {'name': 'postgres__current_timestamp_backcompat', 'resource_type': 'macro', 'package_name': 'dbt_postgres', 'path': 'macros/timestamps.sql', 'original_file_path': 'macros/timestamps.sql', 'unique_id': 'macro.dbt_postgres.postgres__current_timestamp_backcompat', 'macro_sql': '{% macro postgres__current_timestamp_backcompat() %}\n    current_timestamp::{{ type_timestamp() }}\n{% endmacro %}', 'depends_on': {'macros': ['macro.dbt.type_timestamp']}, 'description': '', 'meta': {}, 'docs': {'show': True, 'node_color': None}, 'config': {'meta': {}, 'docs': {'show': True, 'node_color': None}}, 'patch_path': None, 'arguments': [], 'created_at': 1780338387.8911595, 'supported_languages': None}, 'macro.dbt_postgres.postgres__current_timestamp_in_utc_backcompat': {'name': 'postgres__current_timestamp_in_utc_backcompat', 'resource_type': 'macro', 'package_name': 'dbt_postgres', 'path': 'macros/timestamps.sql', 'original_file_path': 'macros/timestamps.sql', 'unique_id': 'macro.dbt_postgres.postgres__current_timestamp_in_utc_backcompat', 'macro_sql': "{% macro postgres__current_timestamp_in_utc_backcompat() %}\n    (current_timestamp at time zone 'utc')::{{ type_timestamp() }}\n{% endmacro %}", 'depends_on': {'macros': ['macro.dbt.type_timestamp']}, 'description': '', 'meta': {}, 'docs': {'show': True, 'node_color': None}, 'config': {'meta': {}, 'docs': {'show': True, 'node_color': None}}, 'patch_path': None, 'arguments': [], 'created_at': 1780338387.8912604, 'supported_languages': None}, 'macro.dbt_postgres.postgres__get_relations': {'name': 'postgres__get_relations', 'resource_type': 'macro', 'package_name': 'dbt_postgres', 'path': 'macros/relations.sql', 'original_file_path': 'macros/relations.sql', 'unique_id': 'macro.dbt_postgres.postgres__get_relations', 'macro_sql': '{% macro postgres__get_relations() -%}\n\n  {#\n      -- in pg_depend, objid is the dependent, refobjid is the referenced object\n      --  > a pg_depend entry indicates that the referenced object cannot be\n      --  > dropped without also dropping the dependent object.\n  #}\n\n  {%- call statement(\'relations\', fetch_result=True) -%}\n    select distinct\n        dependent_namespace.nspname as dependent_schema,\n        dependent_class.relname as dependent_name,\n        referenced_namespace.nspname as referenced_schema,\n        referenced_class.relname as referenced_name\n\n    -- Query for views: views are entries in pg_class with an entry in pg_rewrite, but we avoid\n    -- a seq scan on pg_rewrite by leveraging the fact there is an "internal" row in pg_depend for\n    -- the view...\n    from pg_class as dependent_class\n    join pg_namespace as dependent_namespace on dependent_namespace.oid = dependent_class.relnamespace\n    join pg_depend as dependent_depend on dependent_depend.refobjid = dependent_class.oid\n        and dependent_depend.classid = \'pg_rewrite\'::regclass\n        and dependent_depend.refclassid = \'pg_class\'::regclass\n        and dependent_depend.deptype = \'i\'\n\n    -- ... and via pg_depend (that has a row per column, hence the need for "distinct" above, and\n    -- making sure to exclude the internal row to avoid a view appearing to depend on itself)...\n    join pg_depend as joining_depend on joining_depend.objid = dependent_depend.objid\n        and joining_depend.classid = \'pg_rewrite\'::regclass\n        and joining_depend.refclassid = \'pg_class\'::regclass\n        and joining_depend.refobjid != dependent_depend.refobjid\n\n    -- ... we can find the tables they query from in pg_class, but excluding system tables. Note we\n    -- don\'t need need to exclude _dependent_ system tables, because they only query from other\n    -- system tables, and so are automatically excluded by excluding _referenced_ system tables\n    join pg_class as referenced_class on referenced_class.oid = joining_depend.refobjid\n    join pg_namespace as referenced_namespace on referenced_namespace.oid = referenced_class.relnamespace\n        and referenced_namespace.nspname != \'information_schema\'\n        and referenced_namespace.nspname not like \'pg\\_%\'\n\n    order by\n        dependent_schema, dependent_name, referenced_schema, referenced_name;\n\n  {%- endcall -%}\n\n  {{ return(load_result(\'relations\').table) }}\n{% endmacro %}', 'depends_on': {'macros': ['macro.dbt.statement']}, 'description': '', 'meta': {}, 'docs': {'show': True, 'node_color': None}, 'config': {'meta': {}, 'docs': {'show': True, 'node_color': None}}, 'patch_path': None, 'arguments': [], 'created_at': 1780338387.8921216, 'supported_languages': None}, 'macro.dbt_postgres.postgres_get_relations': {'name': 'postgres_get_relations', 'resource_type': 'macro', 'package_name': 'dbt_postgres', 'path': 'macros/relations.sql', 'original_file_path': 'macros/relations.sql', 'unique_id': 'macro.dbt_postgres.postgres_get_relations', 'macro_sql': '{% macro postgres_get_relations() %}\n  {{ return(postgres__get_relations()) }}\n{% endmacro %}', 'depends_on': {'macros': ['macro.dbt_postgres.postgres__get_relations']}, 'description': '', 'meta': {}, 'docs': {'show': True, 'node_color': None}, 'config': {'meta': {}, 'docs': {'show': True, 'node_color': None}}, 'patch_path': None, 'arguments': [], 'created_at': 1780338387.8923485, 'supported_languages': None}, 'macro.dbt_postgres.postgres__create_table_as': {'name': 'postgres__create_table_as', 'resource_type': 'macro', 'package_name': 'dbt_postgres', 'path': 'macros/adapters.sql', 'original_file_path': 'macros/adapters.sql', 'unique_id': 'macro.dbt_postgres.postgres__create_table_as', 'macro_sql': "{% macro postgres__create_table_as(temporary, relation, sql) -%}\n  {%- set unlogged = config.get('unlogged', default=false) -%}\n  {%- set sql_header = config.get('sql_header', none) -%}\n\n  {{ sql_header if sql_header is not none }}\n\n  create {% if temporary -%}\n    temporary\n  {%- elif unlogged -%}\n    unlogged\n  {%- endif %} table {{ relation }}\n  {% set contract_config = config.get('contract') %}\n  {% if contract_config.enforced %}\n    {{ get_assert_columns_equivalent(sql) }}\n  {% endif -%}\n  {% if contract_config.enforced and (not temporary) -%}\n      {{ get_table_columns_and_constraints() }} ;\n    insert into {{ relation }} (\n      {{ adapter.dispatch('get_column_names', 'dbt')() }}\n    )\n    {%- set sql = get_select_subquery(sql) %}\n  {% else %}\n    as\n  {% endif %}\n  (\n    {{ sql }}\n  );\n{%- endmacro %}", 'depends_on': {'macros': ['macro.dbt.get_assert_columns_equivalent', 'macro.dbt.get_table_columns_and_constraints', 'macro.dbt.default__get_column_names', 'macro.dbt.get_select_subquery']}, 'description': '', 'meta': {}, 'docs': {'show': True, 'node_color': None}, 'config': {'meta': {}, 'docs': {'show': True, 'node_color': None}}, 'patch_path': None, 'arguments': [], 'created_at': 1780338387.8947504, 'supported_languages': None}, 'macro.dbt_postgres.postgres__get_create_index_sql': {'name': 'postgres__get_create_index_sql', 'resource_type': 'macro', 'package_name': 'dbt_postgres', 'path': 'macros/adapters.sql', 'original_file_path': 'macros/adapters.sql', 'unique_id': 'macro.dbt_postgres.postgres__get_create_index_sql', 'macro_sql': '{% macro postgres__get_create_index_sql(relation, index_dict) -%}\n  {%- set index_config = adapter.parse_index(index_dict) -%}\n  {%- set comma_separated_columns = ", ".join(index_config.columns) -%}\n  {%- set index_name = index_config.render(relation) -%}\n\n  create {% if index_config.unique -%}\n    unique\n  {%- endif %} index if not exists\n  "{{ index_name }}"\n  on {{ relation }} {% if index_config.type -%}\n    using {{ index_config.type }}\n  {%- endif %}\n  ({{ comma_separated_columns }})\n{%- endmacro %}', 'depends_on': {'macros': []}, 'description': '', 'meta': {}, 'docs': {'show': True, 'node_color': None}, 'config': {'meta': {}, 'docs': {'show': True, 'node_color': None}}, 'patch_path': None, 'arguments': [], 'created_at': 1780338387.895214, 'supported_languages': None}, 'macro.dbt_postgres.postgres__create_schema': {'name': 'postgres__create_schema', 'resource_type': 'macro', 'package_name': 'dbt_postgres', 'path': 'macros/adapters.sql', 'original_file_path': 'macros/adapters.sql', 'unique_id': 'macro.dbt_postgres.postgres__create_schema', 'macro_sql': "{% macro postgres__create_schema(relation) -%}\n  {% if relation.database -%}\n    {{ adapter.verify_database(relation.database) }}\n  {%- endif -%}\n  {%- call statement('create_schema') -%}\n    create schema if not exists {{ relation.without_identifier().include(database=False) }}\n  {%- endcall -%}\n{% endmacro %}", 'depends_on': {'macros': ['macro.dbt.statement']}, 'description': '', 'meta': {}, 'docs': {'show': True, 'node_color': None}, 'config': {'meta': {}, 'docs': {'show': True, 'node_color': None}}, 'patch_path': None, 'arguments': [], 'created_at': 1780338387.8958793, 'supported_languages': None}, 'macro.dbt_postgres.postgres__drop_schema': {'name': 'postgres__drop_schema', 'resource_type': 'macro', 'package_name': 'dbt_postgres', 'path': 'macros/adapters.sql', 'original_file_path': 'macros/adapters.sql', 'unique_id': 'macro.dbt_postgres.postgres__drop_schema', 'macro_sql': "{% macro postgres__drop_schema(relation) -%}\n  {% if relation.database -%}\n    {{ adapter.verify_database(relation.database) }}\n  {%- endif -%}\n  {%- call statement('drop_schema') -%}\n    drop schema if exists {{ relation.without_identifier().include(database=False) }} cascade\n  {%- endcall -%}\n{% endmacro %}", 'depends_on': {'macros': ['macro.dbt.statement']}, 'description': '', 'meta': {}, 'docs': {'show': True, 'node_color': None}, 'config': {'meta': {}, 'docs': {'show': True, 'node_color': None}}, 'patch_path': None, 'arguments': [], 'created_at': 1780338387.896338, 'supported_languages': None}, 'macro.dbt_postgres.postgres__get_columns_in_relation': {'name': 'postgres__get_columns_in_relation', 'resource_type': 'macro', 'package_name': 'dbt_postgres', 'path': 'macros/adapters.sql', 'original_file_path': 'macros/adapters.sql', 'unique_id': 'macro.dbt_postgres.postgres__get_columns_in_relation', 'macro_sql': "{% macro postgres__get_columns_in_relation(relation) -%}\n  {% call statement('get_columns_in_relation', fetch_result=True) %}\n      select\n          column_name,\n          data_type,\n          character_maximum_length,\n          numeric_precision,\n          numeric_scale\n\n      from {{ relation.information_schema('columns') }}\n      where table_name = '{{ relation.identifier }}'\n        {% if relation.schema %}\n        and table_schema = '{{ relation.schema }}'\n        {% endif %}\n      order by ordinal_position\n\n  {% endcall %}\n  {% set table = load_result('get_columns_in_relation').table %}\n  {{ return(sql_convert_columns_in_relation(table)) }}\n{% endmacro %}", 'depends_on': {'macros': ['macro.dbt.statement', 'macro.dbt.sql_convert_columns_in_relation']}, 'description': '', 'meta': {}, 'docs': {'show': True, 'node_color': None}, 'config': {'meta': {}, 'docs': {'show': True, 'node_color': None}}, 'patch_path': None, 'arguments': [], 'created_at': 1780338387.896745, 'supported_languages': None}, 'macro.dbt_postgres.postgres__list_relations_without_caching': {'name': 'postgres__list_relations_without_caching', 'resource_type': 'macro', 'package_name': 'dbt_postgres', 'path': 'macros/adapters.sql', 'original_file_path': 'macros/adapters.sql', 'unique_id': 'macro.dbt_postgres.postgres__list_relations_without_caching', 'macro_sql': "{% macro postgres__list_relations_without_caching(schema_relation) %}\n  {% call statement('list_relations_without_caching', fetch_result=True) -%}\n    select\n      '{{ schema_relation.database }}' as database,\n      tablename as name,\n      schemaname as schema,\n      'table' as type\n    from pg_tables\n    where schemaname ilike '{{ schema_relation.schema }}'\n    union all\n    select\n      '{{ schema_relation.database }}' as database,\n      viewname as name,\n      schemaname as schema,\n      'view' as type\n    from pg_views\n    where schemaname ilike '{{ schema_relation.schema }}'\n    union all\n    select\n      '{{ schema_relation.database }}' as database,\n      matviewname as name,\n      schemaname as schema,\n      'materialized_view' as type\n    from pg_matviews\n    where schemaname ilike '{{ schema_relation.schema }}'\n  {% endcall %}\n  {{ return(load_result('list_relations_without_caching').table) }}\n{% endmacro %}", 'depends_on': {'macros': ['macro.dbt.statement']}, 'description': '', 'meta': {}, 'docs': {'show': True, 'node_color': None}, 'config': {'meta': {}, 'docs': {'show': True, 'node_color': None}}, 'patch_path': None, 'arguments': [], 'created_at': 1780338387.8972921, 'supported_languages': None}, 'macro.dbt_postgres.postgres__information_schema_name': {'name': 'postgres__information_schema_name', 'resource_type': 'macro', 'package_name': 'dbt_postgres', 'path': 'macros/adapters.sql', 'original_file_path': 'macros/adapters.sql', 'unique_id': 'macro.dbt_postgres.postgres__information_schema_name', 'macro_sql': '{% macro postgres__information_schema_name(database) -%}\n  {% if database_name -%}\n    {{ adapter.verify_database(database_name) }}\n  {%- endif -%}\n  information_schema\n{%- endmacro %}', 'depends_on': {'macros': []}, 'description': '', 'meta': {}, 'docs': {'show': True, 'node_color': None}, 'config': {'meta': {}, 'docs': {'show': True, 'node_color': None}}, 'patch_path': None, 'arguments': [], 'created_at': 1780338387.8974872, 'supported_languages': None}, 'macro.dbt_postgres.postgres__list_schemas': {'name': 'postgres__list_schemas', 'resource_type': 'macro', 'package_name': 'dbt_postgres', 'path': 'macros/adapters.sql', 'original_file_path': 'macros/adapters.sql', 'unique_id': 'macro.dbt_postgres.postgres__list_schemas', 'macro_sql': "{% macro postgres__list_schemas(database) %}\n  {% if database -%}\n    {{ adapter.verify_database(database) }}\n  {%- endif -%}\n  {% call statement('list_schemas', fetch_result=True, auto_begin=False) %}\n    select distinct nspname from pg_namespace\n  {% endcall %}\n  {{ return(load_result('list_schemas').table) }}\n{% endmacro %}", 'depends_on': {'macros': ['macro.dbt.statement']}, 'description': '', 'meta': {}, 'docs': {'show': True, 'node_color': None}, 'config': {'meta': {}, 'docs': {'show': True, 'node_color': None}}, 'patch_path': None, 'arguments': [], 'created_at': 1780338387.8977966, 'supported_languages': None}, 'macro.dbt_postgres.postgres__check_schema_exists': {'name': 'postgres__check_schema_exists', 'resource_type': 'macro', 'package_name': 'dbt_postgres', 'path': 'macros/adapters.sql', 'original_file_path': 'macros/adapters.sql', 'unique_id': 'macro.dbt_postgres.postgres__check_schema_exists', 'macro_sql': "{% macro postgres__check_schema_exists(information_schema, schema) -%}\n  {% if information_schema.database -%}\n    {{ adapter.verify_database(information_schema.database) }}\n  {%- endif -%}\n  {% call statement('check_schema_exists', fetch_result=True, auto_begin=False) %}\n    select count(*) from pg_namespace where nspname = '{{ schema }}'\n  {% endcall %}\n  {{ return(load_result('check_schema_exists').table) }}\n{% endmacro %}", 'depends_on': {'macros': ['macro.dbt.statement']}, 'description': '', 'meta': {}, 'docs': {'show': True, 'node_color': None}, 'config': {'meta': {}, 'docs': {'show': True, 'node_color': None}}, 'patch_path': None, 'arguments': [], 'created_at': 1780338387.8981364, 'supported_languages': None}, 'macro.dbt_postgres.postgres__make_relation_with_suffix': {'name': 'postgres__make_relation_with_suffix', 'resource_type': 'macro', 'package_name': 'dbt_postgres', 'path': 'macros/adapters.sql', 'original_file_path': 'macros/adapters.sql', 'unique_id': 'macro.dbt_postgres.postgres__make_relation_with_suffix', 'macro_sql': '{% macro postgres__make_relation_with_suffix(base_relation, suffix, dstring) %}\n    {% if dstring %}\n      {% set dt = modules.datetime.datetime.now() %}\n      {% set dtstring = dt.strftime("%H%M%S%f") %}\n      {% set suffix = suffix ~ dtstring %}\n    {% endif %}\n    {% set suffix_length = suffix|length %}\n    {% set relation_max_name_length = base_relation.relation_max_name_length() %}\n    {% if suffix_length > relation_max_name_length %}\n        {% do exceptions.raise_compiler_error(\'Relation suffix is too long (\' ~ suffix_length ~ \' characters). Maximum length is \' ~ relation_max_name_length ~ \' characters.\') %}\n    {% endif %}\n    {% set identifier = base_relation.identifier[:relation_max_name_length - suffix_length] ~ suffix %}\n\n    {{ return(base_relation.incorporate(path={"identifier": identifier })) }}\n\n  {% endmacro %}', 'depends_on': {'macros': []}, 'description': '', 'meta': {}, 'docs': {'show': True, 'node_color': None}, 'config': {'meta': {}, 'docs': {'show': True, 'node_color': None}}, 'patch_path': None, 'arguments': [], 'created_at': 1780338387.8990176, 'supported_languages': None}, 'macro.dbt_postgres.postgres__make_intermediate_relation': {'name': 'postgres__make_intermediate_relation', 'resource_type': 'macro', 'package_name': 'dbt_postgres', 'path': 'macros/adapters.sql', 'original_file_path': 'macros/adapters.sql', 'unique_id': 'macro.dbt_postgres.postgres__make_intermediate_relation', 'macro_sql': '{% macro postgres__make_intermediate_relation(base_relation, suffix) %}\n    {{ return(postgres__make_relation_with_suffix(base_relation, suffix, dstring=False)) }}\n{% endmacro %}', 'depends_on': {'macros': ['macro.dbt_postgres.postgres__make_relation_with_suffix']}, 'description': '', 'meta': {}, 'docs': {'show': True, 'node_color': None}, 'config': {'meta': {}, 'docs': {'show': True, 'node_color': None}}, 'patch_path': None, 'arguments': [], 'created_at': 1780338387.899223, 'supported_languages': None}, 'macro.dbt_postgres.postgres__make_temp_relation': {'name': 'postgres__make_temp_relation', 'resource_type': 'macro', 'package_name': 'dbt_postgres', 'path': 'macros/adapters.sql', 'original_file_path': 'macros/adapters.sql', 'unique_id': 'macro.dbt_postgres.postgres__make_temp_relation', 'macro_sql': '{% macro postgres__make_temp_relation(base_relation, suffix) %}\n    {% set temp_relation = postgres__make_relation_with_suffix(base_relation, suffix, dstring=True) %}\n    {{ return(temp_relation.incorporate(path={"schema": none,\n                                              "database": none})) }}\n{% endmacro %}', 'depends_on': {'macros': ['macro.dbt_postgres.postgres__make_relation_with_suffix']}, 'description': '', 'meta': {}, 'docs': {'show': True, 'node_color': None}, 'config': {'meta': {}, 'docs': {'show': True, 'node_color': None}}, 'patch_path': None, 'arguments': [], 'created_at': 1780338387.8995116, 'supported_languages': None}, 'macro.dbt_postgres.postgres__make_backup_relation': {'name': 'postgres__make_backup_relation', 'resource_type': 'macro', 'package_name': 'dbt_postgres', 'path': 'macros/adapters.sql', 'original_file_path': 'macros/adapters.sql', 'unique_id': 'macro.dbt_postgres.postgres__make_backup_relation', 'macro_sql': '{% macro postgres__make_backup_relation(base_relation, backup_relation_type, suffix) %}\n    {% set backup_relation = postgres__make_relation_with_suffix(base_relation, suffix, dstring=False) %}\n    {{ return(backup_relation.incorporate(type=backup_relation_type)) }}\n{% endmacro %}', 'depends_on': {'macros': ['macro.dbt_postgres.postgres__make_relation_with_suffix']}, 'description': '', 'meta': {}, 'docs': {'show': True, 'node_color': None}, 'config': {'meta': {}, 'docs': {'show': True, 'node_color': None}}, 'patch_path': None, 'arguments': [], 'created_at': 1780338387.899757, 'supported_languages': None}, 'macro.dbt_postgres.postgres_escape_comment': {'name': 'postgres_escape_comment', 'resource_type': 'macro', 'package_name': 'dbt_postgres', 'path': 'macros/adapters.sql', 'original_file_path': 'macros/adapters.sql', 'unique_id': 'macro.dbt_postgres.postgres_escape_comment', 'macro_sql': "{% macro postgres_escape_comment(comment) -%}\n  {% if comment is not string %}\n    {% do exceptions.raise_compiler_error('cannot escape a non-string: ' ~ comment) %}\n  {% endif %}\n  {%- set magic = '$dbt_comment_literal_block$' -%}\n  {%- if magic in comment -%}\n    {%- do exceptions.raise_compiler_error('The string ' ~ magic ~ ' is not allowed in comments.') -%}\n  {%- endif -%}\n  {{ magic }}{{ comment }}{{ magic }}\n{%- endmacro %}", 'depends_on': {'macros': []}, 'description': '', 'meta': {}, 'docs': {'show': True, 'node_color': None}, 'config': {'meta': {}, 'docs': {'show': True, 'node_color': None}}, 'patch_path': None, 'arguments': [], 'created_at': 1780338387.9001436, 'supported_languages': None}, 'macro.dbt_postgres.postgres__alter_relation_comment': {'name': 'postgres__alter_relation_comment', 'resource_type': 'macro', 'package_name': 'dbt_postgres', 'path': 'macros/adapters.sql', 'original_file_path': 'macros/adapters.sql', 'unique_id': 'macro.dbt_postgres.postgres__alter_relation_comment', 'macro_sql': '{% macro postgres__alter_relation_comment(relation, comment) %}\n  {% set escaped_comment = postgres_escape_comment(comment) %}\n  {% if relation.type == \'materialized_view\' -%}\n    {% set relation_type = "materialized view" %}\n  {%- else -%}\n    {%- set relation_type = relation.type -%}\n  {%- endif -%}\n  comment on {{ relation_type }} {{ relation }} is {{ escaped_comment }};\n{% endmacro %}', 'depends_on': {'macros': ['macro.dbt_postgres.postgres_escape_comment']}, 'description': '', 'meta': {}, 'docs': {'show': True, 'node_color': None}, 'config': {'meta': {}, 'docs': {'show': True, 'node_color': None}}, 'patch_path': None, 'arguments': [], 'created_at': 1780338387.900475, 'supported_languages': None}, 'macro.dbt_postgres.postgres__alter_column_comment': {'name': 'postgres__alter_column_comment', 'resource_type': 'macro', 'package_name': 'dbt_postgres', 'path': 'macros/adapters.sql', 'original_file_path': 'macros/adapters.sql', 'unique_id': 'macro.dbt_postgres.postgres__alter_column_comment', 'macro_sql': '{% macro postgres__alter_column_comment(relation, column_dict) %}\n  {% set existing_columns = adapter.get_columns_in_relation(relation) | map(attribute="name") | list %}\n  {% for column_name in column_dict if (column_name in existing_columns) %}\n    {% set comment = column_dict[column_name][\'description\'] %}\n    {% set escaped_comment = postgres_escape_comment(comment) %}\n    comment on column {{ relation }}.{{ adapter.quote(column_name) if column_dict[column_name][\'quote\'] else column_name }} is {{ escaped_comment }};\n  {% endfor %}\n{% endmacro %}', 'depends_on': {'macros': ['macro.dbt_postgres.postgres_escape_comment']}, 'description': '', 'meta': {}, 'docs': {'show': True, 'node_color': None}, 'config': {'meta': {}, 'docs': {'show': True, 'node_color': None}}, 'patch_path': None, 'arguments': [], 'created_at': 1780338387.9010768, 'supported_languages': None}, 'macro.dbt_postgres.postgres__get_show_grant_sql': {'name': 'postgres__get_show_grant_sql', 'resource_type': 'macro', 'package_name': 'dbt_postgres', 'path': 'macros/adapters.sql', 'original_file_path': 'macros/adapters.sql', 'unique_id': 'macro.dbt_postgres.postgres__get_show_grant_sql', 'macro_sql': "\n\n{%- macro postgres__get_show_grant_sql(relation) -%}\n  select grantee, privilege_type\n  from {{ relation.information_schema('role_table_grants') }}\n      where grantor = current_role\n        and grantee != current_role\n        and table_schema = '{{ relation.schema }}'\n        and table_name = '{{ relation.identifier }}'\n{%- endmacro -%}\n\n", 'depends_on': {'macros': []}, 'description': '', 'meta': {}, 'docs': {'show': True, 'node_color': None}, 'config': {'meta': {}, 'docs': {'show': True, 'node_color': None}}, 'patch_path': None, 'arguments': [], 'created_at': 1780338387.901295, 'supported_languages': None}, 'macro.dbt_postgres.postgres__copy_grants': {'name': 'postgres__copy_grants', 'resource_type': 'macro', 'package_name': 'dbt_postgres', 'path': 'macros/adapters.sql', 'original_file_path': 'macros/adapters.sql', 'unique_id': 'macro.dbt_postgres.postgres__copy_grants', 'macro_sql': '{% macro postgres__copy_grants() %}\n    {{ return(False) }}\n{% endmacro %}', 'depends_on': {'macros': []}, 'description': '', 'meta': {}, 'docs': {'show': True, 'node_color': None}, 'config': {'meta': {}, 'docs': {'show': True, 'node_color': None}}, 'patch_path': None, 'arguments': [], 'created_at': 1780338387.9014065, 'supported_languages': None}, 'macro.dbt_postgres.postgres__get_show_indexes_sql': {'name': 'postgres__get_show_indexes_sql', 'resource_type': 'macro', 'package_name': 'dbt_postgres', 'path': 'macros/adapters.sql', 'original_file_path': 'macros/adapters.sql', 'unique_id': 'macro.dbt_postgres.postgres__get_show_indexes_sql', 'macro_sql': '{% macro postgres__get_show_indexes_sql(relation) %}\n    select\n        i.relname                                   as name,\n        m.amname                                    as method,\n        ix.indisunique                              as "unique",\n        array_to_string(array_agg(a.attname), \',\')  as column_names\n    from pg_index ix\n    join pg_class i\n        on i.oid = ix.indexrelid\n    join pg_am m\n        on m.oid=i.relam\n    join pg_class t\n        on t.oid = ix.indrelid\n    join pg_namespace n\n        on n.oid = t.relnamespace\n    join pg_attribute a\n        on a.attrelid = t.oid\n        and a.attnum = ANY(ix.indkey)\n    where t.relname = \'{{ relation.identifier }}\'\n      and n.nspname = \'{{ relation.schema }}\'\n      and t.relkind in (\'r\', \'m\')\n    group by 1, 2, 3\n    order by 1, 2, 3\n{% endmacro %}', 'depends_on': {'macros': []}, 'description': '', 'meta': {}, 'docs': {'show': True, 'node_color': None}, 'config': {'meta': {}, 'docs': {'show': True, 'node_color': None}}, 'patch_path': None, 'arguments': [], 'created_at': 1780338387.9015749, 'supported_languages': None}, 'macro.dbt_postgres.postgres__get_drop_index_sql': {'name': 'postgres__get_drop_index_sql', 'resource_type': 'macro', 'package_name': 'dbt_postgres', 'path': 'macros/adapters.sql', 'original_file_path': 'macros/adapters.sql', 'unique_id': 'macro.dbt_postgres.postgres__get_drop_index_sql', 'macro_sql': '\n\n\n{%- macro postgres__get_drop_index_sql(relation, index_name) -%}\n    drop index if exists "{{ relation.schema }}"."{{ index_name }}"\n{%- endmacro -%}', 'depends_on': {'macros': []}, 'description': '', 'meta': {}, 'docs': {'show': True, 'node_color': None}, 'config': {'meta': {}, 'docs': {'show': True, 'node_color': None}}, 'patch_path': None, 'arguments': [], 'created_at': 1780338387.9017022, 'supported_languages': None}, 'macro.dbt_postgres.postgres__get_catalog_relations': {'name': 'postgres__get_catalog_relations', 'resource_type': 'macro', 'package_name': 'dbt_postgres', 'path': 'macros/catalog.sql', 'original_file_path': 'macros/catalog.sql', 'unique_id': 'macro.dbt_postgres.postgres__get_catalog_relations', 'macro_sql': "{% macro postgres__get_catalog_relations(information_schema, relations) -%}\n  {%- call statement('catalog', fetch_result=True) -%}\n\n    {#\n      If the user has multiple databases set and the first one is wrong, this will fail.\n      But we won't fail in the case where there are multiple quoting-difference-only dbs, which is better.\n    #}\n    {% set database = information_schema.database %}\n    {{ adapter.verify_database(database) }}\n\n    select\n        '{{ database }}' as table_database,\n        sch.nspname as table_schema,\n        tbl.relname as table_name,\n        case tbl.relkind\n            when 'v' then 'VIEW'\n            when 'm' then 'MATERIALIZED VIEW'\n            else 'BASE TABLE'\n        end as table_type,\n        tbl_desc.description as table_comment,\n        col.attname as column_name,\n        col.attnum as column_index,\n        pg_catalog.format_type(col.atttypid, col.atttypmod) as column_type,\n        col_desc.description as column_comment,\n        pg_get_userbyid(tbl.relowner) as table_owner\n\n    from pg_catalog.pg_namespace sch\n    join pg_catalog.pg_class tbl on tbl.relnamespace = sch.oid\n    join pg_catalog.pg_attribute col on col.attrelid = tbl.oid\n    left outer join pg_catalog.pg_description tbl_desc on (tbl_desc.objoid = tbl.oid and tbl_desc.objsubid = 0)\n    left outer join pg_catalog.pg_description col_desc on (col_desc.objoid = tbl.oid and col_desc.objsubid = col.attnum)\n    where (\n      {%- for relation in relations -%}\n        {%- if relation.identifier -%}\n          (upper(sch.nspname) = upper('{{ relation.schema }}') and\n           upper(tbl.relname) = upper('{{ relation.identifier }}'))\n        {%- else-%}\n          upper(sch.nspname) = upper('{{ relation.schema }}')\n        {%- endif -%}\n        {%- if not loop.last %} or {% endif -%}\n      {%- endfor -%}\n    )\n      and not pg_is_other_temp_schema(sch.oid) -- not a temporary schema belonging to another session\n      and tbl.relpersistence in ('p', 'u') -- [p]ermanent table or [u]nlogged table. Exclude [t]emporary tables\n      and tbl.relkind in ('r', 'v', 'f', 'p', 'm') -- o[r]dinary table, [v]iew, [f]oreign table, [p]artitioned table, [m]aterialized view. Other values are [i]ndex, [S]equence, [c]omposite type, [t]OAST table\n      and col.attnum > 0 -- negative numbers are used for system columns such as oid\n      and not col.attisdropped -- column as not been dropped\n\n    order by\n        sch.nspname,\n        tbl.relname,\n        col.attnum\n\n  {%- endcall -%}\n\n  {{ return(load_result('catalog').table) }}\n{%- endmacro %}", 'depends_on': {'macros': ['macro.dbt.statement']}, 'description': '', 'meta': {}, 'docs': {'show': True, 'node_color': None}, 'config': {'meta': {}, 'docs': {'show': True, 'node_color': None}}, 'patch_path': None, 'arguments': [], 'created_at': 1780338387.902666, 'supported_languages': None}, 'macro.dbt_postgres.postgres__get_catalog': {'name': 'postgres__get_catalog', 'resource_type': 'macro', 'package_name': 'dbt_postgres', 'path': 'macros/catalog.sql', 'original_file_path': 'macros/catalog.sql', 'unique_id': 'macro.dbt_postgres.postgres__get_catalog', 'macro_sql': "{% macro postgres__get_catalog(information_schema, schemas) -%}\n  {%- set relations = [] -%}\n  {%- for schema in schemas -%}\n    {%- set dummy = relations.append({'schema': schema}) -%}\n  {%- endfor -%}\n  {{ return(postgres__get_catalog_relations(information_schema, relations)) }}\n{%- endmacro %}", 'depends_on': {'macros': ['macro.dbt_postgres.postgres__get_catalog_relations']}, 'description': '', 'meta': {}, 'docs': {'show': True, 'node_color': None}, 'config': {'meta': {}, 'docs': {'show': True, 'node_color': None}}, 'patch_path': None, 'arguments': [], 'created_at': 1780338387.9030316, 'supported_languages': None}, 'macro.dbt_postgres.postgres__last_day': {'name': 'postgres__last_day', 'resource_type': 'macro', 'package_name': 'dbt_postgres', 'path': 'macros/utils/last_day.sql', 'original_file_path': 'macros/utils/last_day.sql', 'unique_id': 'macro.dbt_postgres.postgres__last_day', 'macro_sql': "{% macro postgres__last_day(date, datepart) -%}\n\n    {%- if datepart == 'quarter' -%}\n    -- postgres dateadd does not support quarter interval.\n    cast(\n        {{dbt.dateadd('day', '-1',\n        dbt.dateadd('month', '3', dbt.date_trunc(datepart, date))\n        )}}\n        as date)\n    {%- else -%}\n    {{dbt.default_last_day(date, datepart)}}\n    {%- endif -%}\n\n{%- endmacro %}", 'depends_on': {'macros': ['macro.dbt.dateadd', 'macro.dbt.date_trunc', 'macro.dbt.default_last_day']}, 'description': '', 'meta': {}, 'docs': {'show': True, 'node_color': None}, 'config': {'meta': {}, 'docs': {'show': True, 'node_color': None}}, 'patch_path': None, 'arguments': [], 'created_at': 1780338387.9035065, 'supported_languages': None}, 'macro.dbt_postgres.postgres__dateadd': {'name': 'postgres__dateadd', 'resource_type': 'macro', 'package_name': 'dbt_postgres', 'path': 'macros/utils/dateadd.sql', 'original_file_path': 'macros/utils/dateadd.sql', 'unique_id': 'macro.dbt_postgres.postgres__dateadd', 'macro_sql': "{% macro postgres__dateadd(datepart, interval, from_date_or_timestamp) %}\n\n    {{ from_date_or_timestamp }} + ((interval '1 {{ datepart }}') * ({{ interval }}))\n\n{% endmacro %}", 'depends_on': {'macros': []}, 'description': '', 'meta': {}, 'docs': {'show': True, 'node_color': None}, 'config': {'meta': {}, 'docs': {'show': True, 'node_color': None}}, 'patch_path': None, 'arguments': [], 'created_at': 1780338387.9037116, 'supported_languages': None}, 'macro.dbt_postgres.postgres__any_value': {'name': 'postgres__any_value', 'resource_type': 'macro', 'package_name': 'dbt_postgres', 'path': 'macros/utils/any_value.sql', 'original_file_path': 'macros/utils/any_value.sql', 'unique_id': 'macro.dbt_postgres.postgres__any_value', 'macro_sql': '{% macro postgres__any_value(expression) -%}\n\n    min({{ expression }})\n\n{%- endmacro %}', 'depends_on': {'macros': []}, 'description': '', 'meta': {}, 'docs': {'show': True, 'node_color': None}, 'config': {'meta': {}, 'docs': {'show': True, 'node_color': None}}, 'patch_path': None, 'arguments': [], 'created_at': 1780338387.9038584, 'supported_languages': None}, 'macro.dbt_postgres.postgres__listagg': {'name': 'postgres__listagg', 'resource_type': 'macro', 'package_name': 'dbt_postgres', 'path': 'macros/utils/listagg.sql', 'original_file_path': 'macros/utils/listagg.sql', 'unique_id': 'macro.dbt_postgres.postgres__listagg', 'macro_sql': '{% macro postgres__listagg(measure, delimiter_text, order_by_clause, limit_num) -%}\n\n    {% if limit_num -%}\n    array_to_string(\n        (array_agg(\n            {{ measure }}\n            {% if order_by_clause -%}\n            {{ order_by_clause }}\n            {%- endif %}\n        ))[1:{{ limit_num }}],\n        {{ delimiter_text }}\n        )\n    {%- else %}\n    string_agg(\n        {{ measure }},\n        {{ delimiter_text }}\n        {% if order_by_clause -%}\n        {{ order_by_clause }}\n        {%- endif %}\n        )\n    {%- endif %}\n\n{%- endmacro %}', 'depends_on': {'macros': []}, 'description': '', 'meta': {}, 'docs': {'show': True, 'node_color': None}, 'config': {'meta': {}, 'docs': {'show': True, 'node_color': None}}, 'patch_path': None, 'arguments': [], 'created_at': 1780338387.9043977, 'supported_languages': None}, 'macro.dbt_postgres.postgres__split_part': {'name': 'postgres__split_part', 'resource_type': 'macro', 'package_name': 'dbt_postgres', 'path': 'macros/utils/split_part.sql', 'original_file_path': 'macros/utils/split_part.sql', 'unique_id': 'macro.dbt_postgres.postgres__split_part', 'macro_sql': '{% macro postgres__split_part(string_text, delimiter_text, part_number) %}\n\n  {% if part_number >= 0 %}\n    {{ dbt.default__split_part(string_text, delimiter_text, part_number) }}\n  {% else %}\n    {{ dbt._split_part_negative(string_text, delimiter_text, part_number) }}\n  {% endif %}\n\n{% endmacro %}', 'depends_on': {'macros': ['macro.dbt.default__split_part', 'macro.dbt._split_part_negative']}, 'description': '', 'meta': {}, 'docs': {'show': True, 'node_color': None}, 'config': {'meta': {}, 'docs': {'show': True, 'node_color': None}}, 'patch_path': None, 'arguments': [], 'created_at': 1780338387.904949, 'supported_languages': None}, 'macro.dbt_postgres.postgres__datediff': {'name': 'postgres__datediff', 'resource_type': 'macro', 'package_name': 'dbt_postgres', 'path': 'macros/utils/datediff.sql', 'original_file_path': 'macros/utils/datediff.sql', 'unique_id': 'macro.dbt_postgres.postgres__datediff', 'macro_sql': '{% macro postgres__datediff(first_date, second_date, datepart) -%}\n\n    {% if datepart == \'year\' %}\n        (date_part(\'year\', ({{second_date}})::date) - date_part(\'year\', ({{first_date}})::date))\n    {% elif datepart == \'quarter\' %}\n        ({{ datediff(first_date, second_date, \'year\') }} * 4 + date_part(\'quarter\', ({{second_date}})::date) - date_part(\'quarter\', ({{first_date}})::date))\n    {% elif datepart == \'month\' %}\n        ({{ datediff(first_date, second_date, \'year\') }} * 12 + date_part(\'month\', ({{second_date}})::date) - date_part(\'month\', ({{first_date}})::date))\n    {% elif datepart == \'day\' %}\n        (({{second_date}})::date - ({{first_date}})::date)\n    {% elif datepart == \'week\' %}\n        ({{ datediff(first_date, second_date, \'day\') }} / 7 + case\n            when date_part(\'dow\', ({{first_date}})::timestamp) <= date_part(\'dow\', ({{second_date}})::timestamp) then\n                case when {{first_date}} <= {{second_date}} then 0 else -1 end\n            else\n                case when {{first_date}} <= {{second_date}} then 1 else 0 end\n        end)\n    {% elif datepart == \'hour\' %}\n        ({{ datediff(first_date, second_date, \'day\') }} * 24 + date_part(\'hour\', ({{second_date}})::timestamp) - date_part(\'hour\', ({{first_date}})::timestamp))\n    {% elif datepart == \'minute\' %}\n        ({{ datediff(first_date, second_date, \'hour\') }} * 60 + date_part(\'minute\', ({{second_date}})::timestamp) - date_part(\'minute\', ({{first_date}})::timestamp))\n    {% elif datepart == \'second\' %}\n        ({{ datediff(first_date, second_date, \'minute\') }} * 60 + floor(date_part(\'second\', ({{second_date}})::timestamp)) - floor(date_part(\'second\', ({{first_date}})::timestamp)))\n    {% elif datepart == \'millisecond\' %}\n        ({{ datediff(first_date, second_date, \'minute\') }} * 60000 + floor(date_part(\'millisecond\', ({{second_date}})::timestamp)) - floor(date_part(\'millisecond\', ({{first_date}})::timestamp)))\n    {% elif datepart == \'microsecond\' %}\n        ({{ datediff(first_date, second_date, \'minute\') }} * 60000000 + floor(date_part(\'microsecond\', ({{second_date}})::timestamp)) - floor(date_part(\'microsecond\', ({{first_date}})::timestamp)))\n    {% else %}\n        {{ exceptions.raise_compiler_error("Unsupported datepart for macro datediff in postgres: {!r}".format(datepart)) }}\n    {% endif %}\n\n{%- endmacro %}', 'depends_on': {'macros': ['macro.dbt.datediff']}, 'description': '', 'meta': {}, 'docs': {'show': True, 'node_color': None}, 'config': {'meta': {}, 'docs': {'show': True, 'node_color': None}}, 'patch_path': None, 'arguments': [], 'created_at': 1780338387.906661, 'supported_languages': None}, 'macro.dbt_postgres.postgres__get_replace_table_sql': {'name': 'postgres__get_replace_table_sql', 'resource_type': 'macro', 'package_name': 'dbt_postgres', 'path': 'macros/relations/table/replace.sql', 'original_file_path': 'macros/relations/table/replace.sql', 'unique_id': 'macro.dbt_postgres.postgres__get_replace_table_sql', 'macro_sql': "{% macro postgres__get_replace_table_sql(relation, sql) -%}\n\n    {%- set sql_header = config.get('sql_header', none) -%}\n    {{ sql_header if sql_header is not none }}\n\n    create or replace table {{ relation }}\n        {% set contract_config = config.get('contract') %}\n        {% if contract_config.enforced %}\n            {{ get_assert_columns_equivalent(sql) }}\n            {{ get_table_columns_and_constraints() }}\n            {%- set sql = get_select_subquery(sql) %}\n        {% endif %}\n    as (\n        {{ sql }}\n    );\n\n{%- endmacro %}", 'depends_on': {'macros': ['macro.dbt.get_assert_columns_equivalent', 'macro.dbt.get_table_columns_and_constraints', 'macro.dbt.get_select_subquery']}, 'description': '', 'meta': {}, 'docs': {'show': True, 'node_color': None}, 'config': {'meta': {}, 'docs': {'show': True, 'node_color': None}}, 'patch_path': None, 'arguments': [], 'created_at': 1780338387.9073007, 'supported_languages': None}, 'macro.dbt_postgres.postgres__get_rename_table_sql': {'name': 'postgres__get_rename_table_sql', 'resource_type': 'macro', 'package_name': 'dbt_postgres', 'path': 'macros/relations/table/rename.sql', 'original_file_path': 'macros/relations/table/rename.sql', 'unique_id': 'macro.dbt_postgres.postgres__get_rename_table_sql', 'macro_sql': '{% macro postgres__get_rename_table_sql(relation, new_name) %}\n    alter table {{ relation }} rename to {{ new_name }}\n{% endmacro %}', 'depends_on': {'macros': []}, 'description': '', 'meta': {}, 'docs': {'show': True, 'node_color': None}, 'config': {'meta': {}, 'docs': {'show': True, 'node_color': None}}, 'patch_path': None, 'arguments': [], 'created_at': 1780338387.9074857, 'supported_languages': None}, 'macro.dbt_postgres.postgres__drop_table': {'name': 'postgres__drop_table', 'resource_type': 'macro', 'package_name': 'dbt_postgres', 'path': 'macros/relations/table/drop.sql', 'original_file_path': 'macros/relations/table/drop.sql', 'unique_id': 'macro.dbt_postgres.postgres__drop_table', 'macro_sql': '{% macro postgres__drop_table(relation) -%}\n    drop table if exists {{ relation }} cascade\n{%- endmacro %}', 'depends_on': {'macros': []}, 'description': '', 'meta': {}, 'docs': {'show': True, 'node_color': None}, 'config': {'meta': {}, 'docs': {'show': True, 'node_color': None}}, 'patch_path': None, 'arguments': [], 'created_at': 1780338387.9076178, 'supported_languages': None}, 'macro.dbt_postgres.postgres__refresh_materialized_view': {'name': 'postgres__refresh_materialized_view', 'resource_type': 'macro', 'package_name': 'dbt_postgres', 'path': 'macros/relations/materialized_view/refresh.sql', 'original_file_path': 'macros/relations/materialized_view/refresh.sql', 'unique_id': 'macro.dbt_postgres.postgres__refresh_materialized_view', 'macro_sql': '{% macro postgres__refresh_materialized_view(relation) %}\n    refresh materialized view {{ relation }}\n{% endmacro %}', 'depends_on': {'macros': []}, 'description': '', 'meta': {}, 'docs': {'show': True, 'node_color': None}, 'config': {'meta': {}, 'docs': {'show': True, 'node_color': None}}, 'patch_path': None, 'arguments': [], 'created_at': 1780338387.9077406, 'supported_languages': None}, 'macro.dbt_postgres.postgres__get_create_materialized_view_as_sql': {'name': 'postgres__get_create_materialized_view_as_sql', 'resource_type': 'macro', 'package_name': 'dbt_postgres', 'path': 'macros/relations/materialized_view/create.sql', 'original_file_path': 'macros/relations/materialized_view/create.sql', 'unique_id': 'macro.dbt_postgres.postgres__get_create_materialized_view_as_sql', 'macro_sql': '{% macro postgres__get_create_materialized_view_as_sql(relation, sql) %}\n    create materialized view if not exists {{ relation }} as {{ sql }};\n\n    {% for _index_dict in config.get(\'indexes\', []) -%}\n        {{- get_create_index_sql(relation, _index_dict) -}}{{ \';\' if not loop.last else "" }}\n    {%- endfor -%}\n\n{% endmacro %}', 'depends_on': {'macros': ['macro.dbt.get_create_index_sql']}, 'description': '', 'meta': {}, 'docs': {'show': True, 'node_color': None}, 'config': {'meta': {}, 'docs': {'show': True, 'node_color': None}}, 'patch_path': None, 'arguments': [], 'created_at': 1780338387.9081979, 'supported_languages': None}, 'macro.dbt_postgres.postgres__get_alter_materialized_view_as_sql': {'name': 'postgres__get_alter_materialized_view_as_sql', 'resource_type': 'macro', 'package_name': 'dbt_postgres', 'path': 'macros/relations/materialized_view/alter.sql', 'original_file_path': 'macros/relations/materialized_view/alter.sql', 'unique_id': 'macro.dbt_postgres.postgres__get_alter_materialized_view_as_sql', 'macro_sql': '{% macro postgres__get_alter_materialized_view_as_sql(\n    relation,\n    configuration_changes,\n    sql,\n    existing_relation,\n    backup_relation,\n    intermediate_relation\n) %}\n\n    -- apply a full refresh immediately if needed\n    {% if configuration_changes.requires_full_refresh %}\n\n        {{ get_replace_sql(existing_relation, relation, sql) }}\n\n    -- otherwise apply individual changes as needed\n    {% else %}\n\n        {{ postgres__update_indexes_on_materialized_view(relation, configuration_changes.indexes) }}\n\n    {%- endif -%}\n\n{% endmacro %}', 'depends_on': {'macros': ['macro.dbt.get_replace_sql', 'macro.dbt_postgres.postgres__update_indexes_on_materialized_view']}, 'description': '', 'meta': {}, 'docs': {'show': True, 'node_color': None}, 'config': {'meta': {}, 'docs': {'show': True, 'node_color': None}}, 'patch_path': None, 'arguments': [], 'created_at': 1780338387.9087222, 'supported_languages': None}, 'macro.dbt_postgres.postgres__update_indexes_on_materialized_view': {'name': 'postgres__update_indexes_on_materialized_view', 'resource_type': 'macro', 'package_name': 'dbt_postgres', 'path': 'macros/relations/materialized_view/alter.sql', 'original_file_path': 'macros/relations/materialized_view/alter.sql', 'unique_id': 'macro.dbt_postgres.postgres__update_indexes_on_materialized_view', 'macro_sql': '\n\n\n{%- macro postgres__update_indexes_on_materialized_view(relation, index_changes) -%}\n    {{- log("Applying UPDATE INDEXES to: " ~ relation) -}}\n\n    {%- for _index_change in index_changes -%}\n        {%- set _index = _index_change.context -%}\n\n        {%- if _index_change.action == "drop" -%}\n\n            {{ postgres__get_drop_index_sql(relation, _index.name) }}\n\n        {%- elif _index_change.action == "create" -%}\n\n            {{ postgres__get_create_index_sql(relation, _index.as_node_config) }}\n\n        {%- endif -%}\n\t{{ \';\' if not loop.last else "" }}\n\n    {%- endfor -%}\n\n{%- endmacro -%}\n\n\n', 'depends_on': {'macros': ['macro.dbt_postgres.postgres__get_drop_index_sql', 'macro.dbt_postgres.postgres__get_create_index_sql']}, 'description': '', 'meta': {}, 'docs': {'show': True, 'node_color': None}, 'config': {'meta': {}, 'docs': {'show': True, 'node_color': None}}, 'patch_path': None, 'arguments': [], 'created_at': 1780338387.9092948, 'supported_languages': None}, 'macro.dbt_postgres.postgres__get_materialized_view_configuration_changes': {'name': 'postgres__get_materialized_view_configuration_changes', 'resource_type': 'macro', 'package_name': 'dbt_postgres', 'path': 'macros/relations/materialized_view/alter.sql', 'original_file_path': 'macros/relations/materialized_view/alter.sql', 'unique_id': 'macro.dbt_postgres.postgres__get_materialized_view_configuration_changes', 'macro_sql': '{% macro postgres__get_materialized_view_configuration_changes(existing_relation, new_config) %}\n    {% set _existing_materialized_view = postgres__describe_materialized_view(existing_relation) %}\n    {% set _configuration_changes = existing_relation.get_materialized_view_config_change_collection(_existing_materialized_view, new_config.model) %}\n    {% do return(_configuration_changes) %}\n{% endmacro %}', 'depends_on': {'macros': ['macro.dbt_postgres.postgres__describe_materialized_view']}, 'description': '', 'meta': {}, 'docs': {'show': True, 'node_color': None}, 'config': {'meta': {}, 'docs': {'show': True, 'node_color': None}}, 'patch_path': None, 'arguments': [], 'created_at': 1780338387.9095702, 'supported_languages': None}, 'macro.dbt_postgres.postgres__get_rename_materialized_view_sql': {'name': 'postgres__get_rename_materialized_view_sql', 'resource_type': 'macro', 'package_name': 'dbt_postgres', 'path': 'macros/relations/materialized_view/rename.sql', 'original_file_path': 'macros/relations/materialized_view/rename.sql', 'unique_id': 'macro.dbt_postgres.postgres__get_rename_materialized_view_sql', 'macro_sql': '{% macro postgres__get_rename_materialized_view_sql(relation, new_name) %}\n    alter materialized view {{ relation }} rename to {{ new_name }}\n{% endmacro %}', 'depends_on': {'macros': []}, 'description': '', 'meta': {}, 'docs': {'show': True, 'node_color': None}, 'config': {'meta': {}, 'docs': {'show': True, 'node_color': None}}, 'patch_path': None, 'arguments': [], 'created_at': 1780338387.9097464, 'supported_languages': None}, 'macro.dbt_postgres.postgres__describe_materialized_view': {'name': 'postgres__describe_materialized_view', 'resource_type': 'macro', 'package_name': 'dbt_postgres', 'path': 'macros/relations/materialized_view/describe.sql', 'original_file_path': 'macros/relations/materialized_view/describe.sql', 'unique_id': 'macro.dbt_postgres.postgres__describe_materialized_view', 'macro_sql': "{% macro postgres__describe_materialized_view(relation) %}\n    -- for now just get the indexes, we don't need the name or the query yet\n    {% set _indexes = run_query(get_show_indexes_sql(relation)) %}\n    {% do return({'indexes': _indexes}) %}\n{% endmacro %}", 'depends_on': {'macros': ['macro.dbt.run_query', 'macro.dbt.get_show_indexes_sql']}, 'description': '', 'meta': {}, 'docs': {'show': True, 'node_color': None}, 'config': {'meta': {}, 'docs': {'show': True, 'node_color': None}}, 'patch_path': None, 'arguments': [], 'created_at': 1780338387.9100165, 'supported_languages': None}, 'macro.dbt_postgres.postgres__drop_materialized_view': {'name': 'postgres__drop_materialized_view', 'resource_type': 'macro', 'package_name': 'dbt_postgres', 'path': 'macros/relations/materialized_view/drop.sql', 'original_file_path': 'macros/relations/materialized_view/drop.sql', 'unique_id': 'macro.dbt_postgres.postgres__drop_materialized_view', 'macro_sql': '{% macro postgres__drop_materialized_view(relation) -%}\n    drop materialized view if exists {{ relation }} cascade\n{%- endmacro %}', 'depends_on': {'macros': []}, 'description': '', 'meta': {}, 'docs': {'show': True, 'node_color': None}, 'config': {'meta': {}, 'docs': {'show': True, 'node_color': None}}, 'patch_path': None, 'arguments': [], 'created_at': 1780338387.9101565, 'supported_languages': None}, 'macro.dbt_postgres.postgres__get_replace_view_sql': {'name': 'postgres__get_replace_view_sql', 'resource_type': 'macro', 'package_name': 'dbt_postgres', 'path': 'macros/relations/view/replace.sql', 'original_file_path': 'macros/relations/view/replace.sql', 'unique_id': 'macro.dbt_postgres.postgres__get_replace_view_sql', 'macro_sql': "{% macro postgres__get_replace_view_sql(relation, sql) -%}\n\n    {%- set sql_header = config.get('sql_header', none) -%}\n    {{ sql_header if sql_header is not none }}\n\n    create or replace view {{ relation }}\n        {% set contract_config = config.get('contract') %}\n        {% if contract_config.enforced %}\n            {{ get_assert_columns_equivalent(sql) }}\n        {%- endif %}\n    as (\n        {{ sql }}\n    );\n\n{%- endmacro %}", 'depends_on': {'macros': ['macro.dbt.get_assert_columns_equivalent']}, 'description': '', 'meta': {}, 'docs': {'show': True, 'node_color': None}, 'config': {'meta': {}, 'docs': {'show': True, 'node_color': None}}, 'patch_path': None, 'arguments': [], 'created_at': 1780338387.9106717, 'supported_languages': None}, 'macro.dbt_postgres.postgres__get_rename_view_sql': {'name': 'postgres__get_rename_view_sql', 'resource_type': 'macro', 'package_name': 'dbt_postgres', 'path': 'macros/relations/view/rename.sql', 'original_file_path': 'macros/relations/view/rename.sql', 'unique_id': 'macro.dbt_postgres.postgres__get_rename_view_sql', 'macro_sql': '{% macro postgres__get_rename_view_sql(relation, new_name) %}\n    alter view {{ relation }} rename to {{ new_name }}\n{% endmacro %}', 'depends_on': {'macros': []}, 'description': '', 'meta': {}, 'docs': {'show': True, 'node_color': None}, 'config': {'meta': {}, 'docs': {'show': True, 'node_color': None}}, 'patch_path': None, 'arguments': [], 'created_at': 1780338387.910849, 'supported_languages': None}, 'macro.dbt_postgres.postgres__drop_view': {'name': 'postgres__drop_view', 'resource_type': 'macro', 'package_name': 'dbt_postgres', 'path': 'macros/relations/view/drop.sql', 'original_file_path': 'macros/relations/view/drop.sql', 'unique_id': 'macro.dbt_postgres.postgres__drop_view', 'macro_sql': '{% macro postgres__drop_view(relation) -%}\n    drop view if exists {{ relation }} cascade\n{%- endmacro %}', 'depends_on': {'macros': []}, 'description': '', 'meta': {}, 'docs': {'show': True, 'node_color': None}, 'config': {'meta': {}, 'docs': {'show': True, 'node_color': None}}, 'patch_path': None, 'arguments': [], 'created_at': 1780338387.911232, 'supported_languages': None}, 'macro.dbt_postgres.postgres__get_incremental_default_sql': {'name': 'postgres__get_incremental_default_sql', 'resource_type': 'macro', 'package_name': 'dbt_postgres', 'path': 'macros/materializations/incremental_strategies.sql', 'original_file_path': 'macros/materializations/incremental_strategies.sql', 'unique_id': 'macro.dbt_postgres.postgres__get_incremental_default_sql', 'macro_sql': '{% macro postgres__get_incremental_default_sql(arg_dict) %}\n\n  {% if arg_dict["unique_key"] %}\n    {% do return(get_incremental_delete_insert_sql(arg_dict)) %}\n  {% else %}\n    {% do return(get_incremental_append_sql(arg_dict)) %}\n  {% endif %}\n\n{% endmacro %}', 'depends_on': {'macros': ['macro.dbt.get_incremental_delete_insert_sql', 'macro.dbt.get_incremental_append_sql']}, 'description': '', 'meta': {}, 'docs': {'show': True, 'node_color': None}, 'config': {'meta': {}, 'docs': {'show': True, 'node_color': None}}, 'patch_path': None, 'arguments': [], 'created_at': 1780338387.9118211, 'supported_languages': None}, 'macro.dbt_postgres.postgres__get_incremental_microbatch_sql': {'name': 'postgres__get_incremental_microbatch_sql', 'resource_type': 'macro', 'package_name': 'dbt_postgres', 'path': 'macros/materializations/incremental_strategies.sql', 'original_file_path': 'macros/materializations/incremental_strategies.sql', 'unique_id': 'macro.dbt_postgres.postgres__get_incremental_microbatch_sql', 'macro_sql': '{% macro postgres__get_incremental_microbatch_sql(arg_dict) %}\n\n  {% if arg_dict["unique_key"] %}\n    {% do return(adapter.dispatch(\'get_incremental_merge_sql\', \'dbt\')(arg_dict)) %}\n  {% else %}\n    {{ exceptions.raise_compiler_error("dbt-postgres \'microbatch\' requires a `unique_key` config") }}\n  {% endif %}\n\n{% endmacro %}', 'depends_on': {'macros': ['macro.dbt.get_incremental_merge_sql', 'macro.dbt.default__get_incremental_merge_sql']}, 'description': '', 'meta': {}, 'docs': {'show': True, 'node_color': None}, 'config': {'meta': {}, 'docs': {'show': True, 'node_color': None}}, 'patch_path': None, 'arguments': [], 'created_at': 1780338387.912293, 'supported_languages': None}, 'macro.dbt_postgres.postgres__snapshot_merge_sql': {'name': 'postgres__snapshot_merge_sql', 'resource_type': 'macro', 'package_name': 'dbt_postgres', 'path': 'macros/materializations/snapshot_merge.sql', 'original_file_path': 'macros/materializations/snapshot_merge.sql', 'unique_id': 'macro.dbt_postgres.postgres__snapshot_merge_sql', 'macro_sql': '{% macro postgres__snapshot_merge_sql(target, source, insert_cols) -%}\n    {%- set insert_cols_csv = insert_cols | join(\', \') -%}\n\n    {%- set columns = config.get("snapshot_table_column_names") or get_snapshot_table_column_names() -%}\n\n    update {{ target }}\n    set {{ columns.dbt_valid_to }} = DBT_INTERNAL_SOURCE.{{ columns.dbt_valid_to }}\n    from {{ source }} as DBT_INTERNAL_SOURCE\n    where DBT_INTERNAL_SOURCE.{{ columns.dbt_scd_id }}::text = {{ target }}.{{ columns.dbt_scd_id }}::text\n      and DBT_INTERNAL_SOURCE.dbt_change_type::text in (\'update\'::text, \'delete\'::text)\n      {% if config.get("dbt_valid_to_current") %}\n        and ({{ target }}.{{ columns.dbt_valid_to }} = {{ config.get(\'dbt_valid_to_current\') }} or {{ target }}.{{ columns.dbt_valid_to }} is null);\n      {% else %}\n        and {{ target }}.{{ columns.dbt_valid_to }} is null;\n      {% endif %}\n\n\n    insert into {{ target }} ({{ insert_cols_csv }})\n    select {% for column in insert_cols -%}\n        DBT_INTERNAL_SOURCE.{{ column }} {%- if not loop.last %}, {%- endif %}\n    {%- endfor %}\n    from {{ source }} as DBT_INTERNAL_SOURCE\n    where DBT_INTERNAL_SOURCE.dbt_change_type::text = \'insert\'::text;\n{% endmacro %}', 'depends_on': {'macros': ['macro.dbt.get_snapshot_table_column_names']}, 'description': '', 'meta': {}, 'docs': {'show': True, 'node_color': None}, 'config': {'meta': {}, 'docs': {'show': True, 'node_color': None}}, 'patch_path': None, 'arguments': [], 'created_at': 1780338387.91386, 'supported_languages': None}, 'macro.dbt_postgres.postgres__formatted_scalar_function_args_sql': {'name': 'postgres__formatted_scalar_function_args_sql', 'resource_type': 'macro', 'package_name': 'dbt_postgres', 'path': 'macros/materializations/functions/scalar.sql', 'original_file_path': 'macros/materializations/functions/scalar.sql', 'unique_id': 'macro.dbt_postgres.postgres__formatted_scalar_function_args_sql', 'macro_sql': "{% macro postgres__formatted_scalar_function_args_sql() %}\n    {% set args = [] %}\n    {% for arg in model.arguments -%}\n        {% set default_value = arg.get('default_value', none) %}\n        {% if default_value != none %}\n            {%- do args.append(arg.name ~ ' ' ~ arg.data_type ~ ' DEFAULT ' ~ default_value) -%}\n        {% else %}\n            {%- do args.append(arg.name ~ ' ' ~ arg.data_type) -%}\n        {% endif %}\n    {%- endfor %}\n    {{ args | join(', ') }}\n{% endmacro %}", 'depends_on': {'macros': []}, 'description': '', 'meta': {}, 'docs': {'show': True, 'node_color': None}, 'config': {'meta': {}, 'docs': {'show': True, 'node_color': None}}, 'patch_path': None, 'arguments': [], 'created_at': 1780338387.9148715, 'supported_languages': None}, 'macro.dbt.get_fixture_sql': {'name': 'get_fixture_sql', 'resource_type': 'macro', 'package_name': 'dbt', 'path': 'macros/unit_test_sql/get_fixture_sql.sql', 'original_file_path': 'macros/unit_test_sql/get_fixture_sql.sql', 'unique_id': 'macro.dbt.get_fixture_sql', 'macro_sql': '{% macro get_fixture_sql(rows, column_name_to_data_types) %}\n-- Fixture for {{ model.name }}\n{% set default_row = {} %}\n\n{%- if not column_name_to_data_types -%}\n{#-- Use defer_relation IFF it is available in the manifest and \'this\' is missing from the database --#}\n{%-   set this_or_defer_relation = defer_relation if (defer_relation and not load_relation(this)) else this -%}\n{%-   set columns_in_relation = adapter.get_columns_in_relation(this_or_defer_relation) -%}\n\n{%-   set column_name_to_data_types = {} -%}\n{%-   set column_name_to_quoted = {} -%}\n{%-   for column in columns_in_relation -%}\n\n{#-- This needs to be a case-insensitive comparison --#}\n{%-     do column_name_to_data_types.update({column.name|lower: column.data_type}) -%}\n{%-     do column_name_to_quoted.update({column.name|lower: column.quoted}) -%}\n{%-   endfor -%}\n{%- endif -%}\n\n{%- if not column_name_to_data_types -%}\n    {{ exceptions.raise_compiler_error("Not able to get columns for unit test \'" ~ model.name ~ "\' from relation " ~ this ~ " because the relation doesn\'t exist") }}\n{%- endif -%}\n\n{%- for column_name, column_type in column_name_to_data_types.items() -%}\n    {%- do default_row.update({column_name: (safe_cast("null", column_type) | trim )}) -%}\n{%- endfor -%}\n\n{{ validate_fixture_rows(rows, row_number) }}\n\n{%- for row in rows -%}\n{%-   set formatted_row = format_row(row, column_name_to_data_types) -%}\n{%-   set default_row_copy = default_row.copy() -%}\n{%-   do default_row_copy.update(formatted_row) -%}\nselect\n{%-   for column_name, column_value in default_row_copy.items() %} {{ column_value }} as {{ column_name_to_quoted[column_name] }}{% if not loop.last -%}, {%- endif %}\n{%-   endfor %}\n{%-   if not loop.last %}\nunion all\n{%    endif %}\n{%- endfor -%}\n\n{%- if (rows | length) == 0 -%}\n    select\n    {%- for column_name, column_value in default_row.items() %} {{ column_value }} as {{ column_name_to_quoted[column_name] }}{% if not loop.last -%},{%- endif %}\n    {%- endfor %}\n    limit 0\n{%- endif -%}\n{% endmacro %}', 'depends_on': {'macros': ['macro.dbt.load_relation', 'macro.dbt.safe_cast', 'macro.dbt.validate_fixture_rows', 'macro.dbt.format_row']}, 'description': '', 'meta': {}, 'docs': {'show': True, 'node_color': None}, 'config': {'meta': {}, 'docs': {'show': True, 'node_color': None}}, 'patch_path': None, 'arguments': [], 'created_at': 1780338387.91915, 'supported_languages': None}, 'macro.dbt.get_expected_sql': {'name': 'get_expected_sql', 'resource_type': 'macro', 'package_name': 'dbt', 'path': 'macros/unit_test_sql/get_fixture_sql.sql', 'original_file_path': 'macros/unit_test_sql/get_fixture_sql.sql', 'unique_id': 'macro.dbt.get_expected_sql', 'macro_sql': '{% macro get_expected_sql(rows, column_name_to_data_types, column_name_to_quoted) %}\n\n{%- if (rows | length) == 0 -%}\n    select * from dbt_internal_unit_test_actual\n    limit 0\n{%- else -%}\n{%- for row in rows -%}\n{%- set formatted_row = format_row(row, column_name_to_data_types) -%}\nselect\n{%- for column_name, column_value in formatted_row.items() %} {{ column_value }} as {{ column_name_to_quoted[column_name] }}{% if not loop.last -%}, {%- endif %}\n{%- endfor %}\n{%- if not loop.last %}\nunion all\n{% endif %}\n{%- endfor -%}\n{%- endif -%}\n\n{% endmacro %}', 'depends_on': {'macros': ['macro.dbt.format_row']}, 'description': '', 'meta': {}, 'docs': {'show': True, 'node_color': None}, 'config': {'meta': {}, 'docs': {'show': True, 'node_color': None}}, 'patch_path': None, 'arguments': [], 'created_at': 1780338387.9198978, 'supported_languages': None}, 'macro.dbt.format_row': {'name': 'format_row', 'resource_type': 'macro', 'package_name': 'dbt', 'path': 'macros/unit_test_sql/get_fixture_sql.sql', 'original_file_path': 'macros/unit_test_sql/get_fixture_sql.sql', 'unique_id': 'macro.dbt.format_row', 'macro_sql': '\n\n{%- macro format_row(row, column_name_to_data_types) -%}\n    {#-- generate case-insensitive formatted row --#}\n    {% set formatted_row = {} %}\n    {%- for column_name, column_value in row.items() -%}\n        {% set column_name = column_name|lower %}\n\n        {%- if column_name not in column_name_to_data_types %}\n            {#-- if user-provided row contains column name that relation does not contain, raise an error --#}\n            {% set fixture_name = "expected output" if model.resource_type == \'unit_test\' else ("\'" ~ model.name ~ "\'") %}\n            {{ exceptions.raise_compiler_error(\n                "Invalid column name: \'" ~ column_name ~ "\' in unit test fixture for " ~ fixture_name ~ "."\n                "\\nAccepted columns for " ~ fixture_name ~ " are: " ~ (column_name_to_data_types.keys()|list)\n            ) }}\n        {%- endif -%}\n\n        {%- set column_type = column_name_to_data_types[column_name] %}\n\n        {#-- For string fixture values, strip varchar length to prevent silent truncation (GH-11974) --#}\n        {%- if column_value is string and \'varying\' in column_type -%}\n            {%- set column_type = column_type.split(\'(\')[0] -%}\n        {%- endif -%}\n\n        {#-- sanitize column_value: wrap yaml strings in quotes, apply cast --#}\n        {%- set column_value_clean = column_value -%}\n        {%- if column_value is string -%}\n            {%- set column_value_clean = dbt.string_literal(dbt.escape_single_quotes(column_value)) -%}\n        {%- elif column_value is none -%}\n            {%- set column_value_clean = \'null\' -%}\n        {%- endif -%}\n\n        {%- set row_update = {column_name: safe_cast(column_value_clean, column_type) } -%}\n        {%- do formatted_row.update(row_update) -%}\n    {%- endfor -%}\n    {{ return(formatted_row) }}\n{%- endmacro -%}\n\n', 'depends_on': {'macros': ['macro.dbt.string_literal', 'macro.dbt.escape_single_quotes', 'macro.dbt.safe_cast']}, 'description': '', 'meta': {}, 'docs': {'show': True, 'node_color': None}, 'config': {'meta': {}, 'docs': {'show': True, 'node_color': None}}, 'patch_path': None, 'arguments': [], 'created_at': 1780338387.9216661, 'supported_languages': None}, 'macro.dbt.validate_fixture_rows': {'name': 'validate_fixture_rows', 'resource_type': 'macro', 'package_name': 'dbt', 'path': 'macros/unit_test_sql/get_fixture_sql.sql', 'original_file_path': 'macros/unit_test_sql/get_fixture_sql.sql', 'unique_id': 'macro.dbt.validate_fixture_rows', 'macro_sql': "{%- macro validate_fixture_rows(rows, row_number) -%}\n  {{ return(adapter.dispatch('validate_fixture_rows', 'dbt')(rows, row_number)) }}\n{%- endmacro -%}\n\n", 'depends_on': {'macros': ['macro.dbt.default__validate_fixture_rows']}, 'description': '', 'meta': {}, 'docs': {'show': True, 'node_color': None}, 'config': {'meta': {}, 'docs': {'show': True, 'node_color': None}}, 'patch_path': None, 'arguments': [], 'created_at': 1780338387.921996, 'supported_languages': None}, 'macro.dbt.default__validate_fixture_rows': {'name': 'default__validate_fixture_rows', 'resource_type': 'macro', 'package_name': 'dbt', 'path': 'macros/unit_test_sql/get_fixture_sql.sql', 'original_file_path': 'macros/unit_test_sql/get_fixture_sql.sql', 'unique_id': 'macro.dbt.default__validate_fixture_rows', 'macro_sql': '{%- macro default__validate_fixture_rows(rows, row_number) -%}\n  {# This is an abstract method for adapter overrides as needed #}\n{%- endmacro -%}', 'depends_on': {'macros': []}, 'description': '', 'meta': {}, 'docs': {'show': True, 'node_color': None}, 'config': {'meta': {}, 'docs': {'show': True, 'node_color': None}}, 'patch_path': None, 'arguments': [], 'created_at': 1780338387.922136, 'supported_languages': None}, 'macro.dbt.intersect': {'name': 'intersect', 'resource_type': 'macro', 'package_name': 'dbt', 'path': 'macros/utils/intersect.sql', 'original_file_path': 'macros/utils/intersect.sql', 'unique_id': 'macro.dbt.intersect', 'macro_sql': "{% macro intersect() %}\n  {{ return(adapter.dispatch('intersect', 'dbt')()) }}\n{% endmacro %}", 'depends_on': {'macros': ['macro.dbt.default__intersect']}, 'description': '', 'meta': {}, 'docs': {'show': True, 'node_color': None}, 'config': {'meta': {}, 'docs': {'show': True, 'node_color': None}}, 'patch_path': None, 'arguments': [], 'created_at': 1780338387.922468, 'supported_languages': None}, 'macro.dbt.default__intersect': {'name': 'default__intersect', 'resource_type': 'macro', 'package_name': 'dbt', 'path': 'macros/utils/intersect.sql', 'original_file_path': 'macros/utils/intersect.sql', 'unique_id': 'macro.dbt.default__intersect', 'macro_sql': '{% macro default__intersect() %}\n\n    intersect\n\n{% endmacro %}', 'depends_on': {'macros': []}, 'description': '', 'meta': {}, 'docs': {'show': True, 'node_color': None}, 'config': {'meta': {}, 'docs': {'show': True, 'node_color': None}}, 'patch_path': None, 'arguments': [], 'created_at': 1780338387.922581, 'supported_languages': None}, 'macro.dbt.get_intervals_between': {'name': 'get_intervals_between', 'resource_type': 'macro', 'package_name': 'dbt', 'path': 'macros/utils/date_spine.sql', 'original_file_path': 'macros/utils/date_spine.sql', 'unique_id': 'macro.dbt.get_intervals_between', 'macro_sql': "{% macro get_intervals_between(start_date, end_date, datepart) -%}\n    {{ return(adapter.dispatch('get_intervals_between', 'dbt')(start_date, end_date, datepart)) }}\n{%- endmacro %}", 'depends_on': {'macros': ['macro.dbt.default__get_intervals_between']}, 'description': '', 'meta': {}, 'docs': {'show': True, 'node_color': None}, 'config': {'meta': {}, 'docs': {'show': True, 'node_color': None}}, 'patch_path': None, 'arguments': [], 'created_at': 1780338387.923338, 'supported_languages': None}, 'macro.dbt.default__get_intervals_between': {'name': 'default__get_intervals_between', 'resource_type': 'macro', 'package_name': 'dbt', 'path': 'macros/utils/date_spine.sql', 'original_file_path': 'macros/utils/date_spine.sql', 'unique_id': 'macro.dbt.default__get_intervals_between', 'macro_sql': "{% macro default__get_intervals_between(start_date, end_date, datepart) -%}\n    {%- call statement('get_intervals_between', fetch_result=True) %}\n\n        select {{ dbt.datediff(start_date, end_date, datepart) }}\n\n    {%- endcall -%}\n\n    {%- set value_list = load_result('get_intervals_between') -%}\n\n    {%- if value_list and value_list['data'] -%}\n        {%- set values = value_list['data'] | map(attribute=0) | list %}\n        {{ return(values[0]) }}\n    {%- else -%}\n        {{ return(1) }}\n    {%- endif -%}\n\n{%- endmacro %}", 'depends_on': {'macros': ['macro.dbt.statement', 'macro.dbt.datediff']}, 'description': '', 'meta': {}, 'docs': {'show': True, 'node_color': None}, 'config': {'meta': {}, 'docs': {'show': True, 'node_color': None}}, 'patch_path': None, 'arguments': [], 'created_at': 1780338387.9240932, 'supported_languages': None}, 'macro.dbt.date_spine': {'name': 'date_spine', 'resource_type': 'macro', 'package_name': 'dbt', 'path': 'macros/utils/date_spine.sql', 'original_file_path': 'macros/utils/date_spine.sql', 'unique_id': 'macro.dbt.date_spine', 'macro_sql': "{% macro date_spine(datepart, start_date, end_date) %}\n    {{ return(adapter.dispatch('date_spine', 'dbt')(datepart, start_date, end_date)) }}\n{%- endmacro %}", 'depends_on': {'macros': ['macro.dbt.default__date_spine']}, 'description': '', 'meta': {}, 'docs': {'show': True, 'node_color': None}, 'config': {'meta': {}, 'docs': {'show': True, 'node_color': None}}, 'patch_path': None, 'arguments': [], 'created_at': 1780338387.924385, 'supported_languages': None}, 'macro.dbt.default__date_spine': {'name': 'default__date_spine', 'resource_type': 'macro', 'package_name': 'dbt', 'path': 'macros/utils/date_spine.sql', 'original_file_path': 'macros/utils/date_spine.sql', 'unique_id': 'macro.dbt.default__date_spine', 'macro_sql': '{% macro default__date_spine(datepart, start_date, end_date) %}\n\n\n    {# call as follows:\n\n    date_spine(\n        "day",\n        "to_date(\'01/01/2016\', \'mm/dd/yyyy\')",\n        "dbt.dateadd(week, 1, current_date)"\n    ) #}\n\n\n    with rawdata as (\n\n        {{dbt.generate_series(\n            dbt.get_intervals_between(start_date, end_date, datepart)\n        )}}\n\n    ),\n\n    all_periods as (\n\n        select (\n            {{\n                dbt.dateadd(\n                    datepart,\n                    "row_number() over (order by 1) - 1",\n                    start_date\n                )\n            }}\n        ) as date_{{datepart}}\n        from rawdata\n\n    ),\n\n    filtered as (\n\n        select *\n        from all_periods\n        where date_{{datepart}} <= {{ end_date }}\n\n    )\n\n    select * from filtered\n\n{% endmacro %}', 'depends_on': {'macros': ['macro.dbt.generate_series', 'macro.dbt.get_intervals_between', 'macro.dbt.dateadd']}, 'description': '', 'meta': {}, 'docs': {'show': True, 'node_color': None}, 'config': {'meta': {}, 'docs': {'show': True, 'node_color': None}}, 'patch_path': None, 'arguments': [], 'created_at': 1780338387.9249582, 'supported_languages': None}, 'macro.dbt.length': {'name': 'length', 'resource_type': 'macro', 'package_name': 'dbt', 'path': 'macros/utils/length.sql', 'original_file_path': 'macros/utils/length.sql', 'unique_id': 'macro.dbt.length', 'macro_sql': "{% macro length(expression) -%}\n    {{ return(adapter.dispatch('length', 'dbt') (expression)) }}\n{% endmacro %}", 'depends_on': {'macros': ['macro.dbt.default__length']}, 'description': '', 'meta': {}, 'docs': {'show': True, 'node_color': None}, 'config': {'meta': {}, 'docs': {'show': True, 'node_color': None}}, 'patch_path': None, 'arguments': [], 'created_at': 1780338387.9252996, 'supported_languages': None}, 'macro.dbt.default__length': {'name': 'default__length', 'resource_type': 'macro', 'package_name': 'dbt', 'path': 'macros/utils/length.sql', 'original_file_path': 'macros/utils/length.sql', 'unique_id': 'macro.dbt.default__length', 'macro_sql': '{% macro default__length(expression) %}\n\n    length(\n        {{ expression }}\n    )\n\n{%- endmacro -%}', 'depends_on': {'macros': []}, 'description': '', 'meta': {}, 'docs': {'show': True, 'node_color': None}, 'config': {'meta': {}, 'docs': {'show': True, 'node_color': None}}, 'patch_path': None, 'arguments': [], 'created_at': 1780338387.925438, 'supported_languages': None}, 'macro.dbt.string_literal': {'name': 'string_literal', 'resource_type': 'macro', 'package_name': 'dbt', 'path': 'macros/utils/literal.sql', 'original_file_path': 'macros/utils/literal.sql', 'unique_id': 'macro.dbt.string_literal', 'macro_sql': "{%- macro string_literal(value) -%}\n  {{ return(adapter.dispatch('string_literal', 'dbt') (value)) }}\n{%- endmacro -%}\n\n", 'depends_on': {'macros': ['macro.dbt.default__string_literal']}, 'description': '', 'meta': {}, 'docs': {'show': True, 'node_color': None}, 'config': {'meta': {}, 'docs': {'show': True, 'node_color': None}}, 'patch_path': None, 'arguments': [], 'created_at': 1780338387.9257374, 'supported_languages': None}, 'macro.dbt.default__string_literal': {'name': 'default__string_literal', 'resource_type': 'macro', 'package_name': 'dbt', 'path': 'macros/utils/literal.sql', 'original_file_path': 'macros/utils/literal.sql', 'unique_id': 'macro.dbt.default__string_literal', 'macro_sql': "{% macro default__string_literal(value) -%}\n    '{{ value }}'\n{%- endmacro %}", 'depends_on': {'macros': []}, 'description': '', 'meta': {}, 'docs': {'show': True, 'node_color': None}, 'config': {'meta': {}, 'docs': {'show': True, 'node_color': None}}, 'patch_path': None, 'arguments': [], 'created_at': 1780338387.9258637, 'supported_languages': None}, 'macro.dbt.last_day': {'name': 'last_day', 'resource_type': 'macro', 'package_name': 'dbt', 'path': 'macros/utils/last_day.sql', 'original_file_path': 'macros/utils/last_day.sql', 'unique_id': 'macro.dbt.last_day', 'macro_sql': "{% macro last_day(date, datepart) %}\n  {{ return(adapter.dispatch('last_day', 'dbt') (date, datepart)) }}\n{% endmacro %}", 'depends_on': {'macros': ['macro.dbt_postgres.postgres__last_day']}, 'description': '', 'meta': {}, 'docs': {'show': True, 'node_color': None}, 'config': {'meta': {}, 'docs': {'show': True, 'node_color': None}}, 'patch_path': None, 'arguments': [], 'created_at': 1780338387.926605, 'supported_languages': None}, 'macro.dbt.default_last_day': {'name': 'default_last_day', 'resource_type': 'macro', 'package_name': 'dbt', 'path': 'macros/utils/last_day.sql', 'original_file_path': 'macros/utils/last_day.sql', 'unique_id': 'macro.dbt.default_last_day', 'macro_sql': "\n\n{%- macro default_last_day(date, datepart) -%}\n    cast(\n        {{dbt.dateadd('day', '-1',\n        dbt.dateadd(datepart, '1', dbt.date_trunc(datepart, date))\n        )}}\n        as date)\n{%- endmacro -%}\n\n", 'depends_on': {'macros': ['macro.dbt.dateadd', 'macro.dbt.date_trunc']}, 'description': '', 'meta': {}, 'docs': {'show': True, 'node_color': None}, 'config': {'meta': {}, 'docs': {'show': True, 'node_color': None}}, 'patch_path': None, 'arguments': [], 'created_at': 1780338387.9271111, 'supported_languages': None}, 'macro.dbt.default__last_day': {'name': 'default__last_day', 'resource_type': 'macro', 'package_name': 'dbt', 'path': 'macros/utils/last_day.sql', 'original_file_path': 'macros/utils/last_day.sql', 'unique_id': 'macro.dbt.default__last_day', 'macro_sql': '{% macro default__last_day(date, datepart) -%}\n    {{dbt.default_last_day(date, datepart)}}\n{%- endmacro %}', 'depends_on': {'macros': ['macro.dbt.default_last_day']}, 'description': '', 'meta': {}, 'docs': {'show': True, 'node_color': None}, 'config': {'meta': {}, 'docs': {'show': True, 'node_color': None}}, 'patch_path': None, 'arguments': [], 'created_at': 1780338387.9273715, 'supported_languages': None}, 'macro.dbt.position': {'name': 'position', 'resource_type': 'macro', 'package_name': 'dbt', 'path': 'macros/utils/position.sql', 'original_file_path': 'macros/utils/position.sql', 'unique_id': 'macro.dbt.position', 'macro_sql': "{% macro position(substring_text, string_text) -%}\n    {{ return(adapter.dispatch('position', 'dbt') (substring_text, string_text)) }}\n{% endmacro %}", 'depends_on': {'macros': ['macro.dbt.default__position']}, 'description': '', 'meta': {}, 'docs': {'show': True, 'node_color': None}, 'config': {'meta': {}, 'docs': {'show': True, 'node_color': None}}, 'patch_path': None, 'arguments': [], 'created_at': 1780338387.9276981, 'supported_languages': None}, 'macro.dbt.default__position': {'name': 'default__position', 'resource_type': 'macro', 'package_name': 'dbt', 'path': 'macros/utils/position.sql', 'original_file_path': 'macros/utils/position.sql', 'unique_id': 'macro.dbt.default__position', 'macro_sql': '{% macro default__position(substring_text, string_text) %}\n\n    position(\n        {{ substring_text }} in {{ string_text }}\n    )\n\n{%- endmacro -%}', 'depends_on': {'macros': []}, 'description': '', 'meta': {}, 'docs': {'show': True, 'node_color': None}, 'config': {'meta': {}, 'docs': {'show': True, 'node_color': None}}, 'patch_path': None, 'arguments': [], 'created_at': 1780338387.9278557, 'supported_languages': None}, 'macro.dbt.dateadd': {'name': 'dateadd', 'resource_type': 'macro', 'package_name': 'dbt', 'path': 'macros/utils/dateadd.sql', 'original_file_path': 'macros/utils/dateadd.sql', 'unique_id': 'macro.dbt.dateadd', 'macro_sql': "{% macro dateadd(datepart, interval, from_date_or_timestamp) %}\n  {{ return(adapter.dispatch('dateadd', 'dbt')(datepart, interval, from_date_or_timestamp)) }}\n{% endmacro %}", 'depends_on': {'macros': ['macro.dbt_postgres.postgres__dateadd']}, 'description': '', 'meta': {}, 'docs': {'show': True, 'node_color': None}, 'config': {'meta': {}, 'docs': {'show': True, 'node_color': None}}, 'patch_path': None, 'arguments': [], 'created_at': 1780338387.9281502, 'supported_languages': None}, 'macro.dbt.default__dateadd': {'name': 'default__dateadd', 'resource_type': 'macro', 'package_name': 'dbt', 'path': 'macros/utils/dateadd.sql', 'original_file_path': 'macros/utils/dateadd.sql', 'unique_id': 'macro.dbt.default__dateadd', 'macro_sql': '{% macro default__dateadd(datepart, interval, from_date_or_timestamp) %}\n\n    dateadd(\n        {{ datepart }},\n        {{ interval }},\n        {{ from_date_or_timestamp }}\n        )\n\n{% endmacro %}', 'depends_on': {'macros': []}, 'description': '', 'meta': {}, 'docs': {'show': True, 'node_color': None}, 'config': {'meta': {}, 'docs': {'show': True, 'node_color': None}}, 'patch_path': None, 'arguments': [], 'created_at': 1780338387.9283037, 'supported_languages': None}, 'macro.dbt.replace': {'name': 'replace', 'resource_type': 'macro', 'package_name': 'dbt', 'path': 'macros/utils/replace.sql', 'original_file_path': 'macros/utils/replace.sql', 'unique_id': 'macro.dbt.replace', 'macro_sql': "{% macro replace(field, old_chars, new_chars) -%}\n    {{ return(adapter.dispatch('replace', 'dbt') (field, old_chars, new_chars)) }}\n{% endmacro %}", 'depends_on': {'macros': ['macro.dbt.default__replace']}, 'description': '', 'meta': {}, 'docs': {'show': True, 'node_color': None}, 'config': {'meta': {}, 'docs': {'show': True, 'node_color': None}}, 'patch_path': None, 'arguments': [], 'created_at': 1780338387.9285889, 'supported_languages': None}, 'macro.dbt.default__replace': {'name': 'default__replace', 'resource_type': 'macro', 'package_name': 'dbt', 'path': 'macros/utils/replace.sql', 'original_file_path': 'macros/utils/replace.sql', 'unique_id': 'macro.dbt.default__replace', 'macro_sql': '{% macro default__replace(field, old_chars, new_chars) %}\n\n    replace(\n        {{ field }},\n        {{ old_chars }},\n        {{ new_chars }}\n    )\n\n\n{% endmacro %}', 'depends_on': {'macros': []}, 'description': '', 'meta': {}, 'docs': {'show': True, 'node_color': None}, 'config': {'meta': {}, 'docs': {'show': True, 'node_color': None}}, 'patch_path': None, 'arguments': [], 'created_at': 1780338387.928783, 'supported_languages': None}, 'macro.dbt.any_value': {'name': 'any_value', 'resource_type': 'macro', 'package_name': 'dbt', 'path': 'macros/utils/any_value.sql', 'original_file_path': 'macros/utils/any_value.sql', 'unique_id': 'macro.dbt.any_value', 'macro_sql': "{% macro any_value(expression) -%}\n    {{ return(adapter.dispatch('any_value', 'dbt') (expression)) }}\n{% endmacro %}", 'depends_on': {'macros': ['macro.dbt_postgres.postgres__any_value']}, 'description': '', 'meta': {}, 'docs': {'show': True, 'node_color': None}, 'config': {'meta': {}, 'docs': {'show': True, 'node_color': None}}, 'patch_path': None, 'arguments': [], 'created_at': 1780338387.9290833, 'supported_languages': None}, 'macro.dbt.default__any_value': {'name': 'default__any_value', 'resource_type': 'macro', 'package_name': 'dbt', 'path': 'macros/utils/any_value.sql', 'original_file_path': 'macros/utils/any_value.sql', 'unique_id': 'macro.dbt.default__any_value', 'macro_sql': '{% macro default__any_value(expression) -%}\n\n    any_value({{ expression }})\n\n{%- endmacro %}', 'depends_on': {'macros': []}, 'description': '', 'meta': {}, 'docs': {'show': True, 'node_color': None}, 'config': {'meta': {}, 'docs': {'show': True, 'node_color': None}}, 'patch_path': None, 'arguments': [], 'created_at': 1780338387.9291945, 'supported_languages': None}, 'macro.dbt.equals': {'name': 'equals', 'resource_type': 'macro', 'package_name': 'dbt', 'path': 'macros/utils/equals.sql', 'original_file_path': 'macros/utils/equals.sql', 'unique_id': 'macro.dbt.equals', 'macro_sql': "{% macro equals(expr1, expr2) %}\n    {{ return(adapter.dispatch('equals', 'dbt') (expr1, expr2)) }}\n{%- endmacro %}", 'depends_on': {'macros': ['macro.dbt.default__equals']}, 'description': '', 'meta': {}, 'docs': {'show': True, 'node_color': None}, 'config': {'meta': {}, 'docs': {'show': True, 'node_color': None}}, 'patch_path': None, 'arguments': [], 'created_at': 1780338387.9295666, 'supported_languages': None}, 'macro.dbt.default__equals': {'name': 'default__equals', 'resource_type': 'macro', 'package_name': 'dbt', 'path': 'macros/utils/equals.sql', 'original_file_path': 'macros/utils/equals.sql', 'unique_id': 'macro.dbt.default__equals', 'macro_sql': '{% macro default__equals(expr1, expr2) -%}\n{%- if adapter.behavior.enable_truthy_nulls_equals_macro.no_warn %}\n    case when (({{ expr1 }} = {{ expr2 }}) or ({{ expr1 }} is null and {{ expr2 }} is null))\n        then 0\n        else 1\n    end = 0\n{%- else -%}\n    ({{ expr1 }} = {{ expr2 }})\n{%- endif %}\n{% endmacro %}', 'depends_on': {'macros': []}, 'description': '', 'meta': {}, 'docs': {'show': True, 'node_color': None}, 'config': {'meta': {}, 'docs': {'show': True, 'node_color': None}}, 'patch_path': None, 'arguments': [], 'created_at': 1780338387.92983, 'supported_languages': None}, 'macro.dbt.right': {'name': 'right', 'resource_type': 'macro', 'package_name': 'dbt', 'path': 'macros/utils/right.sql', 'original_file_path': 'macros/utils/right.sql', 'unique_id': 'macro.dbt.right', 'macro_sql': "{% macro right(string_text, length_expression) -%}\n    {{ return(adapter.dispatch('right', 'dbt') (string_text, length_expression)) }}\n{% endmacro %}", 'depends_on': {'macros': ['macro.dbt.default__right']}, 'description': '', 'meta': {}, 'docs': {'show': True, 'node_color': None}, 'config': {'meta': {}, 'docs': {'show': True, 'node_color': None}}, 'patch_path': None, 'arguments': [], 'created_at': 1780338387.9300706, 'supported_languages': None}, 'macro.dbt.default__right': {'name': 'default__right', 'resource_type': 'macro', 'package_name': 'dbt', 'path': 'macros/utils/right.sql', 'original_file_path': 'macros/utils/right.sql', 'unique_id': 'macro.dbt.default__right', 'macro_sql': '{% macro default__right(string_text, length_expression) %}\n\n    right(\n        {{ string_text }},\n        {{ length_expression }}\n    )\n\n{%- endmacro -%}', 'depends_on': {'macros': []}, 'description': '', 'meta': {}, 'docs': {'show': True, 'node_color': None}, 'config': {'meta': {}, 'docs': {'show': True, 'node_color': None}}, 'patch_path': None, 'arguments': [], 'created_at': 1780338387.930297, 'supported_languages': None}, 'macro.dbt.safe_cast': {'name': 'safe_cast', 'resource_type': 'macro', 'package_name': 'dbt', 'path': 'macros/utils/safe_cast.sql', 'original_file_path': 'macros/utils/safe_cast.sql', 'unique_id': 'macro.dbt.safe_cast', 'macro_sql': "{% macro safe_cast(field, type) %}\n  {{ return(adapter.dispatch('safe_cast', 'dbt') (field, type)) }}\n{% endmacro %}", 'depends_on': {'macros': ['macro.dbt.default__safe_cast']}, 'description': '', 'meta': {}, 'docs': {'show': True, 'node_color': None}, 'config': {'meta': {}, 'docs': {'show': True, 'node_color': None}}, 'patch_path': None, 'arguments': [], 'created_at': 1780338387.9305735, 'supported_languages': None}, 'macro.dbt.default__safe_cast': {'name': 'default__safe_cast', 'resource_type': 'macro', 'package_name': 'dbt', 'path': 'macros/utils/safe_cast.sql', 'original_file_path': 'macros/utils/safe_cast.sql', 'unique_id': 'macro.dbt.default__safe_cast', 'macro_sql': "{% macro default__safe_cast(field, type) %}\n    {# most databases don't support this function yet\n    so we just need to use cast #}\n    cast({{field}} as {{type}})\n{% endmacro %}", 'depends_on': {'macros': []}, 'description': '', 'meta': {}, 'docs': {'show': True, 'node_color': None}, 'config': {'meta': {}, 'docs': {'show': True, 'node_color': None}}, 'patch_path': None, 'arguments': [], 'created_at': 1780338387.9307234, 'supported_languages': None}, 'macro.dbt.listagg': {'name': 'listagg', 'resource_type': 'macro', 'package_name': 'dbt', 'path': 'macros/utils/listagg.sql', 'original_file_path': 'macros/utils/listagg.sql', 'unique_id': 'macro.dbt.listagg', 'macro_sql': '{% macro listagg(measure, delimiter_text="\',\'", order_by_clause=none, limit_num=none) -%}\n    {{ return(adapter.dispatch(\'listagg\', \'dbt\') (measure, delimiter_text, order_by_clause, limit_num)) }}\n{%- endmacro %}', 'depends_on': {'macros': ['macro.dbt_postgres.postgres__listagg']}, 'description': '', 'meta': {}, 'docs': {'show': True, 'node_color': None}, 'config': {'meta': {}, 'docs': {'show': True, 'node_color': None}}, 'patch_path': None, 'arguments': [], 'created_at': 1780338387.9311569, 'supported_languages': None}, 'macro.dbt.default__listagg': {'name': 'default__listagg', 'resource_type': 'macro', 'package_name': 'dbt', 'path': 'macros/utils/listagg.sql', 'original_file_path': 'macros/utils/listagg.sql', 'unique_id': 'macro.dbt.default__listagg', 'macro_sql': '{% macro default__listagg(measure, delimiter_text, order_by_clause, limit_num) -%}\n\n    {% if limit_num -%}\n    array_to_string(\n        array_slice(\n            array_agg(\n                {{ measure }}\n            ){% if order_by_clause -%}\n            within group ({{ order_by_clause }})\n            {%- endif %}\n            ,0\n            ,{{ limit_num }}\n        ),\n        {{ delimiter_text }}\n        )\n    {%- else %}\n    listagg(\n        {{ measure }},\n        {{ delimiter_text }}\n        )\n        {% if order_by_clause -%}\n        within group ({{ order_by_clause }})\n        {%- endif %}\n    {%- endif %}\n\n{%- endmacro %}', 'depends_on': {'macros': []}, 'description': '', 'meta': {}, 'docs': {'show': True, 'node_color': None}, 'config': {'meta': {}, 'docs': {'show': True, 'node_color': None}}, 'patch_path': None, 'arguments': [], 'created_at': 1780338387.9315174, 'supported_languages': None}, 'macro.dbt.array_concat': {'name': 'array_concat', 'resource_type': 'macro', 'package_name': 'dbt', 'path': 'macros/utils/array_concat.sql', 'original_file_path': 'macros/utils/array_concat.sql', 'unique_id': 'macro.dbt.array_concat', 'macro_sql': "{% macro array_concat(array_1, array_2) -%}\n  {{ return(adapter.dispatch('array_concat', 'dbt')(array_1, array_2)) }}\n{%- endmacro %}", 'depends_on': {'macros': ['macro.dbt.default__array_concat']}, 'description': '', 'meta': {}, 'docs': {'show': True, 'node_color': None}, 'config': {'meta': {}, 'docs': {'show': True, 'node_color': None}}, 'patch_path': None, 'arguments': [], 'created_at': 1780338387.9317622, 'supported_languages': None}, 'macro.dbt.default__array_concat': {'name': 'default__array_concat', 'resource_type': 'macro', 'package_name': 'dbt', 'path': 'macros/utils/array_concat.sql', 'original_file_path': 'macros/utils/array_concat.sql', 'unique_id': 'macro.dbt.default__array_concat', 'macro_sql': '{% macro default__array_concat(array_1, array_2) -%}\n    array_cat({{ array_1 }}, {{ array_2 }})\n{%- endmacro %}', 'depends_on': {'macros': []}, 'description': '', 'meta': {}, 'docs': {'show': True, 'node_color': None}, 'config': {'meta': {}, 'docs': {'show': True, 'node_color': None}}, 'patch_path': None, 'arguments': [], 'created_at': 1780338387.9318805, 'supported_languages': None}, 'macro.dbt.type_string': {'name': 'type_string', 'resource_type': 'macro', 'package_name': 'dbt', 'path': 'macros/utils/data_types.sql', 'original_file_path': 'macros/utils/data_types.sql', 'unique_id': 'macro.dbt.type_string', 'macro_sql': "\n\n{%- macro type_string() -%}\n  {{ return(adapter.dispatch('type_string', 'dbt')()) }}\n{%- endmacro -%}\n\n", 'depends_on': {'macros': ['macro.dbt.default__type_string']}, 'description': '', 'meta': {}, 'docs': {'show': True, 'node_color': None}, 'config': {'meta': {}, 'docs': {'show': True, 'node_color': None}}, 'patch_path': None, 'arguments': [], 'created_at': 1780338387.9325995, 'supported_languages': None}, 'macro.dbt.default__type_string': {'name': 'default__type_string', 'resource_type': 'macro', 'package_name': 'dbt', 'path': 'macros/utils/data_types.sql', 'original_file_path': 'macros/utils/data_types.sql', 'unique_id': 'macro.dbt.default__type_string', 'macro_sql': '{% macro default__type_string() %}\n    {{ return(api.Column.translate_type("string")) }}\n{% endmacro %}', 'depends_on': {'macros': []}, 'description': '', 'meta': {}, 'docs': {'show': True, 'node_color': None}, 'config': {'meta': {}, 'docs': {'show': True, 'node_color': None}}, 'patch_path': None, 'arguments': [], 'created_at': 1780338387.9327466, 'supported_languages': None}, 'macro.dbt.type_timestamp': {'name': 'type_timestamp', 'resource_type': 'macro', 'package_name': 'dbt', 'path': 'macros/utils/data_types.sql', 'original_file_path': 'macros/utils/data_types.sql', 'unique_id': 'macro.dbt.type_timestamp', 'macro_sql': "\n\n{%- macro type_timestamp() -%}\n  {{ return(adapter.dispatch('type_timestamp', 'dbt')()) }}\n{%- endmacro -%}\n\n", 'depends_on': {'macros': ['macro.dbt.default__type_timestamp']}, 'description': '', 'meta': {}, 'docs': {'show': True, 'node_color': None}, 'config': {'meta': {}, 'docs': {'show': True, 'node_color': None}}, 'patch_path': None, 'arguments': [], 'created_at': 1780338387.9329233, 'supported_languages': None}, 'macro.dbt.default__type_timestamp': {'name': 'default__type_timestamp', 'resource_type': 'macro', 'package_name': 'dbt', 'path': 'macros/utils/data_types.sql', 'original_file_path': 'macros/utils/data_types.sql', 'unique_id': 'macro.dbt.default__type_timestamp', 'macro_sql': '{% macro default__type_timestamp() %}\n    {{ return(api.Column.translate_type("timestamp")) }}\n{% endmacro %}', 'depends_on': {'macros': []}, 'description': '', 'meta': {}, 'docs': {'show': True, 'node_color': None}, 'config': {'meta': {}, 'docs': {'show': True, 'node_color': None}}, 'patch_path': None, 'arguments': [], 'created_at': 1780338387.9331038, 'supported_languages': None}, 'macro.dbt.type_float': {'name': 'type_float', 'resource_type': 'macro', 'package_name': 'dbt', 'path': 'macros/utils/data_types.sql', 'original_file_path': 'macros/utils/data_types.sql', 'unique_id': 'macro.dbt.type_float', 'macro_sql': "\n\n{%- macro type_float() -%}\n  {{ return(adapter.dispatch('type_float', 'dbt')()) }}\n{%- endmacro -%}\n\n", 'depends_on': {'macros': ['macro.dbt.default__type_float']}, 'description': '', 'meta': {}, 'docs': {'show': True, 'node_color': None}, 'config': {'meta': {}, 'docs': {'show': True, 'node_color': None}}, 'patch_path': None, 'arguments': [], 'created_at': 1780338387.9332926, 'supported_languages': None}, 'macro.dbt.default__type_float': {'name': 'default__type_float', 'resource_type': 'macro', 'package_name': 'dbt', 'path': 'macros/utils/data_types.sql', 'original_file_path': 'macros/utils/data_types.sql', 'unique_id': 'macro.dbt.default__type_float', 'macro_sql': '{% macro default__type_float() %}\n    {{ return(api.Column.translate_type("float")) }}\n{% endmacro %}', 'depends_on': {'macros': []}, 'description': '', 'meta': {}, 'docs': {'show': True, 'node_color': None}, 'config': {'meta': {}, 'docs': {'show': True, 'node_color': None}}, 'patch_path': None, 'arguments': [], 'created_at': 1780338387.93345, 'supported_languages': None}, 'macro.dbt.type_numeric': {'name': 'type_numeric', 'resource_type': 'macro', 'package_name': 'dbt', 'path': 'macros/utils/data_types.sql', 'original_file_path': 'macros/utils/data_types.sql', 'unique_id': 'macro.dbt.type_numeric', 'macro_sql': "\n\n{%- macro type_numeric() -%}\n  {{ return(adapter.dispatch('type_numeric', 'dbt')()) }}\n{%- endmacro -%}\n\n", 'depends_on': {'macros': ['macro.dbt.default__type_numeric']}, 'description': '', 'meta': {}, 'docs': {'show': True, 'node_color': None}, 'config': {'meta': {}, 'docs': {'show': True, 'node_color': None}}, 'patch_path': None, 'arguments': [], 'created_at': 1780338387.9336302, 'supported_languages': None}, 'macro.dbt.default__type_numeric': {'name': 'default__type_numeric', 'resource_type': 'macro', 'package_name': 'dbt', 'path': 'macros/utils/data_types.sql', 'original_file_path': 'macros/utils/data_types.sql', 'unique_id': 'macro.dbt.default__type_numeric', 'macro_sql': '{% macro default__type_numeric() %}\n    {{ return(api.Column.numeric_type("numeric", 28, 6)) }}\n{% endmacro %}', 'depends_on': {'macros': []}, 'description': '', 'meta': {}, 'docs': {'show': True, 'node_color': None}, 'config': {'meta': {}, 'docs': {'show': True, 'node_color': None}}, 'patch_path': None, 'arguments': [], 'created_at': 1780338387.9337907, 'supported_languages': None}, 'macro.dbt.type_bigint': {'name': 'type_bigint', 'resource_type': 'macro', 'package_name': 'dbt', 'path': 'macros/utils/data_types.sql', 'original_file_path': 'macros/utils/data_types.sql', 'unique_id': 'macro.dbt.type_bigint', 'macro_sql': "\n\n{%- macro type_bigint() -%}\n  {{ return(adapter.dispatch('type_bigint', 'dbt')()) }}\n{%- endmacro -%}\n\n", 'depends_on': {'macros': ['macro.dbt.default__type_bigint']}, 'description': '', 'meta': {}, 'docs': {'show': True, 'node_color': None}, 'config': {'meta': {}, 'docs': {'show': True, 'node_color': None}}, 'patch_path': None, 'arguments': [], 'created_at': 1780338387.933932, 'supported_languages': None}, 'macro.dbt.default__type_bigint': {'name': 'default__type_bigint', 'resource_type': 'macro', 'package_name': 'dbt', 'path': 'macros/utils/data_types.sql', 'original_file_path': 'macros/utils/data_types.sql', 'unique_id': 'macro.dbt.default__type_bigint', 'macro_sql': '{% macro default__type_bigint() %}\n    {{ return(api.Column.translate_type("bigint")) }}\n{% endmacro %}', 'depends_on': {'macros': []}, 'description': '', 'meta': {}, 'docs': {'show': True, 'node_color': None}, 'config': {'meta': {}, 'docs': {'show': True, 'node_color': None}}, 'patch_path': None, 'arguments': [], 'created_at': 1780338387.934062, 'supported_languages': None}, 'macro.dbt.type_int': {'name': 'type_int', 'resource_type': 'macro', 'package_name': 'dbt', 'path': 'macros/utils/data_types.sql', 'original_file_path': 'macros/utils/data_types.sql', 'unique_id': 'macro.dbt.type_int', 'macro_sql': "\n\n{%- macro type_int() -%}\n  {{ return(adapter.dispatch('type_int', 'dbt')()) }}\n{%- endmacro -%}\n\n", 'depends_on': {'macros': ['macro.dbt.default__type_int']}, 'description': '', 'meta': {}, 'docs': {'show': True, 'node_color': None}, 'config': {'meta': {}, 'docs': {'show': True, 'node_color': None}}, 'patch_path': None, 'arguments': [], 'created_at': 1780338387.9341972, 'supported_languages': None}, 'macro.dbt.default__type_int': {'name': 'default__type_int', 'resource_type': 'macro', 'package_name': 'dbt', 'path': 'macros/utils/data_types.sql', 'original_file_path': 'macros/utils/data_types.sql', 'unique_id': 'macro.dbt.default__type_int', 'macro_sql': '{%- macro default__type_int() -%}\n  {{ return(api.Column.translate_type("integer")) }}\n{%- endmacro -%}\n\n', 'depends_on': {'macros': []}, 'description': '', 'meta': {}, 'docs': {'show': True, 'node_color': None}, 'config': {'meta': {}, 'docs': {'show': True, 'node_color': None}}, 'patch_path': None, 'arguments': [], 'created_at': 1780338387.9343781, 'supported_languages': None}, 'macro.dbt.type_boolean': {'name': 'type_boolean', 'resource_type': 'macro', 'package_name': 'dbt', 'path': 'macros/utils/data_types.sql', 'original_file_path': 'macros/utils/data_types.sql', 'unique_id': 'macro.dbt.type_boolean', 'macro_sql': "\n\n{%- macro type_boolean() -%}\n  {{ return(adapter.dispatch('type_boolean', 'dbt')()) }}\n{%- endmacro -%}\n\n", 'depends_on': {'macros': ['macro.dbt.default__type_boolean']}, 'description': '', 'meta': {}, 'docs': {'show': True, 'node_color': None}, 'config': {'meta': {}, 'docs': {'show': True, 'node_color': None}}, 'patch_path': None, 'arguments': [], 'created_at': 1780338387.9345376, 'supported_languages': None}, 'macro.dbt.default__type_boolean': {'name': 'default__type_boolean', 'resource_type': 'macro', 'package_name': 'dbt', 'path': 'macros/utils/data_types.sql', 'original_file_path': 'macros/utils/data_types.sql', 'unique_id': 'macro.dbt.default__type_boolean', 'macro_sql': '{%- macro default__type_boolean() -%}\n  {{ return(api.Column.translate_type("boolean")) }}\n{%- endmacro -%}\n\n', 'depends_on': {'macros': []}, 'description': '', 'meta': {}, 'docs': {'show': True, 'node_color': None}, 'config': {'meta': {}, 'docs': {'show': True, 'node_color': None}}, 'patch_path': None, 'arguments': [], 'created_at': 1780338387.9347456, 'supported_languages': None}, 'macro.dbt.get_powers_of_two': {'name': 'get_powers_of_two', 'resource_type': 'macro', 'package_name': 'dbt', 'path': 'macros/utils/generate_series.sql', 'original_file_path': 'macros/utils/generate_series.sql', 'unique_id': 'macro.dbt.get_powers_of_two', 'macro_sql': "{% macro get_powers_of_two(upper_bound) %}\n    {{ return(adapter.dispatch('get_powers_of_two', 'dbt')(upper_bound)) }}\n{% endmacro %}", 'depends_on': {'macros': ['macro.dbt.default__get_powers_of_two']}, 'description': '', 'meta': {}, 'docs': {'show': True, 'node_color': None}, 'config': {'meta': {}, 'docs': {'show': True, 'node_color': None}}, 'patch_path': None, 'arguments': [], 'created_at': 1780338387.9351387, 'supported_languages': None}, 'macro.dbt.default__get_powers_of_two': {'name': 'default__get_powers_of_two', 'resource_type': 'macro', 'package_name': 'dbt', 'path': 'macros/utils/generate_series.sql', 'original_file_path': 'macros/utils/generate_series.sql', 'unique_id': 'macro.dbt.default__get_powers_of_two', 'macro_sql': '{% macro default__get_powers_of_two(upper_bound) %}\n\n    {% if upper_bound <= 0 %}\n    {{ exceptions.raise_compiler_error("upper bound must be positive") }}\n    {% endif %}\n\n    {% for _ in range(1, 100) %}\n       {% if upper_bound <= 2 ** loop.index %}{{ return(loop.index) }}{% endif %}\n    {% endfor %}\n\n{% endmacro %}', 'depends_on': {'macros': []}, 'description': '', 'meta': {}, 'docs': {'show': True, 'node_color': None}, 'config': {'meta': {}, 'docs': {'show': True, 'node_color': None}}, 'patch_path': None, 'arguments': [], 'created_at': 1780338387.9355676, 'supported_languages': None}, 'macro.dbt.generate_series': {'name': 'generate_series', 'resource_type': 'macro', 'package_name': 'dbt', 'path': 'macros/utils/generate_series.sql', 'original_file_path': 'macros/utils/generate_series.sql', 'unique_id': 'macro.dbt.generate_series', 'macro_sql': "{% macro generate_series(upper_bound) %}\n    {{ return(adapter.dispatch('generate_series', 'dbt')(upper_bound)) }}\n{% endmacro %}", 'depends_on': {'macros': ['macro.dbt.default__generate_series']}, 'description': '', 'meta': {}, 'docs': {'show': True, 'node_color': None}, 'config': {'meta': {}, 'docs': {'show': True, 'node_color': None}}, 'patch_path': None, 'arguments': [], 'created_at': 1780338387.935745, 'supported_languages': None}, 'macro.dbt.default__generate_series': {'name': 'default__generate_series', 'resource_type': 'macro', 'package_name': 'dbt', 'path': 'macros/utils/generate_series.sql', 'original_file_path': 'macros/utils/generate_series.sql', 'unique_id': 'macro.dbt.default__generate_series', 'macro_sql': '{% macro default__generate_series(upper_bound) %}\n\n    {% set n = dbt.get_powers_of_two(upper_bound) %}\n\n    with p as (\n        select 0 as generated_number union all select 1\n    ), unioned as (\n\n    select\n\n    {% for i in range(n) %}\n    p{{i}}.generated_number * power(2, {{i}})\n    {% if not loop.last %} + {% endif %}\n    {% endfor %}\n    + 1\n    as generated_number\n\n    from\n\n    {% for i in range(n) %}\n    p as p{{i}}\n    {% if not loop.last %} cross join {% endif %}\n    {% endfor %}\n\n    )\n\n    select *\n    from unioned\n    where generated_number <= {{upper_bound}}\n    order by generated_number\n\n{% endmacro %}', 'depends_on': {'macros': ['macro.dbt.get_powers_of_two']}, 'description': '', 'meta': {}, 'docs': {'show': True, 'node_color': None}, 'config': {'meta': {}, 'docs': {'show': True, 'node_color': None}}, 'patch_path': None, 'arguments': [], 'created_at': 1780338387.936212, 'supported_languages': None}, 'macro.dbt.hash': {'name': 'hash', 'resource_type': 'macro', 'package_name': 'dbt', 'path': 'macros/utils/hash.sql', 'original_file_path': 'macros/utils/hash.sql', 'unique_id': 'macro.dbt.hash', 'macro_sql': "{% macro hash(field) -%}\n  {{ return(adapter.dispatch('hash', 'dbt') (field)) }}\n{%- endmacro %}", 'depends_on': {'macros': ['macro.dbt.default__hash']}, 'description': '', 'meta': {}, 'docs': {'show': True, 'node_color': None}, 'config': {'meta': {}, 'docs': {'show': True, 'node_color': None}}, 'patch_path': None, 'arguments': [], 'created_at': 1780338387.9364915, 'supported_languages': None}, 'macro.dbt.default__hash': {'name': 'default__hash', 'resource_type': 'macro', 'package_name': 'dbt', 'path': 'macros/utils/hash.sql', 'original_file_path': 'macros/utils/hash.sql', 'unique_id': 'macro.dbt.default__hash', 'macro_sql': "{% macro default__hash(field) -%}\n    md5(cast({{ field }} as {{ api.Column.translate_type('string') }}))\n{%- endmacro %}", 'depends_on': {'macros': []}, 'description': '', 'meta': {}, 'docs': {'show': True, 'node_color': None}, 'config': {'meta': {}, 'docs': {'show': True, 'node_color': None}}, 'patch_path': None, 'arguments': [], 'created_at': 1780338387.9366436, 'supported_languages': None}, 'macro.dbt.array_construct': {'name': 'array_construct', 'resource_type': 'macro', 'package_name': 'dbt', 'path': 'macros/utils/array_construct.sql', 'original_file_path': 'macros/utils/array_construct.sql', 'unique_id': 'macro.dbt.array_construct', 'macro_sql': "{% macro array_construct(inputs=[], data_type=api.Column.translate_type('integer')) -%}\n  {{ return(adapter.dispatch('array_construct', 'dbt')(inputs, data_type)) }}\n{%- endmacro %}", 'depends_on': {'macros': ['macro.dbt.default__array_construct']}, 'description': '', 'meta': {}, 'docs': {'show': True, 'node_color': None}, 'config': {'meta': {}, 'docs': {'show': True, 'node_color': None}}, 'patch_path': None, 'arguments': [], 'created_at': 1780338387.9369812, 'supported_languages': None}, 'macro.dbt.default__array_construct': {'name': 'default__array_construct', 'resource_type': 'macro', 'package_name': 'dbt', 'path': 'macros/utils/array_construct.sql', 'original_file_path': 'macros/utils/array_construct.sql', 'unique_id': 'macro.dbt.default__array_construct', 'macro_sql': "{% macro default__array_construct(inputs, data_type) -%}\n    {% if inputs|length > 0 %}\n    array[ {{ inputs|join(' , ') }} ]\n    {% else %}\n    array[]::{{data_type}}[]\n    {% endif %}\n{%- endmacro %}", 'depends_on': {'macros': []}, 'description': '', 'meta': {}, 'docs': {'show': True, 'node_color': None}, 'config': {'meta': {}, 'docs': {'show': True, 'node_color': None}}, 'patch_path': None, 'arguments': [], 'created_at': 1780338387.9371927, 'supported_languages': None}, 'macro.dbt.cast': {'name': 'cast', 'resource_type': 'macro', 'package_name': 'dbt', 'path': 'macros/utils/cast.sql', 'original_file_path': 'macros/utils/cast.sql', 'unique_id': 'macro.dbt.cast', 'macro_sql': "{% macro cast(field, type) %}\n  {{ return(adapter.dispatch('cast', 'dbt') (field, type)) }}\n{% endmacro %}", 'depends_on': {'macros': ['macro.dbt.default__cast']}, 'description': '', 'meta': {}, 'docs': {'show': True, 'node_color': None}, 'config': {'meta': {}, 'docs': {'show': True, 'node_color': None}}, 'patch_path': None, 'arguments': [], 'created_at': 1780338387.9375095, 'supported_languages': None}, 'macro.dbt.default__cast': {'name': 'default__cast', 'resource_type': 'macro', 'package_name': 'dbt', 'path': 'macros/utils/cast.sql', 'original_file_path': 'macros/utils/cast.sql', 'unique_id': 'macro.dbt.default__cast', 'macro_sql': '{% macro default__cast(field, type) %}\n    cast({{field}} as {{type}})\n{% endmacro %}', 'depends_on': {'macros': []}, 'description': '', 'meta': {}, 'docs': {'show': True, 'node_color': None}, 'config': {'meta': {}, 'docs': {'show': True, 'node_color': None}}, 'patch_path': None, 'arguments': [], 'created_at': 1780338387.9376347, 'supported_languages': None}, 'macro.dbt.except': {'name': 'except', 'resource_type': 'macro', 'package_name': 'dbt', 'path': 'macros/utils/except.sql', 'original_file_path': 'macros/utils/except.sql', 'unique_id': 'macro.dbt.except', 'macro_sql': "{% macro except() %}\n  {{ return(adapter.dispatch('except', 'dbt')()) }}\n{% endmacro %}", 'depends_on': {'macros': ['macro.dbt.default__except']}, 'description': '', 'meta': {}, 'docs': {'show': True, 'node_color': None}, 'config': {'meta': {}, 'docs': {'show': True, 'node_color': None}}, 'patch_path': None, 'arguments': [], 'created_at': 1780338387.9378324, 'supported_languages': None}, 'macro.dbt.default__except': {'name': 'default__except', 'resource_type': 'macro', 'package_name': 'dbt', 'path': 'macros/utils/except.sql', 'original_file_path': 'macros/utils/except.sql', 'unique_id': 'macro.dbt.default__except', 'macro_sql': '{% macro default__except() %}\n\n    except\n\n{% endmacro %}', 'depends_on': {'macros': []}, 'description': '', 'meta': {}, 'docs': {'show': True, 'node_color': None}, 'config': {'meta': {}, 'docs': {'show': True, 'node_color': None}}, 'patch_path': None, 'arguments': [], 'created_at': 1780338387.937901, 'supported_languages': None}, 'macro.dbt.split_part': {'name': 'split_part', 'resource_type': 'macro', 'package_name': 'dbt', 'path': 'macros/utils/split_part.sql', 'original_file_path': 'macros/utils/split_part.sql', 'unique_id': 'macro.dbt.split_part', 'macro_sql': "{% macro split_part(string_text, delimiter_text, part_number) %}\n  {{ return(adapter.dispatch('split_part', 'dbt') (string_text, delimiter_text, part_number)) }}\n{% endmacro %}", 'depends_on': {'macros': ['macro.dbt_postgres.postgres__split_part']}, 'description': '', 'meta': {}, 'docs': {'show': True, 'node_color': None}, 'config': {'meta': {}, 'docs': {'show': True, 'node_color': None}}, 'patch_path': None, 'arguments': [], 'created_at': 1780338387.938283, 'supported_languages': None}, 'macro.dbt.default__split_part': {'name': 'default__split_part', 'resource_type': 'macro', 'package_name': 'dbt', 'path': 'macros/utils/split_part.sql', 'original_file_path': 'macros/utils/split_part.sql', 'unique_id': 'macro.dbt.default__split_part', 'macro_sql': '{% macro default__split_part(string_text, delimiter_text, part_number) %}\n\n    split_part(\n        {{ string_text }},\n        {{ delimiter_text }},\n        {{ part_number }}\n        )\n\n{% endmacro %}', 'depends_on': {'macros': []}, 'description': '', 'meta': {}, 'docs': {'show': True, 'node_color': None}, 'config': {'meta': {}, 'docs': {'show': True, 'node_color': None}}, 'patch_path': None, 'arguments': [], 'created_at': 1780338387.9384656, 'supported_languages': None}, 'macro.dbt._split_part_negative': {'name': '_split_part_negative', 'resource_type': 'macro', 'package_name': 'dbt', 'path': 'macros/utils/split_part.sql', 'original_file_path': 'macros/utils/split_part.sql', 'unique_id': 'macro.dbt._split_part_negative', 'macro_sql': "{% macro _split_part_negative(string_text, delimiter_text, part_number) %}\n\n    split_part(\n        {{ string_text }},\n        {{ delimiter_text }},\n          length({{ string_text }})\n          - length(\n              replace({{ string_text }},  {{ delimiter_text }}, '')\n          ) + 2 + {{ part_number }}\n        )\n\n{% endmacro %}", 'depends_on': {'macros': []}, 'description': '', 'meta': {}, 'docs': {'show': True, 'node_color': None}, 'config': {'meta': {}, 'docs': {'show': True, 'node_color': None}}, 'patch_path': None, 'arguments': [], 'created_at': 1780338387.9386714, 'supported_languages': None}, 'macro.dbt.escape_single_quotes': {'name': 'escape_single_quotes', 'resource_type': 'macro', 'package_name': 'dbt', 'path': 'macros/utils/escape_single_quotes.sql', 'original_file_path': 'macros/utils/escape_single_quotes.sql', 'unique_id': 'macro.dbt.escape_single_quotes', 'macro_sql': "{% macro escape_single_quotes(expression) %}\n      {{ return(adapter.dispatch('escape_single_quotes', 'dbt') (expression)) }}\n{% endmacro %}", 'depends_on': {'macros': ['macro.dbt.default__escape_single_quotes']}, 'description': '', 'meta': {}, 'docs': {'show': True, 'node_color': None}, 'config': {'meta': {}, 'docs': {'show': True, 'node_color': None}}, 'patch_path': None, 'arguments': [], 'created_at': 1780338387.9389262, 'supported_languages': None}, 'macro.dbt.default__escape_single_quotes': {'name': 'default__escape_single_quotes', 'resource_type': 'macro', 'package_name': 'dbt', 'path': 'macros/utils/escape_single_quotes.sql', 'original_file_path': 'macros/utils/escape_single_quotes.sql', 'unique_id': 'macro.dbt.default__escape_single_quotes', 'macro_sql': '{% macro default__escape_single_quotes(expression) -%}\n{{ expression | replace("\'","\'\'") }}\n{%- endmacro %}', 'depends_on': {'macros': []}, 'description': '', 'meta': {}, 'docs': {'show': True, 'node_color': None}, 'config': {'meta': {}, 'docs': {'show': True, 'node_color': None}}, 'patch_path': None, 'arguments': [], 'created_at': 1780338387.939055, 'supported_languages': None}, 'macro.dbt.array_append': {'name': 'array_append', 'resource_type': 'macro', 'package_name': 'dbt', 'path': 'macros/utils/array_append.sql', 'original_file_path': 'macros/utils/array_append.sql', 'unique_id': 'macro.dbt.array_append', 'macro_sql': "{% macro array_append(array, new_element) -%}\n  {{ return(adapter.dispatch('array_append', 'dbt')(array, new_element)) }}\n{%- endmacro %}", 'depends_on': {'macros': ['macro.dbt.default__array_append']}, 'description': '', 'meta': {}, 'docs': {'show': True, 'node_color': None}, 'config': {'meta': {}, 'docs': {'show': True, 'node_color': None}}, 'patch_path': None, 'arguments': [], 'created_at': 1780338387.9393585, 'supported_languages': None}, 'macro.dbt.default__array_append': {'name': 'default__array_append', 'resource_type': 'macro', 'package_name': 'dbt', 'path': 'macros/utils/array_append.sql', 'original_file_path': 'macros/utils/array_append.sql', 'unique_id': 'macro.dbt.default__array_append', 'macro_sql': '{% macro default__array_append(array, new_element) -%}\n    array_append({{ array }}, {{ new_element }})\n{%- endmacro %}', 'depends_on': {'macros': []}, 'description': '', 'meta': {}, 'docs': {'show': True, 'node_color': None}, 'config': {'meta': {}, 'docs': {'show': True, 'node_color': None}}, 'patch_path': None, 'arguments': [], 'created_at': 1780338387.9395156, 'supported_languages': None}, 'macro.dbt.bool_or': {'name': 'bool_or', 'resource_type': 'macro', 'package_name': 'dbt', 'path': 'macros/utils/bool_or.sql', 'original_file_path': 'macros/utils/bool_or.sql', 'unique_id': 'macro.dbt.bool_or', 'macro_sql': "{% macro bool_or(expression) -%}\n    {{ return(adapter.dispatch('bool_or', 'dbt') (expression)) }}\n{% endmacro %}", 'depends_on': {'macros': ['macro.dbt.default__bool_or']}, 'description': '', 'meta': {}, 'docs': {'show': True, 'node_color': None}, 'config': {'meta': {}, 'docs': {'show': True, 'node_color': None}}, 'patch_path': None, 'arguments': [], 'created_at': 1780338387.939746, 'supported_languages': None}, 'macro.dbt.default__bool_or': {'name': 'default__bool_or', 'resource_type': 'macro', 'package_name': 'dbt', 'path': 'macros/utils/bool_or.sql', 'original_file_path': 'macros/utils/bool_or.sql', 'unique_id': 'macro.dbt.default__bool_or', 'macro_sql': '{% macro default__bool_or(expression) -%}\n\n    bool_or({{ expression }})\n\n{%- endmacro %}', 'depends_on': {'macros': []}, 'description': '', 'meta': {}, 'docs': {'show': True, 'node_color': None}, 'config': {'meta': {}, 'docs': {'show': True, 'node_color': None}}, 'patch_path': None, 'arguments': [], 'created_at': 1780338387.939848, 'supported_languages': None}, 'macro.dbt.date_trunc': {'name': 'date_trunc', 'resource_type': 'macro', 'package_name': 'dbt', 'path': 'macros/utils/date_trunc.sql', 'original_file_path': 'macros/utils/date_trunc.sql', 'unique_id': 'macro.dbt.date_trunc', 'macro_sql': "{% macro date_trunc(datepart, date) -%}\n  {{ return(adapter.dispatch('date_trunc', 'dbt') (datepart, date)) }}\n{%- endmacro %}", 'depends_on': {'macros': ['macro.dbt.default__date_trunc']}, 'description': '', 'meta': {}, 'docs': {'show': True, 'node_color': None}, 'config': {'meta': {}, 'docs': {'show': True, 'node_color': None}}, 'patch_path': None, 'arguments': [], 'created_at': 1780338387.940083, 'supported_languages': None}, 'macro.dbt.default__date_trunc': {'name': 'default__date_trunc', 'resource_type': 'macro', 'package_name': 'dbt', 'path': 'macros/utils/date_trunc.sql', 'original_file_path': 'macros/utils/date_trunc.sql', 'unique_id': 'macro.dbt.default__date_trunc', 'macro_sql': "{% macro default__date_trunc(datepart, date) -%}\n    date_trunc('{{datepart}}', {{date}})\n{%- endmacro %}", 'depends_on': {'macros': []}, 'description': '', 'meta': {}, 'docs': {'show': True, 'node_color': None}, 'config': {'meta': {}, 'docs': {'show': True, 'node_color': None}}, 'patch_path': None, 'arguments': [], 'created_at': 1780338387.9403098, 'supported_languages': None}, 'macro.dbt.date': {'name': 'date', 'resource_type': 'macro', 'package_name': 'dbt', 'path': 'macros/utils/date.sql', 'original_file_path': 'macros/utils/date.sql', 'unique_id': 'macro.dbt.date', 'macro_sql': "{% macro date(year, month, day) %}\n  {{ return(adapter.dispatch('date', 'dbt') (year, month, day)) }}\n{% endmacro %}", 'depends_on': {'macros': ['macro.dbt.default__date']}, 'description': '', 'meta': {}, 'docs': {'show': True, 'node_color': None}, 'config': {'meta': {}, 'docs': {'show': True, 'node_color': None}}, 'patch_path': None, 'arguments': [], 'created_at': 1780338387.9406114, 'supported_languages': None}, 'macro.dbt.default__date': {'name': 'default__date', 'resource_type': 'macro', 'package_name': 'dbt', 'path': 'macros/utils/date.sql', 'original_file_path': 'macros/utils/date.sql', 'unique_id': 'macro.dbt.default__date', 'macro_sql': "{% macro default__date(year, month, day) -%}\n    {%- set dt = modules.datetime.date(year, month, day) -%}\n    {%- set iso_8601_formatted_date = dt.strftime('%Y-%m-%d') -%}\n    to_date('{{ iso_8601_formatted_date }}', 'YYYY-MM-DD')\n{%- endmacro %}", 'depends_on': {'macros': []}, 'description': '', 'meta': {}, 'docs': {'show': True, 'node_color': None}, 'config': {'meta': {}, 'docs': {'show': True, 'node_color': None}}, 'patch_path': None, 'arguments': [], 'created_at': 1780338387.9408727, 'supported_languages': None}, 'macro.dbt.concat': {'name': 'concat', 'resource_type': 'macro', 'package_name': 'dbt', 'path': 'macros/utils/concat.sql', 'original_file_path': 'macros/utils/concat.sql', 'unique_id': 'macro.dbt.concat', 'macro_sql': "{% macro concat(fields) -%}\n  {{ return(adapter.dispatch('concat', 'dbt')(fields)) }}\n{%- endmacro %}", 'depends_on': {'macros': ['macro.dbt.default__concat']}, 'description': '', 'meta': {}, 'docs': {'show': True, 'node_color': None}, 'config': {'meta': {}, 'docs': {'show': True, 'node_color': None}}, 'patch_path': None, 'arguments': [], 'created_at': 1780338387.9410985, 'supported_languages': None}, 'macro.dbt.default__concat': {'name': 'default__concat', 'resource_type': 'macro', 'package_name': 'dbt', 'path': 'macros/utils/concat.sql', 'original_file_path': 'macros/utils/concat.sql', 'unique_id': 'macro.dbt.default__concat', 'macro_sql': "{% macro default__concat(fields) -%}\n    {{ fields|join(' || ') }}\n{%- endmacro %}", 'depends_on': {'macros': []}, 'description': '', 'meta': {}, 'docs': {'show': True, 'node_color': None}, 'config': {'meta': {}, 'docs': {'show': True, 'node_color': None}}, 'patch_path': None, 'arguments': [], 'created_at': 1780338387.9412076, 'supported_languages': None}, 'macro.dbt.datediff': {'name': 'datediff', 'resource_type': 'macro', 'package_name': 'dbt', 'path': 'macros/utils/datediff.sql', 'original_file_path': 'macros/utils/datediff.sql', 'unique_id': 'macro.dbt.datediff', 'macro_sql': "{% macro datediff(first_date, second_date, datepart) %}\n  {{ return(adapter.dispatch('datediff', 'dbt')(first_date, second_date, datepart)) }}\n{% endmacro %}", 'depends_on': {'macros': ['macro.dbt_postgres.postgres__datediff']}, 'description': '', 'meta': {}, 'docs': {'show': True, 'node_color': None}, 'config': {'meta': {}, 'docs': {'show': True, 'node_color': None}}, 'patch_path': None, 'arguments': [], 'created_at': 1780338387.9419053, 'supported_languages': None}, 'macro.dbt.default__datediff': {'name': 'default__datediff', 'resource_type': 'macro', 'package_name': 'dbt', 'path': 'macros/utils/datediff.sql', 'original_file_path': 'macros/utils/datediff.sql', 'unique_id': 'macro.dbt.default__datediff', 'macro_sql': '{% macro default__datediff(first_date, second_date, datepart) -%}\n\n    datediff(\n        {{ datepart }},\n        {{ first_date }},\n        {{ second_date }}\n        )\n\n{%- endmacro %}', 'depends_on': {'macros': []}, 'description': '', 'meta': {}, 'docs': {'show': True, 'node_color': None}, 'config': {'meta': {}, 'docs': {'show': True, 'node_color': None}}, 'patch_path': None, 'arguments': [], 'created_at': 1780338387.9421911, 'supported_languages': None}, 'macro.dbt.cast_bool_to_text': {'name': 'cast_bool_to_text', 'resource_type': 'macro', 'package_name': 'dbt', 'path': 'macros/utils/cast_bool_to_text.sql', 'original_file_path': 'macros/utils/cast_bool_to_text.sql', 'unique_id': 'macro.dbt.cast_bool_to_text', 'macro_sql': "{% macro cast_bool_to_text(field) %}\n  {{ adapter.dispatch('cast_bool_to_text', 'dbt') (field) }}\n{% endmacro %}", 'depends_on': {'macros': ['macro.dbt.default__cast_bool_to_text']}, 'description': '', 'meta': {}, 'docs': {'show': True, 'node_color': None}, 'config': {'meta': {}, 'docs': {'show': True, 'node_color': None}}, 'patch_path': None, 'arguments': [], 'created_at': 1780338387.9425771, 'supported_languages': None}, 'macro.dbt.default__cast_bool_to_text': {'name': 'default__cast_bool_to_text', 'resource_type': 'macro', 'package_name': 'dbt', 'path': 'macros/utils/cast_bool_to_text.sql', 'original_file_path': 'macros/utils/cast_bool_to_text.sql', 'unique_id': 'macro.dbt.default__cast_bool_to_text', 'macro_sql': "{% macro default__cast_bool_to_text(field) %}\n    cast({{ field }} as {{ api.Column.translate_type('string') }})\n{% endmacro %}", 'depends_on': {'macros': []}, 'description': '', 'meta': {}, 'docs': {'show': True, 'node_color': None}, 'config': {'meta': {}, 'docs': {'show': True, 'node_color': None}}, 'patch_path': None, 'arguments': [], 'created_at': 1780338387.9428241, 'supported_languages': None}, 'macro.dbt.default__test_relationships': {'name': 'default__test_relationships', 'resource_type': 'macro', 'package_name': 'dbt', 'path': 'macros/generic_test_sql/relationships.sql', 'original_file_path': 'macros/generic_test_sql/relationships.sql', 'unique_id': 'macro.dbt.default__test_relationships', 'macro_sql': '{% macro default__test_relationships(model, column_name, to, field) %}\n\nwith child as (\n    select {{ column_name }} as from_field\n    from {{ model }}\n    where {{ column_name }} is not null\n),\n\nparent as (\n    select {{ field }} as to_field\n    from {{ to }}\n)\n\nselect\n    from_field\n\nfrom child\nleft join parent\n    on child.from_field = parent.to_field\n\nwhere parent.to_field is null\n\n{% endmacro %}', 'depends_on': {'macros': []}, 'description': '', 'meta': {}, 'docs': {'show': True, 'node_color': None}, 'config': {'meta': {}, 'docs': {'show': True, 'node_color': None}}, 'patch_path': None, 'arguments': [], 'created_at': 1780338387.9432209, 'supported_languages': None}, 'macro.dbt.default__test_accepted_values': {'name': 'default__test_accepted_values', 'resource_type': 'macro', 'package_name': 'dbt', 'path': 'macros/generic_test_sql/accepted_values.sql', 'original_file_path': 'macros/generic_test_sql/accepted_values.sql', 'unique_id': 'macro.dbt.default__test_accepted_values', 'macro_sql': "{% macro default__test_accepted_values(model, column_name, values, quote=True) %}\n\nwith all_values as (\n\n    select\n        {{ column_name }} as value_field,\n        count(*) as n_records\n\n    from {{ model }}\n    group by {{ column_name }}\n\n)\n\nselect *\nfrom all_values\nwhere value_field not in (\n    {% for value in values -%}\n        {% if quote -%}\n        '{{ value }}'\n        {%- else -%}\n        {{ value }}\n        {%- endif -%}\n        {%- if not loop.last -%},{%- endif %}\n    {%- endfor %}\n)\n\n{% endmacro %}", 'depends_on': {'macros': []}, 'description': '', 'meta': {}, 'docs': {'show': True, 'node_color': None}, 'config': {'meta': {}, 'docs': {'show': True, 'node_color': None}}, 'patch_path': None, 'arguments': [], 'created_at': 1780338387.9437625, 'supported_languages': None}, 'macro.dbt.default__test_not_null': {'name': 'default__test_not_null', 'resource_type': 'macro', 'package_name': 'dbt', 'path': 'macros/generic_test_sql/not_null.sql', 'original_file_path': 'macros/generic_test_sql/not_null.sql', 'unique_id': 'macro.dbt.default__test_not_null', 'macro_sql': "{% macro default__test_not_null(model, column_name) %}\n\n{% set column_list = '*' if should_store_failures() else column_name %}\n\nselect {{ column_list }}\nfrom {{ model }}\nwhere {{ column_name }} is null\n\n{% endmacro %}", 'depends_on': {'macros': ['macro.dbt.should_store_failures']}, 'description': '', 'meta': {}, 'docs': {'show': True, 'node_color': None}, 'config': {'meta': {}, 'docs': {'show': True, 'node_color': None}}, 'patch_path': None, 'arguments': [], 'created_at': 1780338387.9440455, 'supported_languages': None}, 'macro.dbt.default__test_unique': {'name': 'default__test_unique', 'resource_type': 'macro', 'package_name': 'dbt', 'path': 'macros/generic_test_sql/unique.sql', 'original_file_path': 'macros/generic_test_sql/unique.sql', 'unique_id': 'macro.dbt.default__test_unique', 'macro_sql': '{% macro default__test_unique(model, column_name) %}\n\nselect\n    {{ column_name }} as unique_field,\n    count(*) as n_records\n\nfrom {{ model }}\nwhere {{ column_name }} is not null\ngroup by {{ column_name }}\nhaving count(*) > 1\n\n{% endmacro %}', 'depends_on': {'macros': []}, 'description': '', 'meta': {}, 'docs': {'show': True, 'node_color': None}, 'config': {'meta': {}, 'docs': {'show': True, 'node_color': None}}, 'patch_path': None, 'arguments': [], 'created_at': 1780338387.9442523, 'supported_languages': None}, 'macro.dbt.generate_schema_name': {'name': 'generate_schema_name', 'resource_type': 'macro', 'package_name': 'dbt', 'path': 'macros/get_custom_name/get_custom_schema.sql', 'original_file_path': 'macros/get_custom_name/get_custom_schema.sql', 'unique_id': 'macro.dbt.generate_schema_name', 'macro_sql': "{% macro generate_schema_name(custom_schema_name=none, node=none) -%}\n    {{ return(adapter.dispatch('generate_schema_name', 'dbt')(custom_schema_name, node)) }}\n{% endmacro %}", 'depends_on': {'macros': ['macro.dbt.default__generate_schema_name']}, 'description': '', 'meta': {}, 'docs': {'show': True, 'node_color': None}, 'config': {'meta': {}, 'docs': {'show': True, 'node_color': None}}, 'patch_path': None, 'arguments': [], 'created_at': 1780338387.9446275, 'supported_languages': None}, 'macro.dbt.default__generate_schema_name': {'name': 'default__generate_schema_name', 'resource_type': 'macro', 'package_name': 'dbt', 'path': 'macros/get_custom_name/get_custom_schema.sql', 'original_file_path': 'macros/get_custom_name/get_custom_schema.sql', 'unique_id': 'macro.dbt.default__generate_schema_name', 'macro_sql': '{% macro default__generate_schema_name(custom_schema_name, node) -%}\n\n    {%- set default_schema = target.schema -%}\n    {%- if custom_schema_name is none -%}\n\n        {{ default_schema }}\n\n    {%- else -%}\n\n        {{ default_schema }}_{{ custom_schema_name | trim }}\n\n    {%- endif -%}\n\n{%- endmacro %}', 'depends_on': {'macros': []}, 'description': '', 'meta': {}, 'docs': {'show': True, 'node_color': None}, 'config': {'meta': {}, 'docs': {'show': True, 'node_color': None}}, 'patch_path': None, 'arguments': [], 'created_at': 1780338387.944965, 'supported_languages': None}, 'macro.dbt.generate_schema_name_for_env': {'name': 'generate_schema_name_for_env', 'resource_type': 'macro', 'package_name': 'dbt', 'path': 'macros/get_custom_name/get_custom_schema.sql', 'original_file_path': 'macros/get_custom_name/get_custom_schema.sql', 'unique_id': 'macro.dbt.generate_schema_name_for_env', 'macro_sql': "{% macro generate_schema_name_for_env(custom_schema_name, node) -%}\n\n    {%- set default_schema = target.schema -%}\n    {%- if target.name == 'prod' and custom_schema_name is not none -%}\n\n        {{ custom_schema_name | trim }}\n\n    {%- else -%}\n\n        {{ default_schema }}\n\n    {%- endif -%}\n\n{%- endmacro %}", 'depends_on': {'macros': []}, 'description': '', 'meta': {}, 'docs': {'show': True, 'node_color': None}, 'config': {'meta': {}, 'docs': {'show': True, 'node_color': None}}, 'patch_path': None, 'arguments': [], 'created_at': 1780338387.9452434, 'supported_languages': None}, 'macro.dbt.generate_database_name': {'name': 'generate_database_name', 'resource_type': 'macro', 'package_name': 'dbt', 'path': 'macros/get_custom_name/get_custom_database.sql', 'original_file_path': 'macros/get_custom_name/get_custom_database.sql', 'unique_id': 'macro.dbt.generate_database_name', 'macro_sql': "{% macro generate_database_name(custom_database_name=none, node=none) -%}\n    {% do return(adapter.dispatch('generate_database_name', 'dbt')(custom_database_name, node)) %}\n{%- endmacro %}", 'depends_on': {'macros': ['macro.dbt.default__generate_database_name']}, 'description': '', 'meta': {}, 'docs': {'show': True, 'node_color': None}, 'config': {'meta': {}, 'docs': {'show': True, 'node_color': None}}, 'patch_path': None, 'arguments': [], 'created_at': 1780338387.9455748, 'supported_languages': None}, 'macro.dbt.default__generate_database_name': {'name': 'default__generate_database_name', 'resource_type': 'macro', 'package_name': 'dbt', 'path': 'macros/get_custom_name/get_custom_database.sql', 'original_file_path': 'macros/get_custom_name/get_custom_database.sql', 'unique_id': 'macro.dbt.default__generate_database_name', 'macro_sql': '{% macro default__generate_database_name(custom_database_name=none, node=none) -%}\n    {%- set default_database = target.database -%}\n    {%- if custom_database_name is none -%}\n\n        {{ default_database }}\n\n    {%- else -%}\n\n        {{ custom_database_name }}\n\n    {%- endif -%}\n\n{%- endmacro %}', 'depends_on': {'macros': []}, 'description': '', 'meta': {}, 'docs': {'show': True, 'node_color': None}, 'config': {'meta': {}, 'docs': {'show': True, 'node_color': None}}, 'patch_path': None, 'arguments': [], 'created_at': 1780338387.9458025, 'supported_languages': None}, 'macro.dbt.generate_latest_version_pointer_alias': {'name': 'generate_latest_version_pointer_alias', 'resource_type': 'macro', 'package_name': 'dbt', 'path': 'macros/get_custom_name/get_latest_version_pointer_alias.sql', 'original_file_path': 'macros/get_custom_name/get_latest_version_pointer_alias.sql', 'unique_id': 'macro.dbt.generate_latest_version_pointer_alias', 'macro_sql': "{% macro generate_latest_version_pointer_alias(custom_alias_name=none, node=none) -%}\n    {% do return(adapter.dispatch('generate_latest_version_pointer_alias', 'dbt')(custom_alias_name, node)) %}\n{%- endmacro %}", 'depends_on': {'macros': ['macro.dbt.default__generate_latest_version_pointer_alias']}, 'description': '', 'meta': {}, 'docs': {'show': True, 'node_color': None}, 'config': {'meta': {}, 'docs': {'show': True, 'node_color': None}}, 'patch_path': None, 'arguments': [], 'created_at': 1780338387.9461212, 'supported_languages': None}, 'macro.dbt.default__generate_latest_version_pointer_alias': {'name': 'default__generate_latest_version_pointer_alias', 'resource_type': 'macro', 'package_name': 'dbt', 'path': 'macros/get_custom_name/get_latest_version_pointer_alias.sql', 'original_file_path': 'macros/get_custom_name/get_latest_version_pointer_alias.sql', 'unique_id': 'macro.dbt.default__generate_latest_version_pointer_alias', 'macro_sql': '{% macro default__generate_latest_version_pointer_alias(custom_alias_name=none, node=none) -%}\n    {%- if custom_alias_name -%}\n        {{ custom_alias_name | trim }}\n    {%- else -%}\n        {{ node.name }}\n    {%- endif -%}\n{%- endmacro %}', 'depends_on': {'macros': []}, 'description': '', 'meta': {}, 'docs': {'show': True, 'node_color': None}, 'config': {'meta': {}, 'docs': {'show': True, 'node_color': None}}, 'patch_path': None, 'arguments': [], 'created_at': 1780338387.9463077, 'supported_languages': None}, 'macro.dbt.generate_alias_name': {'name': 'generate_alias_name', 'resource_type': 'macro', 'package_name': 'dbt', 'path': 'macros/get_custom_name/get_custom_alias.sql', 'original_file_path': 'macros/get_custom_name/get_custom_alias.sql', 'unique_id': 'macro.dbt.generate_alias_name', 'macro_sql': "{% macro generate_alias_name(custom_alias_name=none, node=none) -%}\n    {% do return(adapter.dispatch('generate_alias_name', 'dbt')(custom_alias_name, node)) %}\n{%- endmacro %}", 'depends_on': {'macros': ['macro.dbt.default__generate_alias_name']}, 'description': '', 'meta': {}, 'docs': {'show': True, 'node_color': None}, 'config': {'meta': {}, 'docs': {'show': True, 'node_color': None}}, 'patch_path': None, 'arguments': [], 'created_at': 1780338387.9466174, 'supported_languages': None}, 'macro.dbt.default__generate_alias_name': {'name': 'default__generate_alias_name', 'resource_type': 'macro', 'package_name': 'dbt', 'path': 'macros/get_custom_name/get_custom_alias.sql', 'original_file_path': 'macros/get_custom_name/get_custom_alias.sql', 'unique_id': 'macro.dbt.default__generate_alias_name', 'macro_sql': '{% macro default__generate_alias_name(custom_alias_name=none, node=none) -%}\n\n    {%- if custom_alias_name -%}\n\n        {{ custom_alias_name | trim }}\n\n    {%- elif node.version -%}\n\n        {{ return(node.name ~ "_v" ~ (node.version | replace(".", "_"))) }}\n\n    {%- else -%}\n\n        {{ node.name }}\n\n    {%- endif -%}\n\n{%- endmacro %}', 'depends_on': {'macros': []}, 'description': '', 'meta': {}, 'docs': {'show': True, 'node_color': None}, 'config': {'meta': {}, 'docs': {'show': True, 'node_color': None}}, 'patch_path': None, 'arguments': [], 'created_at': 1780338387.9470074, 'supported_languages': None}, 'macro.dbt.get_replace_sql': {'name': 'get_replace_sql', 'resource_type': 'macro', 'package_name': 'dbt', 'path': 'macros/relations/replace.sql', 'original_file_path': 'macros/relations/replace.sql', 'unique_id': 'macro.dbt.get_replace_sql', 'macro_sql': "{% macro get_replace_sql(existing_relation, target_relation, sql) %}\n    {{- log('Applying REPLACE to: ' ~ existing_relation) -}}\n    {{- adapter.dispatch('get_replace_sql', 'dbt')(existing_relation, target_relation, sql) -}}\n{% endmacro %}", 'depends_on': {'macros': ['macro.dbt.default__get_replace_sql']}, 'description': '', 'meta': {}, 'docs': {'show': True, 'node_color': None}, 'config': {'meta': {}, 'docs': {'show': True, 'node_color': None}}, 'patch_path': None, 'arguments': [], 'created_at': 1780338387.9475074, 'supported_languages': None}, 'macro.dbt.default__get_replace_sql': {'name': 'default__get_replace_sql', 'resource_type': 'macro', 'package_name': 'dbt', 'path': 'macros/relations/replace.sql', 'original_file_path': 'macros/relations/replace.sql', 'unique_id': 'macro.dbt.default__get_replace_sql', 'macro_sql': '{% macro default__get_replace_sql(existing_relation, target_relation, sql) %}\n\n    {# /* use a create or replace statement if possible */ #}\n\n    {% set is_replaceable = existing_relation.type == target_relation.type and existing_relation.can_be_replaced %}\n\n    {% if is_replaceable and existing_relation.is_view %}\n        {{ get_replace_view_sql(target_relation, sql) }}\n\n    {% elif is_replaceable and existing_relation.is_table %}\n        {{ get_replace_table_sql(target_relation, sql) }}\n\n    {% elif is_replaceable and existing_relation.is_materialized_view %}\n        {{ get_replace_materialized_view_sql(target_relation, sql) }}\n\n    {# /* a create or replace statement is not possible, so try to stage and/or backup to be safe */ #}\n\n    {# /* create target_relation as an intermediate relation, then swap it out with the existing one using a backup */ #}\n    {%- elif target_relation.can_be_renamed and existing_relation.can_be_renamed -%}\n        {{ get_create_intermediate_sql(target_relation, sql) }};\n        {{ get_create_backup_sql(existing_relation) }};\n        {{ get_rename_intermediate_sql(target_relation) }};\n        {{ get_drop_backup_sql(existing_relation) }}\n\n    {# /* create target_relation as an intermediate relation, then swap it out with the existing one without using a backup */ #}\n    {%- elif target_relation.can_be_renamed -%}\n        {{ get_create_intermediate_sql(target_relation, sql) }};\n        {{ get_drop_sql(existing_relation) }};\n        {{ get_rename_intermediate_sql(target_relation) }}\n\n    {# /* create target_relation in place by first backing up the existing relation */ #}\n    {%- elif existing_relation.can_be_renamed -%}\n        {{ get_create_backup_sql(existing_relation) }};\n        {{ get_create_sql(target_relation, sql) }};\n        {{ get_drop_backup_sql(existing_relation) }}\n\n    {# /* no renaming is allowed, so just drop and create */ #}\n    {%- else -%}\n        {{ get_drop_sql(existing_relation) }};\n        {{ get_create_sql(target_relation, sql) }}\n\n    {%- endif -%}\n\n{% endmacro %}', 'depends_on': {'macros': ['macro.dbt.get_replace_view_sql', 'macro.dbt.get_replace_table_sql', 'macro.dbt.get_replace_materialized_view_sql', 'macro.dbt.get_create_intermediate_sql', 'macro.dbt.get_create_backup_sql', 'macro.dbt.get_rename_intermediate_sql', 'macro.dbt.get_drop_backup_sql', 'macro.dbt.get_drop_sql', 'macro.dbt.get_create_sql']}, 'description': '', 'meta': {}, 'docs': {'show': True, 'node_color': None}, 'config': {'meta': {}, 'docs': {'show': True, 'node_color': None}}, 'patch_path': None, 'arguments': [], 'created_at': 1780338387.9485526, 'supported_languages': None}, 'macro.dbt.get_create_sql': {'name': 'get_create_sql', 'resource_type': 'macro', 'package_name': 'dbt', 'path': 'macros/relations/create.sql', 'original_file_path': 'macros/relations/create.sql', 'unique_id': 'macro.dbt.get_create_sql', 'macro_sql': "{%- macro get_create_sql(relation, sql) -%}\n    {{- log('Applying CREATE to: ' ~ relation) -}}\n    {{- adapter.dispatch('get_create_sql', 'dbt')(relation, sql) -}}\n{%- endmacro -%}\n\n\n", 'depends_on': {'macros': ['macro.dbt.default__get_create_sql']}, 'description': '', 'meta': {}, 'docs': {'show': True, 'node_color': None}, 'config': {'meta': {}, 'docs': {'show': True, 'node_color': None}}, 'patch_path': None, 'arguments': [], 'created_at': 1780338387.9489622, 'supported_languages': None}, 'macro.dbt.default__get_create_sql': {'name': 'default__get_create_sql', 'resource_type': 'macro', 'package_name': 'dbt', 'path': 'macros/relations/create.sql', 'original_file_path': 'macros/relations/create.sql', 'unique_id': 'macro.dbt.default__get_create_sql', 'macro_sql': '{%- macro default__get_create_sql(relation, sql) -%}\n\n    {%- if relation.is_view -%}\n        {{ get_create_view_as_sql(relation, sql) }}\n\n    {%- elif relation.is_table -%}\n        {{ get_create_table_as_sql(False, relation, sql) }}\n\n    {%- elif relation.is_materialized_view -%}\n        {{ get_create_materialized_view_as_sql(relation, sql) }}\n\n    {%- else -%}\n        {{- exceptions.raise_compiler_error("`get_create_sql` has not been implemented for: " ~ relation.type ) -}}\n\n    {%- endif -%}\n\n{%- endmacro -%}', 'depends_on': {'macros': ['macro.dbt.get_create_view_as_sql', 'macro.dbt.get_create_table_as_sql', 'macro.dbt.get_create_materialized_view_as_sql']}, 'description': '', 'meta': {}, 'docs': {'show': True, 'node_color': None}, 'config': {'meta': {}, 'docs': {'show': True, 'node_color': None}}, 'patch_path': None, 'arguments': [], 'created_at': 1780338387.949356, 'supported_languages': None}, 'macro.dbt.get_drop_backup_sql': {'name': 'get_drop_backup_sql', 'resource_type': 'macro', 'package_name': 'dbt', 'path': 'macros/relations/drop_backup.sql', 'original_file_path': 'macros/relations/drop_backup.sql', 'unique_id': 'macro.dbt.get_drop_backup_sql', 'macro_sql': "{%- macro get_drop_backup_sql(relation) -%}\n    {{- log('Applying DROP BACKUP to: ' ~ relation) -}}\n    {{- adapter.dispatch('get_drop_backup_sql', 'dbt')(relation) -}}\n{%- endmacro -%}\n\n\n", 'depends_on': {'macros': ['macro.dbt.default__get_drop_backup_sql']}, 'description': '', 'meta': {}, 'docs': {'show': True, 'node_color': None}, 'config': {'meta': {}, 'docs': {'show': True, 'node_color': None}}, 'patch_path': None, 'arguments': [], 'created_at': 1780338387.94968, 'supported_languages': None}, 'macro.dbt.default__get_drop_backup_sql': {'name': 'default__get_drop_backup_sql', 'resource_type': 'macro', 'package_name': 'dbt', 'path': 'macros/relations/drop_backup.sql', 'original_file_path': 'macros/relations/drop_backup.sql', 'unique_id': 'macro.dbt.default__get_drop_backup_sql', 'macro_sql': '{%- macro default__get_drop_backup_sql(relation) -%}\n\n    -- get the standard backup name\n    {% set backup_relation = make_backup_relation(relation, relation.type) %}\n\n    {{ get_drop_sql(backup_relation) }}\n\n{%- endmacro -%}', 'depends_on': {'macros': ['macro.dbt.make_backup_relation', 'macro.dbt.get_drop_sql']}, 'description': '', 'meta': {}, 'docs': {'show': True, 'node_color': None}, 'config': {'meta': {}, 'docs': {'show': True, 'node_color': None}}, 'patch_path': None, 'arguments': [], 'created_at': 1780338387.9498675, 'supported_languages': None}, 'macro.dbt.get_rename_sql': {'name': 'get_rename_sql', 'resource_type': 'macro', 'package_name': 'dbt', 'path': 'macros/relations/rename.sql', 'original_file_path': 'macros/relations/rename.sql', 'unique_id': 'macro.dbt.get_rename_sql', 'macro_sql': "{%- macro get_rename_sql(relation, new_name) -%}\n    {{- log('Applying RENAME to: ' ~ relation) -}}\n    {{- adapter.dispatch('get_rename_sql', 'dbt')(relation, new_name) -}}\n{%- endmacro -%}\n\n\n", 'depends_on': {'macros': ['macro.dbt.default__get_rename_sql']}, 'description': '', 'meta': {}, 'docs': {'show': True, 'node_color': None}, 'config': {'meta': {}, 'docs': {'show': True, 'node_color': None}}, 'patch_path': None, 'arguments': [], 'created_at': 1780338387.9502668, 'supported_languages': None}, 'macro.dbt.default__get_rename_sql': {'name': 'default__get_rename_sql', 'resource_type': 'macro', 'package_name': 'dbt', 'path': 'macros/relations/rename.sql', 'original_file_path': 'macros/relations/rename.sql', 'unique_id': 'macro.dbt.default__get_rename_sql', 'macro_sql': '{%- macro default__get_rename_sql(relation, new_name) -%}\n\n    {%- if relation.is_view -%}\n        {{ get_rename_view_sql(relation, new_name) }}\n\n    {%- elif relation.is_table -%}\n        {{ get_rename_table_sql(relation, new_name) }}\n\n    {%- elif relation.is_materialized_view -%}\n        {{ get_rename_materialized_view_sql(relation, new_name) }}\n\n    {%- else -%}\n        {{- exceptions.raise_compiler_error("`get_rename_sql` has not been implemented for: " ~ relation.type ) -}}\n\n    {%- endif -%}\n\n{%- endmacro -%}\n\n\n', 'depends_on': {'macros': ['macro.dbt.get_rename_view_sql', 'macro.dbt.get_rename_table_sql', 'macro.dbt.get_rename_materialized_view_sql']}, 'description': '', 'meta': {}, 'docs': {'show': True, 'node_color': None}, 'config': {'meta': {}, 'docs': {'show': True, 'node_color': None}}, 'patch_path': None, 'arguments': [], 'created_at': 1780338387.9506328, 'supported_languages': None}, 'macro.dbt.rename_relation': {'name': 'rename_relation', 'resource_type': 'macro', 'package_name': 'dbt', 'path': 'macros/relations/rename.sql', 'original_file_path': 'macros/relations/rename.sql', 'unique_id': 'macro.dbt.rename_relation', 'macro_sql': "{% macro rename_relation(from_relation, to_relation) -%}\n  {{ return(adapter.dispatch('rename_relation', 'dbt')(from_relation, to_relation)) }}\n{% endmacro %}", 'depends_on': {'macros': ['macro.dbt.default__rename_relation']}, 'description': '', 'meta': {}, 'docs': {'show': True, 'node_color': None}, 'config': {'meta': {}, 'docs': {'show': True, 'node_color': None}}, 'patch_path': None, 'arguments': [], 'created_at': 1780338387.9508214, 'supported_languages': None}, 'macro.dbt.default__rename_relation': {'name': 'default__rename_relation', 'resource_type': 'macro', 'package_name': 'dbt', 'path': 'macros/relations/rename.sql', 'original_file_path': 'macros/relations/rename.sql', 'unique_id': 'macro.dbt.default__rename_relation', 'macro_sql': "{% macro default__rename_relation(from_relation, to_relation) -%}\n  {% set target_name = adapter.quote_as_configured(to_relation.identifier, 'identifier') %}\n  {% call statement('rename_relation') -%}\n    alter table {{ from_relation.render() }} rename to {{ target_name }}\n  {%- endcall %}\n{% endmacro %}", 'depends_on': {'macros': ['macro.dbt.statement']}, 'description': '', 'meta': {}, 'docs': {'show': True, 'node_color': None}, 'config': {'meta': {}, 'docs': {'show': True, 'node_color': None}}, 'patch_path': None, 'arguments': [], 'created_at': 1780338387.9511247, 'supported_languages': None}, 'macro.dbt.drop_schema_named': {'name': 'drop_schema_named', 'resource_type': 'macro', 'package_name': 'dbt', 'path': 'macros/relations/schema.sql', 'original_file_path': 'macros/relations/schema.sql', 'unique_id': 'macro.dbt.drop_schema_named', 'macro_sql': "{% macro drop_schema_named(schema_name) %}\n    {{ return(adapter.dispatch('drop_schema_named', 'dbt') (schema_name)) }}\n{% endmacro %}", 'depends_on': {'macros': ['macro.dbt.default__drop_schema_named']}, 'description': '', 'meta': {}, 'docs': {'show': True, 'node_color': None}, 'config': {'meta': {}, 'docs': {'show': True, 'node_color': None}}, 'patch_path': None, 'arguments': [], 'created_at': 1780338387.9513738, 'supported_languages': None}, 'macro.dbt.default__drop_schema_named': {'name': 'default__drop_schema_named', 'resource_type': 'macro', 'package_name': 'dbt', 'path': 'macros/relations/schema.sql', 'original_file_path': 'macros/relations/schema.sql', 'unique_id': 'macro.dbt.default__drop_schema_named', 'macro_sql': '{% macro default__drop_schema_named(schema_name) %}\n  {% set schema_relation = api.Relation.create(schema=schema_name) %}\n  {{ adapter.drop_schema(schema_relation) }}\n{% endmacro %}', 'depends_on': {'macros': []}, 'description': '', 'meta': {}, 'docs': {'show': True, 'node_color': None}, 'config': {'meta': {}, 'docs': {'show': True, 'node_color': None}}, 'patch_path': None, 'arguments': [], 'created_at': 1780338387.9515555, 'supported_languages': None}, 'macro.dbt.get_create_intermediate_sql': {'name': 'get_create_intermediate_sql', 'resource_type': 'macro', 'package_name': 'dbt', 'path': 'macros/relations/create_intermediate.sql', 'original_file_path': 'macros/relations/create_intermediate.sql', 'unique_id': 'macro.dbt.get_create_intermediate_sql', 'macro_sql': "{%- macro get_create_intermediate_sql(relation, sql) -%}\n    {{- log('Applying CREATE INTERMEDIATE to: ' ~ relation) -}}\n    {{- adapter.dispatch('get_create_intermediate_sql', 'dbt')(relation, sql) -}}\n{%- endmacro -%}\n\n\n", 'depends_on': {'macros': ['macro.dbt.default__get_create_intermediate_sql']}, 'description': '', 'meta': {}, 'docs': {'show': True, 'node_color': None}, 'config': {'meta': {}, 'docs': {'show': True, 'node_color': None}}, 'patch_path': None, 'arguments': [], 'created_at': 1780338387.9518433, 'supported_languages': None}, 'macro.dbt.default__get_create_intermediate_sql': {'name': 'default__get_create_intermediate_sql', 'resource_type': 'macro', 'package_name': 'dbt', 'path': 'macros/relations/create_intermediate.sql', 'original_file_path': 'macros/relations/create_intermediate.sql', 'unique_id': 'macro.dbt.default__get_create_intermediate_sql', 'macro_sql': '{%- macro default__get_create_intermediate_sql(relation, sql) -%}\n\n    -- get the standard intermediate name\n    {% set intermediate_relation = make_intermediate_relation(relation) %}\n\n    -- drop any pre-existing intermediate\n    {{ get_drop_sql(intermediate_relation) }};\n\n    {{ get_create_sql(intermediate_relation, sql) }}\n\n{%- endmacro -%}', 'depends_on': {'macros': ['macro.dbt.make_intermediate_relation', 'macro.dbt.get_drop_sql', 'macro.dbt.get_create_sql']}, 'description': '', 'meta': {}, 'docs': {'show': True, 'node_color': None}, 'config': {'meta': {}, 'docs': {'show': True, 'node_color': None}}, 'patch_path': None, 'arguments': [], 'created_at': 1780338387.952052, 'supported_languages': None}, 'macro.dbt.get_drop_sql': {'name': 'get_drop_sql', 'resource_type': 'macro', 'package_name': 'dbt', 'path': 'macros/relations/drop.sql', 'original_file_path': 'macros/relations/drop.sql', 'unique_id': 'macro.dbt.get_drop_sql', 'macro_sql': "{%- macro get_drop_sql(relation) -%}\n    {{- log('Applying DROP to: ' ~ relation) -}}\n    {{- adapter.dispatch('get_drop_sql', 'dbt')(relation) -}}\n{%- endmacro -%}\n\n\n", 'depends_on': {'macros': ['macro.dbt.default__get_drop_sql']}, 'description': '', 'meta': {}, 'docs': {'show': True, 'node_color': None}, 'config': {'meta': {}, 'docs': {'show': True, 'node_color': None}}, 'patch_path': None, 'arguments': [], 'created_at': 1780338387.952522, 'supported_languages': None}, 'macro.dbt.default__get_drop_sql': {'name': 'default__get_drop_sql', 'resource_type': 'macro', 'package_name': 'dbt', 'path': 'macros/relations/drop.sql', 'original_file_path': 'macros/relations/drop.sql', 'unique_id': 'macro.dbt.default__get_drop_sql', 'macro_sql': '{%- macro default__get_drop_sql(relation) -%}\n\n    {%- if relation.is_view -%}\n        {{ drop_view(relation) }}\n\n    {%- elif relation.is_table -%}\n        {{ drop_table(relation) }}\n\n    {%- elif relation.is_materialized_view -%}\n        {{ drop_materialized_view(relation) }}\n\n    {%- else -%}\n        drop {{ relation.type }} if exists {{ relation.render() }} cascade\n\n    {%- endif -%}\n\n{%- endmacro -%}\n\n\n', 'depends_on': {'macros': ['macro.dbt.drop_view', 'macro.dbt.drop_table', 'macro.dbt.drop_materialized_view']}, 'description': '', 'meta': {}, 'docs': {'show': True, 'node_color': None}, 'config': {'meta': {}, 'docs': {'show': True, 'node_color': None}}, 'patch_path': None, 'arguments': [], 'created_at': 1780338387.952934, 'supported_languages': None}, 'macro.dbt.drop_relation': {'name': 'drop_relation', 'resource_type': 'macro', 'package_name': 'dbt', 'path': 'macros/relations/drop.sql', 'original_file_path': 'macros/relations/drop.sql', 'unique_id': 'macro.dbt.drop_relation', 'macro_sql': "{% macro drop_relation(relation) -%}\n    {{ return(adapter.dispatch('drop_relation', 'dbt')(relation)) }}\n{% endmacro %}", 'depends_on': {'macros': ['macro.dbt.default__drop_relation']}, 'description': '', 'meta': {}, 'docs': {'show': True, 'node_color': None}, 'config': {'meta': {}, 'docs': {'show': True, 'node_color': None}}, 'patch_path': None, 'arguments': [], 'created_at': 1780338387.9531183, 'supported_languages': None}, 'macro.dbt.default__drop_relation': {'name': 'default__drop_relation', 'resource_type': 'macro', 'package_name': 'dbt', 'path': 'macros/relations/drop.sql', 'original_file_path': 'macros/relations/drop.sql', 'unique_id': 'macro.dbt.default__drop_relation', 'macro_sql': "{% macro default__drop_relation(relation) -%}\n    {% call statement('drop_relation', auto_begin=False) -%}\n        {{ get_drop_sql(relation) }}\n    {%- endcall %}\n{% endmacro %}", 'depends_on': {'macros': ['macro.dbt.statement', 'macro.dbt.get_drop_sql']}, 'description': '', 'meta': {}, 'docs': {'show': True, 'node_color': None}, 'config': {'meta': {}, 'docs': {'show': True, 'node_color': None}}, 'patch_path': None, 'arguments': [], 'created_at': 1780338387.9533076, 'supported_languages': None}, 'macro.dbt.drop_relation_if_exists': {'name': 'drop_relation_if_exists', 'resource_type': 'macro', 'package_name': 'dbt', 'path': 'macros/relations/drop.sql', 'original_file_path': 'macros/relations/drop.sql', 'unique_id': 'macro.dbt.drop_relation_if_exists', 'macro_sql': '{% macro drop_relation_if_exists(relation) %}\n  {% if relation is not none %}\n    {{ adapter.drop_relation(relation) }}\n  {% endif %}\n{% endmacro %}', 'depends_on': {'macros': []}, 'description': '', 'meta': {}, 'docs': {'show': True, 'node_color': None}, 'config': {'meta': {}, 'docs': {'show': True, 'node_color': None}}, 'patch_path': None, 'arguments': [], 'created_at': 1780338387.9534779, 'supported_languages': None}, 'macro.dbt.get_create_backup_sql': {'name': 'get_create_backup_sql', 'resource_type': 'macro', 'package_name': 'dbt', 'path': 'macros/relations/create_backup.sql', 'original_file_path': 'macros/relations/create_backup.sql', 'unique_id': 'macro.dbt.get_create_backup_sql', 'macro_sql': "{%- macro get_create_backup_sql(relation) -%}\n    {{- log('Applying CREATE BACKUP to: ' ~ relation) -}}\n    {{- adapter.dispatch('get_create_backup_sql', 'dbt')(relation) -}}\n{%- endmacro -%}\n\n\n", 'depends_on': {'macros': ['macro.dbt.default__get_create_backup_sql']}, 'description': '', 'meta': {}, 'docs': {'show': True, 'node_color': None}, 'config': {'meta': {}, 'docs': {'show': True, 'node_color': None}}, 'patch_path': None, 'arguments': [], 'created_at': 1780338387.953765, 'supported_languages': None}, 'macro.dbt.default__get_create_backup_sql': {'name': 'default__get_create_backup_sql', 'resource_type': 'macro', 'package_name': 'dbt', 'path': 'macros/relations/create_backup.sql', 'original_file_path': 'macros/relations/create_backup.sql', 'unique_id': 'macro.dbt.default__get_create_backup_sql', 'macro_sql': '{%- macro default__get_create_backup_sql(relation) -%}\n\n    -- get the standard backup name\n    {% set backup_relation = make_backup_relation(relation, relation.type) %}\n\n    -- drop any pre-existing backup\n    {{ get_drop_sql(backup_relation) }};\n\n    {{ get_rename_sql(relation, backup_relation.identifier) }}\n\n{%- endmacro -%}', 'depends_on': {'macros': ['macro.dbt.make_backup_relation', 'macro.dbt.get_drop_sql', 'macro.dbt.get_rename_sql']}, 'description': '', 'meta': {}, 'docs': {'show': True, 'node_color': None}, 'config': {'meta': {}, 'docs': {'show': True, 'node_color': None}}, 'patch_path': None, 'arguments': [], 'created_at': 1780338387.9539912, 'supported_languages': None}, 'macro.dbt.get_rename_intermediate_sql': {'name': 'get_rename_intermediate_sql', 'resource_type': 'macro', 'package_name': 'dbt', 'path': 'macros/relations/rename_intermediate.sql', 'original_file_path': 'macros/relations/rename_intermediate.sql', 'unique_id': 'macro.dbt.get_rename_intermediate_sql', 'macro_sql': "{%- macro get_rename_intermediate_sql(relation) -%}\n    {{- log('Applying RENAME INTERMEDIATE to: ' ~ relation) -}}\n    {{- adapter.dispatch('get_rename_intermediate_sql', 'dbt')(relation) -}}\n{%- endmacro -%}\n\n\n", 'depends_on': {'macros': ['macro.dbt.default__get_rename_intermediate_sql']}, 'description': '', 'meta': {}, 'docs': {'show': True, 'node_color': None}, 'config': {'meta': {}, 'docs': {'show': True, 'node_color': None}}, 'patch_path': None, 'arguments': [], 'created_at': 1780338387.9542565, 'supported_languages': None}, 'macro.dbt.default__get_rename_intermediate_sql': {'name': 'default__get_rename_intermediate_sql', 'resource_type': 'macro', 'package_name': 'dbt', 'path': 'macros/relations/rename_intermediate.sql', 'original_file_path': 'macros/relations/rename_intermediate.sql', 'unique_id': 'macro.dbt.default__get_rename_intermediate_sql', 'macro_sql': '{%- macro default__get_rename_intermediate_sql(relation) -%}\n\n    -- get the standard intermediate name\n    {% set intermediate_relation = make_intermediate_relation(relation) %}\n\n    {{ get_rename_sql(intermediate_relation, relation.identifier) }}\n\n{%- endmacro -%}', 'depends_on': {'macros': ['macro.dbt.make_intermediate_relation', 'macro.dbt.get_rename_sql']}, 'description': '', 'meta': {}, 'docs': {'show': True, 'node_color': None}, 'config': {'meta': {}, 'docs': {'show': True, 'node_color': None}}, 'patch_path': None, 'arguments': [], 'created_at': 1780338387.9544346, 'supported_languages': None}, 'macro.dbt.get_replace_table_sql': {'name': 'get_replace_table_sql', 'resource_type': 'macro', 'package_name': 'dbt', 'path': 'macros/relations/table/replace.sql', 'original_file_path': 'macros/relations/table/replace.sql', 'unique_id': 'macro.dbt.get_replace_table_sql', 'macro_sql': "{% macro get_replace_table_sql(relation, sql) %}\n    {{- adapter.dispatch('get_replace_table_sql', 'dbt')(relation, sql) -}}\n{% endmacro %}", 'depends_on': {'macros': ['macro.dbt_postgres.postgres__get_replace_table_sql']}, 'description': '', 'meta': {}, 'docs': {'show': True, 'node_color': None}, 'config': {'meta': {}, 'docs': {'show': True, 'node_color': None}}, 'patch_path': None, 'arguments': [], 'created_at': 1780338387.9546556, 'supported_languages': None}, 'macro.dbt.default__get_replace_table_sql': {'name': 'default__get_replace_table_sql', 'resource_type': 'macro', 'package_name': 'dbt', 'path': 'macros/relations/table/replace.sql', 'original_file_path': 'macros/relations/table/replace.sql', 'unique_id': 'macro.dbt.default__get_replace_table_sql', 'macro_sql': '{% macro default__get_replace_table_sql(relation, sql) %}\n    {{ exceptions.raise_compiler_error(\n        "`get_replace_table_sql` has not been implemented for this adapter."\n    ) }}\n{% endmacro %}', 'depends_on': {'macros': []}, 'description': '', 'meta': {}, 'docs': {'show': True, 'node_color': None}, 'config': {'meta': {}, 'docs': {'show': True, 'node_color': None}}, 'patch_path': None, 'arguments': [], 'created_at': 1780338387.954895, 'supported_languages': None}, 'macro.dbt.get_create_table_as_sql': {'name': 'get_create_table_as_sql', 'resource_type': 'macro', 'package_name': 'dbt', 'path': 'macros/relations/table/create.sql', 'original_file_path': 'macros/relations/table/create.sql', 'unique_id': 'macro.dbt.get_create_table_as_sql', 'macro_sql': "{% macro get_create_table_as_sql(temporary, relation, sql) -%}\n  {{ adapter.dispatch('get_create_table_as_sql', 'dbt')(temporary, relation, sql) }}\n{%- endmacro %}", 'depends_on': {'macros': ['macro.dbt.default__get_create_table_as_sql']}, 'description': '', 'meta': {}, 'docs': {'show': True, 'node_color': None}, 'config': {'meta': {}, 'docs': {'show': True, 'node_color': None}}, 'patch_path': None, 'arguments': [], 'created_at': 1780338387.9554768, 'supported_languages': None}, 'macro.dbt.default__get_create_table_as_sql': {'name': 'default__get_create_table_as_sql', 'resource_type': 'macro', 'package_name': 'dbt', 'path': 'macros/relations/table/create.sql', 'original_file_path': 'macros/relations/table/create.sql', 'unique_id': 'macro.dbt.default__get_create_table_as_sql', 'macro_sql': '{% macro default__get_create_table_as_sql(temporary, relation, sql) -%}\n  {{ return(create_table_as(temporary, relation, sql)) }}\n{% endmacro %}', 'depends_on': {'macros': ['macro.dbt.create_table_as']}, 'description': '', 'meta': {}, 'docs': {'show': True, 'node_color': None}, 'config': {'meta': {}, 'docs': {'show': True, 'node_color': None}}, 'patch_path': None, 'arguments': [], 'created_at': 1780338387.955683, 'supported_languages': None}, 'macro.dbt.create_table_as': {'name': 'create_table_as', 'resource_type': 'macro', 'package_name': 'dbt', 'path': 'macros/relations/table/create.sql', 'original_file_path': 'macros/relations/table/create.sql', 'unique_id': 'macro.dbt.create_table_as', 'macro_sql': '{% macro create_table_as(temporary, relation, compiled_code, language=\'sql\') -%}\n  {# backward compatibility for create_table_as that does not support language #}\n  {% if language == "sql" %}\n    {{ adapter.dispatch(\'create_table_as\', \'dbt\')(temporary, relation, compiled_code)}}\n  {% else %}\n    {{ adapter.dispatch(\'create_table_as\', \'dbt\')(temporary, relation, compiled_code, language) }}\n  {% endif %}\n\n{%- endmacro %}', 'depends_on': {'macros': ['macro.dbt_postgres.postgres__create_table_as']}, 'description': '', 'meta': {}, 'docs': {'show': True, 'node_color': None}, 'config': {'meta': {}, 'docs': {'show': True, 'node_color': None}}, 'patch_path': None, 'arguments': [], 'created_at': 1780338387.956059, 'supported_languages': None}, 'macro.dbt.default__create_table_as': {'name': 'default__create_table_as', 'resource_type': 'macro', 'package_name': 'dbt', 'path': 'macros/relations/table/create.sql', 'original_file_path': 'macros/relations/table/create.sql', 'unique_id': 'macro.dbt.default__create_table_as', 'macro_sql': "{% macro default__create_table_as(temporary, relation, sql) -%}\n  {%- set sql_header = config.get('sql_header', none) -%}\n\n  {{ sql_header if sql_header is not none }}\n\n  create {% if temporary: -%}temporary{%- endif %} table\n    {{ relation.include(database=(not temporary), schema=(not temporary)) }}\n  {% set contract_config = config.get('contract') %}\n  {% if contract_config.enforced and (not temporary) %}\n    {{ get_assert_columns_equivalent(sql) }}\n    {{ get_table_columns_and_constraints() }}\n    {%- set sql = get_select_subquery(sql) %}\n  {% endif %}\n  as (\n    {{ sql }}\n  );\n{%- endmacro %}", 'depends_on': {'macros': ['macro.dbt.get_assert_columns_equivalent', 'macro.dbt.get_table_columns_and_constraints', 'macro.dbt.get_select_subquery']}, 'description': '', 'meta': {}, 'docs': {'show': True, 'node_color': None}, 'config': {'meta': {}, 'docs': {'show': True, 'node_color': None}}, 'patch_path': None, 'arguments': [], 'created_at': 1780338387.95665, 'supported_languages': None}, 'macro.dbt.default__get_column_names': {'name': 'default__get_column_names', 'resource_type': 'macro', 'package_name': 'dbt', 'path': 'macros/relations/table/create.sql', 'original_file_path': 'macros/relations/table/create.sql', 'unique_id': 'macro.dbt.default__get_column_names', 'macro_sql': '{% macro default__get_column_names() %}\n  {#- loop through user_provided_columns to get column names -#}\n    {%- set user_provided_columns = model[\'columns\'] -%}\n    {%- for i in user_provided_columns %}\n      {%- set col = user_provided_columns[i] -%}\n      {%- set col_name = adapter.quote(col[\'name\']) if col.get(\'quote\') else col[\'name\'] -%}\n      {{ col_name }}{{ ", " if not loop.last }}\n    {%- endfor -%}\n{% endmacro %}', 'depends_on': {'macros': []}, 'description': '', 'meta': {}, 'docs': {'show': True, 'node_color': None}, 'config': {'meta': {}, 'docs': {'show': True, 'node_color': None}}, 'patch_path': None, 'arguments': [], 'created_at': 1780338387.9571183, 'supported_languages': None}, 'macro.dbt.get_select_subquery': {'name': 'get_select_subquery', 'resource_type': 'macro', 'package_name': 'dbt', 'path': 'macros/relations/table/create.sql', 'original_file_path': 'macros/relations/table/create.sql', 'unique_id': 'macro.dbt.get_select_subquery', 'macro_sql': "{% macro get_select_subquery(sql) %}\n  {{ return(adapter.dispatch('get_select_subquery', 'dbt')(sql)) }}\n{% endmacro %}", 'depends_on': {'macros': ['macro.dbt.default__get_select_subquery']}, 'description': '', 'meta': {}, 'docs': {'show': True, 'node_color': None}, 'config': {'meta': {}, 'docs': {'show': True, 'node_color': None}}, 'patch_path': None, 'arguments': [], 'created_at': 1780338387.9574358, 'supported_languages': None}, 'macro.dbt.default__get_select_subquery': {'name': 'default__get_select_subquery', 'resource_type': 'macro', 'package_name': 'dbt', 'path': 'macros/relations/table/create.sql', 'original_file_path': 'macros/relations/table/create.sql', 'unique_id': 'macro.dbt.default__get_select_subquery', 'macro_sql': "{% macro default__get_select_subquery(sql) %}\n    select {{ adapter.dispatch('get_column_names', 'dbt')() }}\n    from (\n        {{ sql }}\n    ) as model_subq\n{%- endmacro %}", 'depends_on': {'macros': ['macro.dbt.default__get_column_names']}, 'description': '', 'meta': {}, 'docs': {'show': True, 'node_color': None}, 'config': {'meta': {}, 'docs': {'show': True, 'node_color': None}}, 'patch_path': None, 'arguments': [], 'created_at': 1780338387.9577012, 'supported_languages': None}, 'macro.dbt.get_rename_table_sql': {'name': 'get_rename_table_sql', 'resource_type': 'macro', 'package_name': 'dbt', 'path': 'macros/relations/table/rename.sql', 'original_file_path': 'macros/relations/table/rename.sql', 'unique_id': 'macro.dbt.get_rename_table_sql', 'macro_sql': "{% macro get_rename_table_sql(relation, new_name) %}\n    {{- adapter.dispatch('get_rename_table_sql', 'dbt')(relation, new_name) -}}\n{% endmacro %}", 'depends_on': {'macros': ['macro.dbt_postgres.postgres__get_rename_table_sql']}, 'description': '', 'meta': {}, 'docs': {'show': True, 'node_color': None}, 'config': {'meta': {}, 'docs': {'show': True, 'node_color': None}}, 'patch_path': None, 'arguments': [], 'created_at': 1780338387.9580638, 'supported_languages': None}, 'macro.dbt.default__get_rename_table_sql': {'name': 'default__get_rename_table_sql', 'resource_type': 'macro', 'package_name': 'dbt', 'path': 'macros/relations/table/rename.sql', 'original_file_path': 'macros/relations/table/rename.sql', 'unique_id': 'macro.dbt.default__get_rename_table_sql', 'macro_sql': '{% macro default__get_rename_table_sql(relation, new_name) %}\n    {{ exceptions.raise_compiler_error(\n        "`get_rename_table_sql` has not been implemented for this adapter."\n    ) }}\n{% endmacro %}', 'depends_on': {'macros': []}, 'description': '', 'meta': {}, 'docs': {'show': True, 'node_color': None}, 'config': {'meta': {}, 'docs': {'show': True, 'node_color': None}}, 'patch_path': None, 'arguments': [], 'created_at': 1780338387.9582374, 'supported_languages': None}, 'macro.dbt.drop_table': {'name': 'drop_table', 'resource_type': 'macro', 'package_name': 'dbt', 'path': 'macros/relations/table/drop.sql', 'original_file_path': 'macros/relations/table/drop.sql', 'unique_id': 'macro.dbt.drop_table', 'macro_sql': "{% macro drop_table(relation) -%}\n    {{- adapter.dispatch('drop_table', 'dbt')(relation) -}}\n{%- endmacro %}", 'depends_on': {'macros': ['macro.dbt_postgres.postgres__drop_table']}, 'description': '', 'meta': {}, 'docs': {'show': True, 'node_color': None}, 'config': {'meta': {}, 'docs': {'show': True, 'node_color': None}}, 'patch_path': None, 'arguments': [], 'created_at': 1780338387.9585264, 'supported_languages': None}, 'macro.dbt.default__drop_table': {'name': 'default__drop_table', 'resource_type': 'macro', 'package_name': 'dbt', 'path': 'macros/relations/table/drop.sql', 'original_file_path': 'macros/relations/table/drop.sql', 'unique_id': 'macro.dbt.default__drop_table', 'macro_sql': '{% macro default__drop_table(relation) -%}\n    drop table if exists {{ relation.render() }} cascade\n{%- endmacro %}', 'depends_on': {'macros': []}, 'description': '', 'meta': {}, 'docs': {'show': True, 'node_color': None}, 'config': {'meta': {}, 'docs': {'show': True, 'node_color': None}}, 'patch_path': None, 'arguments': [], 'created_at': 1780338387.9586751, 'supported_languages': None}, 'macro.dbt.refresh_materialized_view': {'name': 'refresh_materialized_view', 'resource_type': 'macro', 'package_name': 'dbt', 'path': 'macros/relations/materialized_view/refresh.sql', 'original_file_path': 'macros/relations/materialized_view/refresh.sql', 'unique_id': 'macro.dbt.refresh_materialized_view', 'macro_sql': "{% macro refresh_materialized_view(relation) %}\n    {{- log('Applying REFRESH to: ' ~ relation) -}}\n    {{- adapter.dispatch('refresh_materialized_view', 'dbt')(relation) -}}\n{% endmacro %}", 'depends_on': {'macros': ['macro.dbt_postgres.postgres__refresh_materialized_view']}, 'description': '', 'meta': {}, 'docs': {'show': True, 'node_color': None}, 'config': {'meta': {}, 'docs': {'show': True, 'node_color': None}}, 'patch_path': None, 'arguments': [], 'created_at': 1780338387.9590306, 'supported_languages': None}, 'macro.dbt.default__refresh_materialized_view': {'name': 'default__refresh_materialized_view', 'resource_type': 'macro', 'package_name': 'dbt', 'path': 'macros/relations/materialized_view/refresh.sql', 'original_file_path': 'macros/relations/materialized_view/refresh.sql', 'unique_id': 'macro.dbt.default__refresh_materialized_view', 'macro_sql': '{% macro default__refresh_materialized_view(relation) %}\n    {{ exceptions.raise_compiler_error("`refresh_materialized_view` has not been implemented for this adapter.") }}\n{% endmacro %}', 'depends_on': {'macros': []}, 'description': '', 'meta': {}, 'docs': {'show': True, 'node_color': None}, 'config': {'meta': {}, 'docs': {'show': True, 'node_color': None}}, 'patch_path': None, 'arguments': [], 'created_at': 1780338387.9592407, 'supported_languages': None}, 'macro.dbt.get_replace_materialized_view_sql': {'name': 'get_replace_materialized_view_sql', 'resource_type': 'macro', 'package_name': 'dbt', 'path': 'macros/relations/materialized_view/replace.sql', 'original_file_path': 'macros/relations/materialized_view/replace.sql', 'unique_id': 'macro.dbt.get_replace_materialized_view_sql', 'macro_sql': "{% macro get_replace_materialized_view_sql(relation, sql) %}\n    {{- adapter.dispatch('get_replace_materialized_view_sql', 'dbt')(relation, sql) -}}\n{% endmacro %}", 'depends_on': {'macros': ['macro.dbt.default__get_replace_materialized_view_sql']}, 'description': '', 'meta': {}, 'docs': {'show': True, 'node_color': None}, 'config': {'meta': {}, 'docs': {'show': True, 'node_color': None}}, 'patch_path': None, 'arguments': [], 'created_at': 1780338387.959573, 'supported_languages': None}, 'macro.dbt.default__get_replace_materialized_view_sql': {'name': 'default__get_replace_materialized_view_sql', 'resource_type': 'macro', 'package_name': 'dbt', 'path': 'macros/relations/materialized_view/replace.sql', 'original_file_path': 'macros/relations/materialized_view/replace.sql', 'unique_id': 'macro.dbt.default__get_replace_materialized_view_sql', 'macro_sql': '{% macro default__get_replace_materialized_view_sql(relation, sql) %}\n    {{ exceptions.raise_compiler_error(\n        "`get_replace_materialized_view_sql` has not been implemented for this adapter."\n    ) }}\n{% endmacro %}', 'depends_on': {'macros': []}, 'description': '', 'meta': {}, 'docs': {'show': True, 'node_color': None}, 'config': {'meta': {}, 'docs': {'show': True, 'node_color': None}}, 'patch_path': None, 'arguments': [], 'created_at': 1780338387.9597514, 'supported_languages': None}, 'macro.dbt.get_create_materialized_view_as_sql': {'name': 'get_create_materialized_view_as_sql', 'resource_type': 'macro', 'package_name': 'dbt', 'path': 'macros/relations/materialized_view/create.sql', 'original_file_path': 'macros/relations/materialized_view/create.sql', 'unique_id': 'macro.dbt.get_create_materialized_view_as_sql', 'macro_sql': "{% macro get_create_materialized_view_as_sql(relation, sql) -%}\n    {{- adapter.dispatch('get_create_materialized_view_as_sql', 'dbt')(relation, sql) -}}\n{%- endmacro %}", 'depends_on': {'macros': ['macro.dbt_postgres.postgres__get_create_materialized_view_as_sql']}, 'description': '', 'meta': {}, 'docs': {'show': True, 'node_color': None}, 'config': {'meta': {}, 'docs': {'show': True, 'node_color': None}}, 'patch_path': None, 'arguments': [], 'created_at': 1780338387.9600809, 'supported_languages': None}, 'macro.dbt.default__get_create_materialized_view_as_sql': {'name': 'default__get_create_materialized_view_as_sql', 'resource_type': 'macro', 'package_name': 'dbt', 'path': 'macros/relations/materialized_view/create.sql', 'original_file_path': 'macros/relations/materialized_view/create.sql', 'unique_id': 'macro.dbt.default__get_create_materialized_view_as_sql', 'macro_sql': '{% macro default__get_create_materialized_view_as_sql(relation, sql) -%}\n    {{ exceptions.raise_compiler_error(\n        "`get_create_materialized_view_as_sql` has not been implemented for this adapter."\n    ) }}\n{% endmacro %}', 'depends_on': {'macros': []}, 'description': '', 'meta': {}, 'docs': {'show': True, 'node_color': None}, 'config': {'meta': {}, 'docs': {'show': True, 'node_color': None}}, 'patch_path': None, 'arguments': [], 'created_at': 1780338387.9602544, 'supported_languages': None}, 'macro.dbt.get_alter_materialized_view_as_sql': {'name': 'get_alter_materialized_view_as_sql', 'resource_type': 'macro', 'package_name': 'dbt', 'path': 'macros/relations/materialized_view/alter.sql', 'original_file_path': 'macros/relations/materialized_view/alter.sql', 'unique_id': 'macro.dbt.get_alter_materialized_view_as_sql', 'macro_sql': "{% macro get_alter_materialized_view_as_sql(\n    relation,\n    configuration_changes,\n    sql,\n    existing_relation,\n    backup_relation,\n    intermediate_relation\n) %}\n    {{- log('Applying ALTER to: ' ~ relation) -}}\n    {{- adapter.dispatch('get_alter_materialized_view_as_sql', 'dbt')(\n        relation,\n        configuration_changes,\n        sql,\n        existing_relation,\n        backup_relation,\n        intermediate_relation\n    ) -}}\n{% endmacro %}", 'depends_on': {'macros': ['macro.dbt_postgres.postgres__get_alter_materialized_view_as_sql']}, 'description': '', 'meta': {}, 'docs': {'show': True, 'node_color': None}, 'config': {'meta': {}, 'docs': {'show': True, 'node_color': None}}, 'patch_path': None, 'arguments': [], 'created_at': 1780338387.9609866, 'supported_languages': None}, 'macro.dbt.default__get_alter_materialized_view_as_sql': {'name': 'default__get_alter_materialized_view_as_sql', 'resource_type': 'macro', 'package_name': 'dbt', 'path': 'macros/relations/materialized_view/alter.sql', 'original_file_path': 'macros/relations/materialized_view/alter.sql', 'unique_id': 'macro.dbt.default__get_alter_materialized_view_as_sql', 'macro_sql': '{% macro default__get_alter_materialized_view_as_sql(\n    relation,\n    configuration_changes,\n    sql,\n    existing_relation,\n    backup_relation,\n    intermediate_relation\n) %}\n    {{ exceptions.raise_compiler_error("Materialized views have not been implemented for this adapter.") }}\n{% endmacro %}', 'depends_on': {'macros': []}, 'description': '', 'meta': {}, 'docs': {'show': True, 'node_color': None}, 'config': {'meta': {}, 'docs': {'show': True, 'node_color': None}}, 'patch_path': None, 'arguments': [], 'created_at': 1780338387.9612932, 'supported_languages': None}, 'macro.dbt.get_materialized_view_configuration_changes': {'name': 'get_materialized_view_configuration_changes', 'resource_type': 'macro', 'package_name': 'dbt', 'path': 'macros/relations/materialized_view/alter.sql', 'original_file_path': 'macros/relations/materialized_view/alter.sql', 'unique_id': 'macro.dbt.get_materialized_view_configuration_changes', 'macro_sql': '{% macro get_materialized_view_configuration_changes(existing_relation, new_config) %}\n    /* {#\n    It\'s recommended that configuration changes be formatted as follows:\n    {"<change_category>": [{"action": "<name>", "context": ...}]}\n\n    For example:\n    {\n        "indexes": [\n            {"action": "drop", "context": "index_abc"},\n            {"action": "create", "context": {"columns": ["column_1", "column_2"], "type": "hash", "unique": True}},\n        ],\n    }\n\n    Either way, `get_materialized_view_configuration_changes` needs to align with `get_alter_materialized_view_as_sql`.\n    #} */\n    {{- log(\'Determining configuration changes on: \' ~ existing_relation) -}}\n    {%- do return(adapter.dispatch(\'get_materialized_view_configuration_changes\', \'dbt\')(existing_relation, new_config)) -%}\n{% endmacro %}', 'depends_on': {'macros': ['macro.dbt_postgres.postgres__get_materialized_view_configuration_changes']}, 'description': '', 'meta': {}, 'docs': {'show': True, 'node_color': None}, 'config': {'meta': {}, 'docs': {'show': True, 'node_color': None}}, 'patch_path': None, 'arguments': [], 'created_at': 1780338387.961704, 'supported_languages': None}, 'macro.dbt.default__get_materialized_view_configuration_changes': {'name': 'default__get_materialized_view_configuration_changes', 'resource_type': 'macro', 'package_name': 'dbt', 'path': 'macros/relations/materialized_view/alter.sql', 'original_file_path': 'macros/relations/materialized_view/alter.sql', 'unique_id': 'macro.dbt.default__get_materialized_view_configuration_changes', 'macro_sql': '{% macro default__get_materialized_view_configuration_changes(existing_relation, new_config) %}\n    {{ exceptions.raise_compiler_error("Materialized views have not been implemented for this adapter.") }}\n{% endmacro %}', 'depends_on': {'macros': []}, 'description': '', 'meta': {}, 'docs': {'show': True, 'node_color': None}, 'config': {'meta': {}, 'docs': {'show': True, 'node_color': None}}, 'patch_path': None, 'arguments': [], 'created_at': 1780338387.961917, 'supported_languages': None}, 'macro.dbt.get_rename_materialized_view_sql': {'name': 'get_rename_materialized_view_sql', 'resource_type': 'macro', 'package_name': 'dbt', 'path': 'macros/relations/materialized_view/rename.sql', 'original_file_path': 'macros/relations/materialized_view/rename.sql', 'unique_id': 'macro.dbt.get_rename_materialized_view_sql', 'macro_sql': "{% macro get_rename_materialized_view_sql(relation, new_name) %}\n    {{- adapter.dispatch('get_rename_materialized_view_sql', 'dbt')(relation, new_name) -}}\n{% endmacro %}", 'depends_on': {'macros': ['macro.dbt_postgres.postgres__get_rename_materialized_view_sql']}, 'description': '', 'meta': {}, 'docs': {'show': True, 'node_color': None}, 'config': {'meta': {}, 'docs': {'show': True, 'node_color': None}}, 'patch_path': None, 'arguments': [], 'created_at': 1780338387.962305, 'supported_languages': None}, 'macro.dbt.default__get_rename_materialized_view_sql': {'name': 'default__get_rename_materialized_view_sql', 'resource_type': 'macro', 'package_name': 'dbt', 'path': 'macros/relations/materialized_view/rename.sql', 'original_file_path': 'macros/relations/materialized_view/rename.sql', 'unique_id': 'macro.dbt.default__get_rename_materialized_view_sql', 'macro_sql': '{% macro default__get_rename_materialized_view_sql(relation, new_name) %}\n    {{ exceptions.raise_compiler_error(\n        "`get_rename_materialized_view_sql` has not been implemented for this adapter."\n    ) }}\n{% endmacro %}', 'depends_on': {'macros': []}, 'description': '', 'meta': {}, 'docs': {'show': True, 'node_color': None}, 'config': {'meta': {}, 'docs': {'show': True, 'node_color': None}}, 'patch_path': None, 'arguments': [], 'created_at': 1780338387.9626, 'supported_languages': None}, 'macro.dbt.drop_materialized_view': {'name': 'drop_materialized_view', 'resource_type': 'macro', 'package_name': 'dbt', 'path': 'macros/relations/materialized_view/drop.sql', 'original_file_path': 'macros/relations/materialized_view/drop.sql', 'unique_id': 'macro.dbt.drop_materialized_view', 'macro_sql': "{% macro drop_materialized_view(relation) -%}\n    {{- adapter.dispatch('drop_materialized_view', 'dbt')(relation) -}}\n{%- endmacro %}", 'depends_on': {'macros': ['macro.dbt_postgres.postgres__drop_materialized_view']}, 'description': '', 'meta': {}, 'docs': {'show': True, 'node_color': None}, 'config': {'meta': {}, 'docs': {'show': True, 'node_color': None}}, 'patch_path': None, 'arguments': [], 'created_at': 1780338387.9629154, 'supported_languages': None}, 'macro.dbt.default__drop_materialized_view': {'name': 'default__drop_materialized_view', 'resource_type': 'macro', 'package_name': 'dbt', 'path': 'macros/relations/materialized_view/drop.sql', 'original_file_path': 'macros/relations/materialized_view/drop.sql', 'unique_id': 'macro.dbt.default__drop_materialized_view', 'macro_sql': '{% macro default__drop_materialized_view(relation) -%}\n    drop materialized view if exists {{ relation.render() }} cascade\n{%- endmacro %}', 'depends_on': {'macros': []}, 'description': '', 'meta': {}, 'docs': {'show': True, 'node_color': None}, 'config': {'meta': {}, 'docs': {'show': True, 'node_color': None}}, 'patch_path': None, 'arguments': [], 'created_at': 1780338387.9631085, 'supported_languages': None}, 'macro.dbt.get_table_columns_and_constraints': {'name': 'get_table_columns_and_constraints', 'resource_type': 'macro', 'package_name': 'dbt', 'path': 'macros/relations/column/columns_spec_ddl.sql', 'original_file_path': 'macros/relations/column/columns_spec_ddl.sql', 'unique_id': 'macro.dbt.get_table_columns_and_constraints', 'macro_sql': "{%- macro get_table_columns_and_constraints() -%}\n  {{ adapter.dispatch('get_table_columns_and_constraints', 'dbt')() }}\n{%- endmacro -%}\n\n", 'depends_on': {'macros': ['macro.dbt.default__get_table_columns_and_constraints']}, 'description': '', 'meta': {}, 'docs': {'show': True, 'node_color': None}, 'config': {'meta': {}, 'docs': {'show': True, 'node_color': None}}, 'patch_path': None, 'arguments': [], 'created_at': 1780338387.9640727, 'supported_languages': None}, 'macro.dbt.default__get_table_columns_and_constraints': {'name': 'default__get_table_columns_and_constraints', 'resource_type': 'macro', 'package_name': 'dbt', 'path': 'macros/relations/column/columns_spec_ddl.sql', 'original_file_path': 'macros/relations/column/columns_spec_ddl.sql', 'unique_id': 'macro.dbt.default__get_table_columns_and_constraints', 'macro_sql': '{% macro default__get_table_columns_and_constraints() -%}\n  {{ return(table_columns_and_constraints()) }}\n{%- endmacro %}', 'depends_on': {'macros': ['macro.dbt.table_columns_and_constraints']}, 'description': '', 'meta': {}, 'docs': {'show': True, 'node_color': None}, 'config': {'meta': {}, 'docs': {'show': True, 'node_color': None}}, 'patch_path': None, 'arguments': [], 'created_at': 1780338387.9642267, 'supported_languages': None}, 'macro.dbt.table_columns_and_constraints': {'name': 'table_columns_and_constraints', 'resource_type': 'macro', 'package_name': 'dbt', 'path': 'macros/relations/column/columns_spec_ddl.sql', 'original_file_path': 'macros/relations/column/columns_spec_ddl.sql', 'unique_id': 'macro.dbt.table_columns_and_constraints', 'macro_sql': '{% macro table_columns_and_constraints() %}\n  {# loop through user_provided_columns to create DDL with data types and constraints #}\n    {%- set raw_column_constraints = adapter.render_raw_columns_constraints(raw_columns=model[\'columns\']) -%}\n    {%- set raw_model_constraints = adapter.render_raw_model_constraints(raw_constraints=model[\'constraints\']) -%}\n    (\n    {% for c in raw_column_constraints -%}\n      {{ c }}{{ "," if not loop.last or raw_model_constraints }}\n    {% endfor %}\n    {% for c in raw_model_constraints -%}\n        {{ c }}{{ "," if not loop.last }}\n    {% endfor -%}\n    )\n{% endmacro %}', 'depends_on': {'macros': []}, 'description': '', 'meta': {}, 'docs': {'show': True, 'node_color': None}, 'config': {'meta': {}, 'docs': {'show': True, 'node_color': None}}, 'patch_path': None, 'arguments': [], 'created_at': 1780338387.9649541, 'supported_languages': None}, 'macro.dbt.get_assert_columns_equivalent': {'name': 'get_assert_columns_equivalent', 'resource_type': 'macro', 'package_name': 'dbt', 'path': 'macros/relations/column/columns_spec_ddl.sql', 'original_file_path': 'macros/relations/column/columns_spec_ddl.sql', 'unique_id': 'macro.dbt.get_assert_columns_equivalent', 'macro_sql': "\n\n{%- macro get_assert_columns_equivalent(sql) -%}\n  {{ adapter.dispatch('get_assert_columns_equivalent', 'dbt')(sql) }}\n{%- endmacro -%}\n\n", 'depends_on': {'macros': ['macro.dbt.default__get_assert_columns_equivalent']}, 'description': '', 'meta': {}, 'docs': {'show': True, 'node_color': None}, 'config': {'meta': {}, 'docs': {'show': True, 'node_color': None}}, 'patch_path': None, 'arguments': [], 'created_at': 1780338387.9652286, 'supported_languages': None}, 'macro.dbt.default__get_assert_columns_equivalent': {'name': 'default__get_assert_columns_equivalent', 'resource_type': 'macro', 'package_name': 'dbt', 'path': 'macros/relations/column/columns_spec_ddl.sql', 'original_file_path': 'macros/relations/column/columns_spec_ddl.sql', 'unique_id': 'macro.dbt.default__get_assert_columns_equivalent', 'macro_sql': '{% macro default__get_assert_columns_equivalent(sql) -%}\n  {{ return(assert_columns_equivalent(sql)) }}\n{%- endmacro %}', 'depends_on': {'macros': ['macro.dbt.assert_columns_equivalent']}, 'description': '', 'meta': {}, 'docs': {'show': True, 'node_color': None}, 'config': {'meta': {}, 'docs': {'show': True, 'node_color': None}}, 'patch_path': None, 'arguments': [], 'created_at': 1780338387.9654129, 'supported_languages': None}, 'macro.dbt.assert_columns_equivalent': {'name': 'assert_columns_equivalent', 'resource_type': 'macro', 'package_name': 'dbt', 'path': 'macros/relations/column/columns_spec_ddl.sql', 'original_file_path': 'macros/relations/column/columns_spec_ddl.sql', 'unique_id': 'macro.dbt.assert_columns_equivalent', 'macro_sql': "{% macro assert_columns_equivalent(sql) %}\n\n  {#-- First ensure the user has defined 'columns' in yaml specification --#}\n  {%- set user_defined_columns = model['columns'] -%}\n  {%- if not user_defined_columns -%}\n      {{ exceptions.raise_contract_error([], []) }}\n  {%- endif -%}\n\n  {#-- Obtain the column schema provided by sql file. #}\n  {%- set sql_file_provided_columns = get_column_schema_from_query(sql, config.get('sql_header', none)) -%}\n  {#--Obtain the column schema provided by the schema file by generating an 'empty schema' query from the model's columns. #}\n  {%- set schema_file_provided_columns = get_column_schema_from_query(get_empty_schema_sql(user_defined_columns)) -%}\n\n  {#-- create dictionaries with name and formatted data type and strings for exception #}\n  {%- set sql_columns = format_columns(sql_file_provided_columns) -%}\n  {%- set yaml_columns = format_columns(schema_file_provided_columns)  -%}\n\n  {%- if sql_columns|length != yaml_columns|length -%}\n    {%- do exceptions.raise_contract_error(yaml_columns, sql_columns) -%}\n  {%- endif -%}\n\n  {%- for sql_col in sql_columns -%}\n    {%- set yaml_col = [] -%}\n    {%- for this_col in yaml_columns -%}\n      {%- if this_col['name'] == sql_col['name'] -%}\n        {%- do yaml_col.append(this_col) -%}\n        {%- break -%}\n      {%- endif -%}\n    {%- endfor -%}\n    {%- if not yaml_col -%}\n      {#-- Column with name not found in yaml #}\n      {%- do exceptions.raise_contract_error(yaml_columns, sql_columns) -%}\n    {%- endif -%}\n    {%- if sql_col['formatted'] != yaml_col[0]['formatted'] -%}\n      {#-- Column data types don't match #}\n      {%- do exceptions.raise_contract_error(yaml_columns, sql_columns) -%}\n    {%- endif -%}\n  {%- endfor -%}\n\n{% endmacro %}", 'depends_on': {'macros': ['macro.dbt.get_column_schema_from_query', 'macro.dbt.get_empty_schema_sql', 'macro.dbt.format_columns']}, 'description': '', 'meta': {}, 'docs': {'show': True, 'node_color': None}, 'config': {'meta': {}, 'docs': {'show': True, 'node_color': None}}, 'patch_path': None, 'arguments': [], 'created_at': 1780338387.967097, 'supported_languages': None}, 'macro.dbt.format_columns': {'name': 'format_columns', 'resource_type': 'macro', 'package_name': 'dbt', 'path': 'macros/relations/column/columns_spec_ddl.sql', 'original_file_path': 'macros/relations/column/columns_spec_ddl.sql', 'unique_id': 'macro.dbt.format_columns', 'macro_sql': "{% macro format_columns(columns) %}\n  {% set formatted_columns = [] %}\n  {% for column in columns %}\n    {%- set formatted_column = adapter.dispatch('format_column', 'dbt')(column) -%}\n    {%- do formatted_columns.append(formatted_column) -%}\n  {% endfor %}\n  {{ return(formatted_columns) }}\n{% endmacro %}", 'depends_on': {'macros': ['macro.dbt.default__format_column']}, 'description': '', 'meta': {}, 'docs': {'show': True, 'node_color': None}, 'config': {'meta': {}, 'docs': {'show': True, 'node_color': None}}, 'patch_path': None, 'arguments': [], 'created_at': 1780338387.967683, 'supported_languages': None}, 'macro.dbt.default__format_column': {'name': 'default__format_column', 'resource_type': 'macro', 'package_name': 'dbt', 'path': 'macros/relations/column/columns_spec_ddl.sql', 'original_file_path': 'macros/relations/column/columns_spec_ddl.sql', 'unique_id': 'macro.dbt.default__format_column', 'macro_sql': '{% macro default__format_column(column) -%}\n  {% set data_type = column.dtype %}\n  {% set formatted = column.column.lower() ~ " " ~ data_type %}\n  {{ return({\'name\': column.name, \'data_type\': data_type, \'formatted\': formatted}) }}\n{%- endmacro -%}', 'depends_on': {'macros': []}, 'description': '', 'meta': {}, 'docs': {'show': True, 'node_color': None}, 'config': {'meta': {}, 'docs': {'show': True, 'node_color': None}}, 'patch_path': None, 'arguments': [], 'created_at': 1780338387.9681199, 'supported_languages': None}, 'macro.dbt.get_replace_view_sql': {'name': 'get_replace_view_sql', 'resource_type': 'macro', 'package_name': 'dbt', 'path': 'macros/relations/view/replace.sql', 'original_file_path': 'macros/relations/view/replace.sql', 'unique_id': 'macro.dbt.get_replace_view_sql', 'macro_sql': "{% macro get_replace_view_sql(relation, sql) %}\n    {{- adapter.dispatch('get_replace_view_sql', 'dbt')(relation, sql) -}}\n{% endmacro %}", 'depends_on': {'macros': ['macro.dbt_postgres.postgres__get_replace_view_sql']}, 'description': '', 'meta': {}, 'docs': {'show': True, 'node_color': None}, 'config': {'meta': {}, 'docs': {'show': True, 'node_color': None}}, 'patch_path': None, 'arguments': [], 'created_at': 1780338387.9688294, 'supported_languages': None}, 'macro.dbt.default__get_replace_view_sql': {'name': 'default__get_replace_view_sql', 'resource_type': 'macro', 'package_name': 'dbt', 'path': 'macros/relations/view/replace.sql', 'original_file_path': 'macros/relations/view/replace.sql', 'unique_id': 'macro.dbt.default__get_replace_view_sql', 'macro_sql': '{% macro default__get_replace_view_sql(relation, sql) %}\n    {{ exceptions.raise_compiler_error(\n        "`get_replace_view_sql` has not been implemented for this adapter."\n    ) }}\n{% endmacro %}', 'depends_on': {'macros': []}, 'description': '', 'meta': {}, 'docs': {'show': True, 'node_color': None}, 'config': {'meta': {}, 'docs': {'show': True, 'node_color': None}}, 'patch_path': None, 'arguments': [], 'created_at': 1780338387.9690716, 'supported_languages': None}, 'macro.dbt.create_or_replace_view': {'name': 'create_or_replace_view', 'resource_type': 'macro', 'package_name': 'dbt', 'path': 'macros/relations/view/replace.sql', 'original_file_path': 'macros/relations/view/replace.sql', 'unique_id': 'macro.dbt.create_or_replace_view', 'macro_sql': "{% macro create_or_replace_view() %}\n  {%- set identifier = model['alias'] -%}\n\n  {%- set old_relation = adapter.get_relation(database=database, schema=schema, identifier=identifier) -%}\n  {%- set exists_as_view = (old_relation is not none and old_relation.is_view) -%}\n\n  {%- set target_relation = api.Relation.create(\n      identifier=identifier, schema=schema, database=database,\n      type='view') -%}\n  {% set grant_config = config.get('grants') %}\n\n  {{ run_hooks(pre_hooks) }}\n\n  -- If there's a table with the same name and we weren't told to full refresh,\n  -- that's an error. If we were told to full refresh, drop it. This behavior differs\n  -- for Snowflake and BigQuery, so multiple dispatch is used.\n  {%- if old_relation is not none and old_relation.is_table -%}\n    {{ handle_existing_table(should_full_refresh(), old_relation) }}\n  {%- endif -%}\n\n  -- build model\n  {% call statement('main') -%}\n    {{ get_create_view_as_sql(target_relation, sql) }}\n  {%- endcall %}\n\n  {% set should_revoke = should_revoke(exists_as_view, full_refresh_mode=True) %}\n  {% do apply_grants(target_relation, grant_config, should_revoke=should_revoke) %}\n\n  {{ run_hooks(post_hooks) }}\n\n  {{ return({'relations': [target_relation]}) }}\n\n{% endmacro %}", 'depends_on': {'macros': ['macro.dbt.run_hooks', 'macro.dbt.handle_existing_table', 'macro.dbt.should_full_refresh', 'macro.dbt.statement', 'macro.dbt.get_create_view_as_sql', 'macro.dbt.should_revoke', 'macro.dbt.apply_grants']}, 'description': '', 'meta': {}, 'docs': {'show': True, 'node_color': None}, 'config': {'meta': {}, 'docs': {'show': True, 'node_color': None}}, 'patch_path': None, 'arguments': [], 'created_at': 1780338387.9704704, 'supported_languages': None}, 'macro.dbt.handle_existing_table': {'name': 'handle_existing_table', 'resource_type': 'macro', 'package_name': 'dbt', 'path': 'macros/relations/view/replace.sql', 'original_file_path': 'macros/relations/view/replace.sql', 'unique_id': 'macro.dbt.handle_existing_table', 'macro_sql': "{% macro handle_existing_table(full_refresh, old_relation) %}\n    {{ adapter.dispatch('handle_existing_table', 'dbt')(full_refresh, old_relation) }}\n{% endmacro %}", 'depends_on': {'macros': ['macro.dbt.default__handle_existing_table']}, 'description': '', 'meta': {}, 'docs': {'show': True, 'node_color': None}, 'config': {'meta': {}, 'docs': {'show': True, 'node_color': None}}, 'patch_path': None, 'arguments': [], 'created_at': 1780338387.9707794, 'supported_languages': None}, 'macro.dbt.default__handle_existing_table': {'name': 'default__handle_existing_table', 'resource_type': 'macro', 'package_name': 'dbt', 'path': 'macros/relations/view/replace.sql', 'original_file_path': 'macros/relations/view/replace.sql', 'unique_id': 'macro.dbt.default__handle_existing_table', 'macro_sql': '{% macro default__handle_existing_table(full_refresh, old_relation) %}\n    {{ log("Dropping relation " ~ old_relation.render() ~ " because it is of type " ~ old_relation.type) }}\n    {{ adapter.drop_relation(old_relation) }}\n{% endmacro %}', 'depends_on': {'macros': []}, 'description': '', 'meta': {}, 'docs': {'show': True, 'node_color': None}, 'config': {'meta': {}, 'docs': {'show': True, 'node_color': None}}, 'patch_path': None, 'arguments': [], 'created_at': 1780338387.9711118, 'supported_languages': None}, 'macro.dbt.get_create_view_as_sql': {'name': 'get_create_view_as_sql', 'resource_type': 'macro', 'package_name': 'dbt', 'path': 'macros/relations/view/create.sql', 'original_file_path': 'macros/relations/view/create.sql', 'unique_id': 'macro.dbt.get_create_view_as_sql', 'macro_sql': "{% macro get_create_view_as_sql(relation, sql) -%}\n  {{ adapter.dispatch('get_create_view_as_sql', 'dbt')(relation, sql) }}\n{%- endmacro %}", 'depends_on': {'macros': ['macro.dbt.default__get_create_view_as_sql']}, 'description': '', 'meta': {}, 'docs': {'show': True, 'node_color': None}, 'config': {'meta': {}, 'docs': {'show': True, 'node_color': None}}, 'patch_path': None, 'arguments': [], 'created_at': 1780338387.9716072, 'supported_languages': None}, 'macro.dbt.default__get_create_view_as_sql': {'name': 'default__get_create_view_as_sql', 'resource_type': 'macro', 'package_name': 'dbt', 'path': 'macros/relations/view/create.sql', 'original_file_path': 'macros/relations/view/create.sql', 'unique_id': 'macro.dbt.default__get_create_view_as_sql', 'macro_sql': '{% macro default__get_create_view_as_sql(relation, sql) -%}\n  {{ return(create_view_as(relation, sql)) }}\n{% endmacro %}', 'depends_on': {'macros': ['macro.dbt.create_view_as']}, 'description': '', 'meta': {}, 'docs': {'show': True, 'node_color': None}, 'config': {'meta': {}, 'docs': {'show': True, 'node_color': None}}, 'patch_path': None, 'arguments': [], 'created_at': 1780338387.9718187, 'supported_languages': None}, 'macro.dbt.create_view_as': {'name': 'create_view_as', 'resource_type': 'macro', 'package_name': 'dbt', 'path': 'macros/relations/view/create.sql', 'original_file_path': 'macros/relations/view/create.sql', 'unique_id': 'macro.dbt.create_view_as', 'macro_sql': "{% macro create_view_as(relation, sql) -%}\n  {{ adapter.dispatch('create_view_as', 'dbt')(relation, sql) }}\n{%- endmacro %}", 'depends_on': {'macros': ['macro.dbt.default__create_view_as']}, 'description': '', 'meta': {}, 'docs': {'show': True, 'node_color': None}, 'config': {'meta': {}, 'docs': {'show': True, 'node_color': None}}, 'patch_path': None, 'arguments': [], 'created_at': 1780338387.9720476, 'supported_languages': None}, 'macro.dbt.default__create_view_as': {'name': 'default__create_view_as', 'resource_type': 'macro', 'package_name': 'dbt', 'path': 'macros/relations/view/create.sql', 'original_file_path': 'macros/relations/view/create.sql', 'unique_id': 'macro.dbt.default__create_view_as', 'macro_sql': "{% macro default__create_view_as(relation, sql) -%}\n  {%- set sql_header = config.get('sql_header', none) -%}\n\n  {{ sql_header if sql_header is not none }}\n  create view {{ relation.render() }}\n    {% set contract_config = config.get('contract') %}\n    {% if contract_config.enforced %}\n      {{ get_assert_columns_equivalent(sql) }}\n    {%- endif %}\n  as (\n    {{ sql }}\n  );\n{%- endmacro %}", 'depends_on': {'macros': ['macro.dbt.get_assert_columns_equivalent']}, 'description': '', 'meta': {}, 'docs': {'show': True, 'node_color': None}, 'config': {'meta': {}, 'docs': {'show': True, 'node_color': None}}, 'patch_path': None, 'arguments': [], 'created_at': 1780338387.972639, 'supported_languages': None}, 'macro.dbt.get_rename_view_sql': {'name': 'get_rename_view_sql', 'resource_type': 'macro', 'package_name': 'dbt', 'path': 'macros/relations/view/rename.sql', 'original_file_path': 'macros/relations/view/rename.sql', 'unique_id': 'macro.dbt.get_rename_view_sql', 'macro_sql': "{% macro get_rename_view_sql(relation, new_name) %}\n    {{- adapter.dispatch('get_rename_view_sql', 'dbt')(relation, new_name) -}}\n{% endmacro %}", 'depends_on': {'macros': ['macro.dbt_postgres.postgres__get_rename_view_sql']}, 'description': '', 'meta': {}, 'docs': {'show': True, 'node_color': None}, 'config': {'meta': {}, 'docs': {'show': True, 'node_color': None}}, 'patch_path': None, 'arguments': [], 'created_at': 1780338387.973227, 'supported_languages': None}, 'macro.dbt.default__get_rename_view_sql': {'name': 'default__get_rename_view_sql', 'resource_type': 'macro', 'package_name': 'dbt', 'path': 'macros/relations/view/rename.sql', 'original_file_path': 'macros/relations/view/rename.sql', 'unique_id': 'macro.dbt.default__get_rename_view_sql', 'macro_sql': '{% macro default__get_rename_view_sql(relation, new_name) %}\n    {{ exceptions.raise_compiler_error(\n        "`get_rename_view_sql` has not been implemented for this adapter."\n    ) }}\n{% endmacro %}', 'depends_on': {'macros': []}, 'description': '', 'meta': {}, 'docs': {'show': True, 'node_color': None}, 'config': {'meta': {}, 'docs': {'show': True, 'node_color': None}}, 'patch_path': None, 'arguments': [], 'created_at': 1780338387.9734454, 'supported_languages': None}, 'macro.dbt.drop_view': {'name': 'drop_view', 'resource_type': 'macro', 'package_name': 'dbt', 'path': 'macros/relations/view/drop.sql', 'original_file_path': 'macros/relations/view/drop.sql', 'unique_id': 'macro.dbt.drop_view', 'macro_sql': "{% macro drop_view(relation) -%}\n    {{- adapter.dispatch('drop_view', 'dbt')(relation) -}}\n{%- endmacro %}", 'depends_on': {'macros': ['macro.dbt_postgres.postgres__drop_view']}, 'description': '', 'meta': {}, 'docs': {'show': True, 'node_color': None}, 'config': {'meta': {}, 'docs': {'show': True, 'node_color': None}}, 'patch_path': None, 'arguments': [], 'created_at': 1780338387.973777, 'supported_languages': None}, 'macro.dbt.default__drop_view': {'name': 'default__drop_view', 'resource_type': 'macro', 'package_name': 'dbt', 'path': 'macros/relations/view/drop.sql', 'original_file_path': 'macros/relations/view/drop.sql', 'unique_id': 'macro.dbt.default__drop_view', 'macro_sql': '{% macro default__drop_view(relation) -%}\n    drop view if exists {{ relation.render() }} cascade\n{%- endmacro %}', 'depends_on': {'macros': []}, 'description': '', 'meta': {}, 'docs': {'show': True, 'node_color': None}, 'config': {'meta': {}, 'docs': {'show': True, 'node_color': None}}, 'patch_path': None, 'arguments': [], 'created_at': 1780338387.9740388, 'supported_languages': None}, 'macro.dbt.set_sql_header': {'name': 'set_sql_header', 'resource_type': 'macro', 'package_name': 'dbt', 'path': 'macros/materializations/configs.sql', 'original_file_path': 'macros/materializations/configs.sql', 'unique_id': 'macro.dbt.set_sql_header', 'macro_sql': "{% macro set_sql_header(config) -%}\n  {{ config.set('sql_header', caller()) }}\n{%- endmacro %}", 'depends_on': {'macros': []}, 'description': '', 'meta': {}, 'docs': {'show': True, 'node_color': None}, 'config': {'meta': {}, 'docs': {'show': True, 'node_color': None}}, 'patch_path': None, 'arguments': [], 'created_at': 1780338387.9744098, 'supported_languages': None}, 'macro.dbt.should_full_refresh': {'name': 'should_full_refresh', 'resource_type': 'macro', 'package_name': 'dbt', 'path': 'macros/materializations/configs.sql', 'original_file_path': 'macros/materializations/configs.sql', 'unique_id': 'macro.dbt.should_full_refresh', 'macro_sql': "{% macro should_full_refresh() %}\n  {% set config_full_refresh = config.get('full_refresh') %}\n  {% if config_full_refresh is none %}\n    {% set config_full_refresh = flags.FULL_REFRESH %}\n  {% endif %}\n  {% do return(config_full_refresh) %}\n{% endmacro %}", 'depends_on': {'macros': []}, 'description': '', 'meta': {}, 'docs': {'show': True, 'node_color': None}, 'config': {'meta': {}, 'docs': {'show': True, 'node_color': None}}, 'patch_path': None, 'arguments': [], 'created_at': 1780338387.9747846, 'supported_languages': None}, 'macro.dbt.should_store_failures': {'name': 'should_store_failures', 'resource_type': 'macro', 'package_name': 'dbt', 'path': 'macros/materializations/configs.sql', 'original_file_path': 'macros/materializations/configs.sql', 'unique_id': 'macro.dbt.should_store_failures', 'macro_sql': "{% macro should_store_failures() %}\n  {% set config_store_failures = config.get('store_failures') %}\n  {% if config_store_failures is none %}\n    {% set config_store_failures = flags.STORE_FAILURES %}\n  {% endif %}\n  {% do return(config_store_failures) %}\n{% endmacro %}", 'depends_on': {'macros': []}, 'description': '', 'meta': {}, 'docs': {'show': True, 'node_color': None}, 'config': {'meta': {}, 'docs': {'show': True, 'node_color': None}}, 'patch_path': None, 'arguments': [], 'created_at': 1780338387.9752023, 'supported_languages': None}, 'macro.dbt.run_hooks': {'name': 'run_hooks', 'resource_type': 'macro', 'package_name': 'dbt', 'path': 'macros/materializations/hooks.sql', 'original_file_path': 'macros/materializations/hooks.sql', 'unique_id': 'macro.dbt.run_hooks', 'macro_sql': "{% macro run_hooks(hooks, inside_transaction=True) %}\n  {% for hook in hooks | selectattr('transaction', 'equalto', inside_transaction)  %}\n    {% if not inside_transaction and loop.first %}\n      {% call statement(auto_begin=inside_transaction) %}\n        commit;\n      {% endcall %}\n    {% endif %}\n    {% set rendered = render(hook.get('sql')) | trim %}\n    {% if (rendered | length) > 0 %}\n      {% call statement(auto_begin=inside_transaction) %}\n        {{ rendered }}\n      {% endcall %}\n    {% endif %}\n  {% endfor %}\n{% endmacro %}", 'depends_on': {'macros': ['macro.dbt.statement']}, 'description': '', 'meta': {}, 'docs': {'show': True, 'node_color': None}, 'config': {'meta': {}, 'docs': {'show': True, 'node_color': None}}, 'patch_path': None, 'arguments': [], 'created_at': 1780338387.976292, 'supported_languages': None}, 'macro.dbt.make_hook_config': {'name': 'make_hook_config', 'resource_type': 'macro', 'package_name': 'dbt', 'path': 'macros/materializations/hooks.sql', 'original_file_path': 'macros/materializations/hooks.sql', 'unique_id': 'macro.dbt.make_hook_config', 'macro_sql': '{% macro make_hook_config(sql, inside_transaction) %}\n    {{ tojson({"sql": sql, "transaction": inside_transaction}) }}\n{% endmacro %}', 'depends_on': {'macros': []}, 'description': '', 'meta': {}, 'docs': {'show': True, 'node_color': None}, 'config': {'meta': {}, 'docs': {'show': True, 'node_color': None}}, 'patch_path': None, 'arguments': [], 'created_at': 1780338387.9765294, 'supported_languages': None}, 'macro.dbt.before_begin': {'name': 'before_begin', 'resource_type': 'macro', 'package_name': 'dbt', 'path': 'macros/materializations/hooks.sql', 'original_file_path': 'macros/materializations/hooks.sql', 'unique_id': 'macro.dbt.before_begin', 'macro_sql': '{% macro before_begin(sql) %}\n    {{ make_hook_config(sql, inside_transaction=False) }}\n{% endmacro %}', 'depends_on': {'macros': ['macro.dbt.make_hook_config']}, 'description': '', 'meta': {}, 'docs': {'show': True, 'node_color': None}, 'config': {'meta': {}, 'docs': {'show': True, 'node_color': None}}, 'patch_path': None, 'arguments': [], 'created_at': 1780338387.9767022, 'supported_languages': None}, 'macro.dbt.in_transaction': {'name': 'in_transaction', 'resource_type': 'macro', 'package_name': 'dbt', 'path': 'macros/materializations/hooks.sql', 'original_file_path': 'macros/materializations/hooks.sql', 'unique_id': 'macro.dbt.in_transaction', 'macro_sql': '{% macro in_transaction(sql) %}\n    {{ make_hook_config(sql, inside_transaction=True) }}\n{% endmacro %}', 'depends_on': {'macros': ['macro.dbt.make_hook_config']}, 'description': '', 'meta': {}, 'docs': {'show': True, 'node_color': None}, 'config': {'meta': {}, 'docs': {'show': True, 'node_color': None}}, 'patch_path': None, 'arguments': [], 'created_at': 1780338387.9769254, 'supported_languages': None}, 'macro.dbt.after_commit': {'name': 'after_commit', 'resource_type': 'macro', 'package_name': 'dbt', 'path': 'macros/materializations/hooks.sql', 'original_file_path': 'macros/materializations/hooks.sql', 'unique_id': 'macro.dbt.after_commit', 'macro_sql': '{% macro after_commit(sql) %}\n    {{ make_hook_config(sql, inside_transaction=False) }}\n{% endmacro %}', 'depends_on': {'macros': ['macro.dbt.make_hook_config']}, 'description': '', 'meta': {}, 'docs': {'show': True, 'node_color': None}, 'config': {'meta': {}, 'docs': {'show': True, 'node_color': None}}, 'patch_path': None, 'arguments': [], 'created_at': 1780338387.977171, 'supported_languages': None}, 'macro.dbt.scalar_function_sql': {'name': 'scalar_function_sql', 'resource_type': 'macro', 'package_name': 'dbt', 'path': 'macros/materializations/functions/scalar.sql', 'original_file_path': 'macros/materializations/functions/scalar.sql', 'unique_id': 'macro.dbt.scalar_function_sql', 'macro_sql': "{% macro scalar_function_sql(target_relation) %}\n    {{ return(adapter.dispatch('scalar_function_sql', 'dbt')(target_relation)) }}\n{% endmacro %}", 'depends_on': {'macros': ['macro.dbt.default__scalar_function_sql']}, 'description': '', 'meta': {}, 'docs': {'show': True, 'node_color': None}, 'config': {'meta': {}, 'docs': {'show': True, 'node_color': None}}, 'patch_path': None, 'arguments': [], 'created_at': 1780338387.9782798, 'supported_languages': None}, 'macro.dbt.default__scalar_function_sql': {'name': 'default__scalar_function_sql', 'resource_type': 'macro', 'package_name': 'dbt', 'path': 'macros/materializations/functions/scalar.sql', 'original_file_path': 'macros/materializations/functions/scalar.sql', 'unique_id': 'macro.dbt.default__scalar_function_sql', 'macro_sql': '{% macro default__scalar_function_sql(target_relation) %}\n    {{ scalar_function_create_replace_signature_sql(target_relation) }}\n    {{ scalar_function_body_sql() }};\n{% endmacro %}', 'depends_on': {'macros': ['macro.dbt.scalar_function_create_replace_signature_sql', 'macro.dbt.scalar_function_body_sql']}, 'description': '', 'meta': {}, 'docs': {'show': True, 'node_color': None}, 'config': {'meta': {}, 'docs': {'show': True, 'node_color': None}}, 'patch_path': None, 'arguments': [], 'created_at': 1780338387.978486, 'supported_languages': None}, 'macro.dbt.scalar_function_create_replace_signature_sql': {'name': 'scalar_function_create_replace_signature_sql', 'resource_type': 'macro', 'package_name': 'dbt', 'path': 'macros/materializations/functions/scalar.sql', 'original_file_path': 'macros/materializations/functions/scalar.sql', 'unique_id': 'macro.dbt.scalar_function_create_replace_signature_sql', 'macro_sql': "{% macro scalar_function_create_replace_signature_sql(target_relation) %}\n    {{ return(adapter.dispatch('scalar_function_create_replace_signature_sql', 'dbt')(target_relation)) }}\n{% endmacro %}", 'depends_on': {'macros': ['macro.dbt.default__scalar_function_create_replace_signature_sql']}, 'description': '', 'meta': {}, 'docs': {'show': True, 'node_color': None}, 'config': {'meta': {}, 'docs': {'show': True, 'node_color': None}}, 'patch_path': None, 'arguments': [], 'created_at': 1780338387.9787145, 'supported_languages': None}, 'macro.dbt.default__scalar_function_create_replace_signature_sql': {'name': 'default__scalar_function_create_replace_signature_sql', 'resource_type': 'macro', 'package_name': 'dbt', 'path': 'macros/materializations/functions/scalar.sql', 'original_file_path': 'macros/materializations/functions/scalar.sql', 'unique_id': 'macro.dbt.default__scalar_function_create_replace_signature_sql', 'macro_sql': '{% macro default__scalar_function_create_replace_signature_sql(target_relation) %}\n    CREATE OR REPLACE FUNCTION {{ target_relation.render() }} ({{ formatted_scalar_function_args_sql()}})\n    RETURNS {{ model.returns.data_type }}\n    {{ scalar_function_volatility_sql() }}\n    AS\n{% endmacro %}', 'depends_on': {'macros': ['macro.dbt.formatted_scalar_function_args_sql', 'macro.dbt.scalar_function_volatility_sql']}, 'description': '', 'meta': {}, 'docs': {'show': True, 'node_color': None}, 'config': {'meta': {}, 'docs': {'show': True, 'node_color': None}}, 'patch_path': None, 'arguments': [], 'created_at': 1780338387.9789767, 'supported_languages': None}, 'macro.dbt.formatted_scalar_function_args_sql': {'name': 'formatted_scalar_function_args_sql', 'resource_type': 'macro', 'package_name': 'dbt', 'path': 'macros/materializations/functions/scalar.sql', 'original_file_path': 'macros/materializations/functions/scalar.sql', 'unique_id': 'macro.dbt.formatted_scalar_function_args_sql', 'macro_sql': "{% macro formatted_scalar_function_args_sql() %}\n    {{ return(adapter.dispatch('formatted_scalar_function_args_sql', 'dbt')()) }}\n{% endmacro %}", 'depends_on': {'macros': ['macro.dbt_postgres.postgres__formatted_scalar_function_args_sql']}, 'description': '', 'meta': {}, 'docs': {'show': True, 'node_color': None}, 'config': {'meta': {}, 'docs': {'show': True, 'node_color': None}}, 'patch_path': None, 'arguments': [], 'created_at': 1780338387.9792366, 'supported_languages': None}, 'macro.dbt.formatted_scalar_function_args_javascript': {'name': 'formatted_scalar_function_args_javascript', 'resource_type': 'macro', 'package_name': 'dbt', 'path': 'macros/materializations/functions/scalar.sql', 'original_file_path': 'macros/materializations/functions/scalar.sql', 'unique_id': 'macro.dbt.formatted_scalar_function_args_javascript', 'macro_sql': "{% macro formatted_scalar_function_args_javascript() %}\n    {{ return(adapter.dispatch('formatted_scalar_function_args_javascript', 'dbt')()) }}\n{% endmacro %}", 'depends_on': {'macros': ['macro.dbt.default__formatted_scalar_function_args_javascript']}, 'description': '', 'meta': {}, 'docs': {'show': True, 'node_color': None}, 'config': {'meta': {}, 'docs': {'show': True, 'node_color': None}}, 'patch_path': None, 'arguments': [], 'created_at': 1780338387.9794698, 'supported_languages': None}, 'macro.dbt.default__formatted_scalar_function_args_sql': {'name': 'default__formatted_scalar_function_args_sql', 'resource_type': 'macro', 'package_name': 'dbt', 'path': 'macros/materializations/functions/scalar.sql', 'original_file_path': 'macros/materializations/functions/scalar.sql', 'unique_id': 'macro.dbt.default__formatted_scalar_function_args_sql', 'macro_sql': "{% macro default__formatted_scalar_function_args_sql() %}\n    {% set args = [] %}\n    {% for arg in model.arguments -%}\n        {%- do args.append(arg.name ~ ' ' ~ arg.data_type) -%}\n    {%- endfor %}\n    {{ args | join(', ') }}\n{% endmacro %}", 'depends_on': {'macros': []}, 'description': '', 'meta': {}, 'docs': {'show': True, 'node_color': None}, 'config': {'meta': {}, 'docs': {'show': True, 'node_color': None}}, 'patch_path': None, 'arguments': [], 'created_at': 1780338387.979947, 'supported_languages': None}, 'macro.dbt.default__formatted_scalar_function_args_javascript': {'name': 'default__formatted_scalar_function_args_javascript', 'resource_type': 'macro', 'package_name': 'dbt', 'path': 'macros/materializations/functions/scalar.sql', 'original_file_path': 'macros/materializations/functions/scalar.sql', 'unique_id': 'macro.dbt.default__formatted_scalar_function_args_javascript', 'macro_sql': '{% macro default__formatted_scalar_function_args_javascript() %}\n    {% set msg = "formatted_scalar_function_args_javascript not implemented for adapter " ~ adapter.type() %}\n    {% do exceptions.raise_compiler_error(msg) %}\n{% endmacro %}', 'depends_on': {'macros': []}, 'description': '', 'meta': {}, 'docs': {'show': True, 'node_color': None}, 'config': {'meta': {}, 'docs': {'show': True, 'node_color': None}}, 'patch_path': None, 'arguments': [], 'created_at': 1780338387.9802306, 'supported_languages': None}, 'macro.dbt.scalar_function_body_sql': {'name': 'scalar_function_body_sql', 'resource_type': 'macro', 'package_name': 'dbt', 'path': 'macros/materializations/functions/scalar.sql', 'original_file_path': 'macros/materializations/functions/scalar.sql', 'unique_id': 'macro.dbt.scalar_function_body_sql', 'macro_sql': "{% macro scalar_function_body_sql() %}\n    {{ return(adapter.dispatch('scalar_function_body_sql', 'dbt')()) }}\n{% endmacro %}", 'depends_on': {'macros': ['macro.dbt.default__scalar_function_body_sql']}, 'description': '', 'meta': {}, 'docs': {'show': True, 'node_color': None}, 'config': {'meta': {}, 'docs': {'show': True, 'node_color': None}}, 'patch_path': None, 'arguments': [], 'created_at': 1780338387.980437, 'supported_languages': None}, 'macro.dbt.default__scalar_function_body_sql': {'name': 'default__scalar_function_body_sql', 'resource_type': 'macro', 'package_name': 'dbt', 'path': 'macros/materializations/functions/scalar.sql', 'original_file_path': 'macros/materializations/functions/scalar.sql', 'unique_id': 'macro.dbt.default__scalar_function_body_sql', 'macro_sql': '{% macro default__scalar_function_body_sql() %}\n    $$\n       {{ model.compiled_code }}\n    $$ LANGUAGE SQL\n{% endmacro %}', 'depends_on': {'macros': []}, 'description': '', 'meta': {}, 'docs': {'show': True, 'node_color': None}, 'config': {'meta': {}, 'docs': {'show': True, 'node_color': None}}, 'patch_path': None, 'arguments': [], 'created_at': 1780338387.9805696, 'supported_languages': None}, 'macro.dbt.scalar_function_volatility_sql': {'name': 'scalar_function_volatility_sql', 'resource_type': 'macro', 'package_name': 'dbt', 'path': 'macros/materializations/functions/scalar.sql', 'original_file_path': 'macros/materializations/functions/scalar.sql', 'unique_id': 'macro.dbt.scalar_function_volatility_sql', 'macro_sql': "{% macro scalar_function_volatility_sql() %}\n    {{ return(adapter.dispatch('scalar_function_volatility_sql', 'dbt')()) }}\n{% endmacro %}", 'depends_on': {'macros': ['macro.dbt.default__scalar_function_volatility_sql']}, 'description': '', 'meta': {}, 'docs': {'show': True, 'node_color': None}, 'config': {'meta': {}, 'docs': {'show': True, 'node_color': None}}, 'patch_path': None, 'arguments': [], 'created_at': 1780338387.980774, 'supported_languages': None}, 'macro.dbt.scalar_function_volatility_javascript': {'name': 'scalar_function_volatility_javascript', 'resource_type': 'macro', 'package_name': 'dbt', 'path': 'macros/materializations/functions/scalar.sql', 'original_file_path': 'macros/materializations/functions/scalar.sql', 'unique_id': 'macro.dbt.scalar_function_volatility_javascript', 'macro_sql': "{% macro scalar_function_volatility_javascript() %}\n    {{ return(adapter.dispatch('scalar_function_volatility_javascript', 'dbt')()) }}\n{% endmacro %}", 'depends_on': {'macros': ['macro.dbt.default__scalar_function_volatility_javascript']}, 'description': '', 'meta': {}, 'docs': {'show': True, 'node_color': None}, 'config': {'meta': {}, 'docs': {'show': True, 'node_color': None}}, 'patch_path': None, 'arguments': [], 'created_at': 1780338387.9810603, 'supported_languages': None}, 'macro.dbt.default__scalar_function_volatility_javascript': {'name': 'default__scalar_function_volatility_javascript', 'resource_type': 'macro', 'package_name': 'dbt', 'path': 'macros/materializations/functions/scalar.sql', 'original_file_path': 'macros/materializations/functions/scalar.sql', 'unique_id': 'macro.dbt.default__scalar_function_volatility_javascript', 'macro_sql': '{% macro default__scalar_function_volatility_javascript() %}\n    {% set volatility = model.config.get(\'volatility\') %}\n    {% if volatility != none %}\n        {% set msg = "Volatility is not supported by " ~ adapter.type() ~ " in javascript UDF and will be ignored" %}\n        {% do exceptions.warn(msg) %}\n    {% endif %}\n{% endmacro %}', 'depends_on': {'macros': []}, 'description': '', 'meta': {}, 'docs': {'show': True, 'node_color': None}, 'config': {'meta': {}, 'docs': {'show': True, 'node_color': None}}, 'patch_path': None, 'arguments': [], 'created_at': 1780338387.9816043, 'supported_languages': None}, 'macro.dbt.default__scalar_function_volatility_sql': {'name': 'default__scalar_function_volatility_sql', 'resource_type': 'macro', 'package_name': 'dbt', 'path': 'macros/materializations/functions/scalar.sql', 'original_file_path': 'macros/materializations/functions/scalar.sql', 'unique_id': 'macro.dbt.default__scalar_function_volatility_sql', 'macro_sql': "{% macro default__scalar_function_volatility_sql() %}\n    {% set volatility = model.config.get('volatility') %}\n    {% if volatility == 'deterministic' %}\n        IMMUTABLE\n    {% elif volatility == 'stable' %}\n        STABLE\n    {% elif volatility == 'non-deterministic' %}\n        VOLATILE\n    {% elif volatility != none %}\n        {# This shouldn't happen unless a new volatility is invented #}\n        {% do unsupported_volatility_warning(volatility) %}\n    {% endif %}\n    {# If no volatility is set, don't add anything and let the data warehouse default it #}\n{% endmacro %}", 'depends_on': {'macros': ['macro.dbt.unsupported_volatility_warning']}, 'description': '', 'meta': {}, 'docs': {'show': True, 'node_color': None}, 'config': {'meta': {}, 'docs': {'show': True, 'node_color': None}}, 'patch_path': None, 'arguments': [], 'created_at': 1780338387.9822462, 'supported_languages': None}, 'macro.dbt.unsupported_volatility_warning': {'name': 'unsupported_volatility_warning', 'resource_type': 'macro', 'package_name': 'dbt', 'path': 'macros/materializations/functions/scalar.sql', 'original_file_path': 'macros/materializations/functions/scalar.sql', 'unique_id': 'macro.dbt.unsupported_volatility_warning', 'macro_sql': "{% macro unsupported_volatility_warning(volatility) %}\n    {{ return(adapter.dispatch('unsupported_volatility_warning', 'dbt')(volatility)) }}\n{% endmacro %}", 'depends_on': {'macros': ['macro.dbt.default__unsupported_volatility_warning']}, 'description': '', 'meta': {}, 'docs': {'show': True, 'node_color': None}, 'config': {'meta': {}, 'docs': {'show': True, 'node_color': None}}, 'patch_path': None, 'arguments': [], 'created_at': 1780338387.9825616, 'supported_languages': None}, 'macro.dbt.default__unsupported_volatility_warning': {'name': 'default__unsupported_volatility_warning', 'resource_type': 'macro', 'package_name': 'dbt', 'path': 'macros/materializations/functions/scalar.sql', 'original_file_path': 'macros/materializations/functions/scalar.sql', 'unique_id': 'macro.dbt.default__unsupported_volatility_warning', 'macro_sql': '{% macro default__unsupported_volatility_warning(volatility) %}\n    {% set msg = "Found `" ~ volatility ~ "` volatility specified on function `" ~ model.name ~ "`. This volatility is not supported by " ~ adapter.type() ~ ", and will be ignored" %}\n    {% do exceptions.warn(msg) %}\n{% endmacro %}', 'depends_on': {'macros': []}, 'description': '', 'meta': {}, 'docs': {'show': True, 'node_color': None}, 'config': {'meta': {}, 'docs': {'show': True, 'node_color': None}}, 'patch_path': None, 'arguments': [], 'created_at': 1780338387.9829533, 'supported_languages': None}, 'macro.dbt.function_execute_build_sql': {'name': 'function_execute_build_sql', 'resource_type': 'macro', 'package_name': 'dbt', 'path': 'macros/materializations/functions/helpers.sql', 'original_file_path': 'macros/materializations/functions/helpers.sql', 'unique_id': 'macro.dbt.function_execute_build_sql', 'macro_sql': "{% macro function_execute_build_sql(build_sql, existing_relation, target_relation) %}\n    {{ return(adapter.dispatch('function_execute_build_sql', 'dbt')(build_sql, existing_relation, target_relation)) }}\n{% endmacro %}", 'depends_on': {'macros': ['macro.dbt.default__function_execute_build_sql']}, 'description': '', 'meta': {}, 'docs': {'show': True, 'node_color': None}, 'config': {'meta': {}, 'docs': {'show': True, 'node_color': None}}, 'patch_path': None, 'arguments': [], 'created_at': 1780338387.9834793, 'supported_languages': None}, 'macro.dbt.default__function_execute_build_sql': {'name': 'default__function_execute_build_sql', 'resource_type': 'macro', 'package_name': 'dbt', 'path': 'macros/materializations/functions/helpers.sql', 'original_file_path': 'macros/materializations/functions/helpers.sql', 'unique_id': 'macro.dbt.default__function_execute_build_sql', 'macro_sql': '{% macro default__function_execute_build_sql(build_sql, existing_relation, target_relation) %}\n\n    {% set grant_config = config.get(\'grants\') %}\n\n    {% call statement(name="main") %}\n        {{ build_sql }}\n    {% endcall %}\n\n    {% set should_revoke = should_revoke(existing_relation, full_refresh_mode=True) %}\n    {% do apply_grants(target_relation, grant_config, should_revoke=should_revoke) %}\n\n    {% do persist_docs(target_relation, model) %}\n\n    {{ adapter.commit() }}\n\n{% endmacro %}', 'depends_on': {'macros': ['macro.dbt.statement', 'macro.dbt.should_revoke', 'macro.dbt.apply_grants', 'macro.dbt.persist_docs']}, 'description': '', 'meta': {}, 'docs': {'show': True, 'node_color': None}, 'config': {'meta': {}, 'docs': {'show': True, 'node_color': None}}, 'patch_path': None, 'arguments': [], 'created_at': 1780338387.9841328, 'supported_languages': None}, 'macro.dbt.materialization_function_default': {'name': 'materialization_function_default', 'resource_type': 'macro', 'package_name': 'dbt', 'path': 'macros/materializations/functions/function.sql', 'original_file_path': 'macros/materializations/functions/function.sql', 'unique_id': 'macro.dbt.materialization_function_default', 'macro_sql': "{% materialization function, default, supported_languages=['sql', 'python', 'javascript'] %}\n    {% set existing_relation = load_cached_relation(this) %}\n    {% set target_relation = this.incorporate(type=this.Function) %}\n\n    {{ run_hooks(pre_hooks) }}\n\n    {% set function_config = this.get_function_config(model) %}\n    {% set macro_name = this.get_function_macro_name(function_config) %}\n\n    {# Doing this aliasing of adapter.dispatch is a hacky way to disable the static analysis of actually calling adapter.dispatch #}\n    {# This is necessary because the static analysis breaks being able to dynamically pass a macro_name #}\n    {% set _dispatch = adapter.dispatch %}\n\n    {% set build_sql = _dispatch(macro_name, 'dbt')(target_relation) %}\n    {{ function_execute_build_sql(build_sql, existing_relation, target_relation) }}\n    {{ run_hooks(post_hooks) }}\n\n    {{ return({'relations': [target_relation]}) }}\n\n{% endmaterialization %}", 'depends_on': {'macros': ['macro.dbt.load_cached_relation', 'macro.dbt.run_hooks', 'macro.dbt.function_execute_build_sql']}, 'description': '', 'meta': {}, 'docs': {'show': True, 'node_color': None}, 'config': {'meta': {}, 'docs': {'show': True, 'node_color': None}}, 'patch_path': None, 'arguments': [], 'created_at': 1780338387.985539, 'supported_languages': ['sql', 'python', 'javascript']}, 'macro.dbt.get_aggregate_function_create_replace_signature': {'name': 'get_aggregate_function_create_replace_signature', 'resource_type': 'macro', 'package_name': 'dbt', 'path': 'macros/materializations/functions/aggregate.sql', 'original_file_path': 'macros/materializations/functions/aggregate.sql', 'unique_id': 'macro.dbt.get_aggregate_function_create_replace_signature', 'macro_sql': "{% macro get_aggregate_function_create_replace_signature(target_relation) %}\n    {{ return(adapter.dispatch('get_aggregate_function_create_replace_signature', 'dbt')(target_relation)) }}\n{% endmacro %}", 'depends_on': {'macros': ['macro.dbt.default__get_aggregate_function_create_replace_signature']}, 'description': '', 'meta': {}, 'docs': {'show': True, 'node_color': None}, 'config': {'meta': {}, 'docs': {'show': True, 'node_color': None}}, 'patch_path': None, 'arguments': [], 'created_at': 1780338387.9864142, 'supported_languages': None}, 'macro.dbt.default__get_aggregate_function_create_replace_signature': {'name': 'default__get_aggregate_function_create_replace_signature', 'resource_type': 'macro', 'package_name': 'dbt', 'path': 'macros/materializations/functions/aggregate.sql', 'original_file_path': 'macros/materializations/functions/aggregate.sql', 'unique_id': 'macro.dbt.default__get_aggregate_function_create_replace_signature', 'macro_sql': "{% macro default__get_aggregate_function_create_replace_signature(target_relation) %}\n    CREATE OR REPLACE AGGREGATE FUNCTION {{ target_relation.render() }} ({{ get_formatted_aggregate_function_args()}})\n    RETURNS {{ model.returns.data_type }}\n    {{ get_function_language_specifier() }}\n    {{ get_aggregate_function_volatility_specifier() }}\n    {% if model.get('language') == 'python' %}\n        {{ get_function_python_options() }}\n    {% endif %}\n    AS\n{% endmacro %}", 'depends_on': {'macros': ['macro.dbt.get_formatted_aggregate_function_args', 'macro.dbt.get_function_language_specifier', 'macro.dbt.get_aggregate_function_volatility_specifier', 'macro.dbt.get_function_python_options']}, 'description': '', 'meta': {}, 'docs': {'show': True, 'node_color': None}, 'config': {'meta': {}, 'docs': {'show': True, 'node_color': None}}, 'patch_path': None, 'arguments': [], 'created_at': 1780338387.986878, 'supported_languages': None}, 'macro.dbt.get_formatted_aggregate_function_args': {'name': 'get_formatted_aggregate_function_args', 'resource_type': 'macro', 'package_name': 'dbt', 'path': 'macros/materializations/functions/aggregate.sql', 'original_file_path': 'macros/materializations/functions/aggregate.sql', 'unique_id': 'macro.dbt.get_formatted_aggregate_function_args', 'macro_sql': "{% macro get_formatted_aggregate_function_args() %}\n    {{ return(adapter.dispatch('get_formatted_aggregate_function_args', 'dbt')()) }}\n{% endmacro %}", 'depends_on': {'macros': ['macro.dbt.default__get_formatted_aggregate_function_args']}, 'description': '', 'meta': {}, 'docs': {'show': True, 'node_color': None}, 'config': {'meta': {}, 'docs': {'show': True, 'node_color': None}}, 'patch_path': None, 'arguments': [], 'created_at': 1780338387.9871745, 'supported_languages': None}, 'macro.dbt.default__get_formatted_aggregate_function_args': {'name': 'default__get_formatted_aggregate_function_args', 'resource_type': 'macro', 'package_name': 'dbt', 'path': 'macros/materializations/functions/aggregate.sql', 'original_file_path': 'macros/materializations/functions/aggregate.sql', 'unique_id': 'macro.dbt.default__get_formatted_aggregate_function_args', 'macro_sql': '{% macro default__get_formatted_aggregate_function_args() %}\n    {# conveniently we can reuse the sql scalar function args #}\n    {{ formatted_scalar_function_args_sql() }}\n{% endmacro %}', 'depends_on': {'macros': ['macro.dbt.formatted_scalar_function_args_sql']}, 'description': '', 'meta': {}, 'docs': {'show': True, 'node_color': None}, 'config': {'meta': {}, 'docs': {'show': True, 'node_color': None}}, 'patch_path': None, 'arguments': [], 'created_at': 1780338387.987348, 'supported_languages': None}, 'macro.dbt.get_function_language_specifier': {'name': 'get_function_language_specifier', 'resource_type': 'macro', 'package_name': 'dbt', 'path': 'macros/materializations/functions/aggregate.sql', 'original_file_path': 'macros/materializations/functions/aggregate.sql', 'unique_id': 'macro.dbt.get_function_language_specifier', 'macro_sql': "{% macro get_function_language_specifier() %}\n    {{ return(adapter.dispatch('get_function_language_specifier', 'dbt')()) }}\n{% endmacro %}", 'depends_on': {'macros': ['macro.dbt.default__get_function_language_specifier']}, 'description': '', 'meta': {}, 'docs': {'show': True, 'node_color': None}, 'config': {'meta': {}, 'docs': {'show': True, 'node_color': None}}, 'patch_path': None, 'arguments': [], 'created_at': 1780338387.9875677, 'supported_languages': None}, 'macro.dbt.default__get_function_language_specifier': {'name': 'default__get_function_language_specifier', 'resource_type': 'macro', 'package_name': 'dbt', 'path': 'macros/materializations/functions/aggregate.sql', 'original_file_path': 'macros/materializations/functions/aggregate.sql', 'unique_id': 'macro.dbt.default__get_function_language_specifier', 'macro_sql': "{% macro default__get_function_language_specifier() %}\n    {% set language = model.get('language') %}\n    {% if language == 'sql' %}\n        {# generally you dont need to specify the language for sql functions #}\n    {% elif language == 'python' %}\n        LANGUAGE PYTHON\n    {% elif language == 'javascript' %}\n        LANGUAGE js\n    {% else %}\n        {{ 'LANGUAGE ' ~ language.upper() }}\n    {% endif %}\n{% endmacro %}", 'depends_on': {'macros': []}, 'description': '', 'meta': {}, 'docs': {'show': True, 'node_color': None}, 'config': {'meta': {}, 'docs': {'show': True, 'node_color': None}}, 'patch_path': None, 'arguments': [], 'created_at': 1780338387.988045, 'supported_languages': None}, 'macro.dbt.get_aggregate_function_volatility_specifier': {'name': 'get_aggregate_function_volatility_specifier', 'resource_type': 'macro', 'package_name': 'dbt', 'path': 'macros/materializations/functions/aggregate.sql', 'original_file_path': 'macros/materializations/functions/aggregate.sql', 'unique_id': 'macro.dbt.get_aggregate_function_volatility_specifier', 'macro_sql': "{% macro get_aggregate_function_volatility_specifier() %}\n    {{ return(adapter.dispatch('get_aggregate_function_volatility_specifier', 'dbt')()) }}\n{% endmacro %}", 'depends_on': {'macros': ['macro.dbt.default__get_aggregate_function_volatility_specifier']}, 'description': '', 'meta': {}, 'docs': {'show': True, 'node_color': None}, 'config': {'meta': {}, 'docs': {'show': True, 'node_color': None}}, 'patch_path': None, 'arguments': [], 'created_at': 1780338387.9882598, 'supported_languages': None}, 'macro.dbt.default__get_aggregate_function_volatility_specifier': {'name': 'default__get_aggregate_function_volatility_specifier', 'resource_type': 'macro', 'package_name': 'dbt', 'path': 'macros/materializations/functions/aggregate.sql', 'original_file_path': 'macros/materializations/functions/aggregate.sql', 'unique_id': 'macro.dbt.default__get_aggregate_function_volatility_specifier', 'macro_sql': '{% macro default__get_aggregate_function_volatility_specifier() %}\n    {{ scalar_function_volatility_sql() }}\n{% endmacro %}', 'depends_on': {'macros': ['macro.dbt.scalar_function_volatility_sql']}, 'description': '', 'meta': {}, 'docs': {'show': True, 'node_color': None}, 'config': {'meta': {}, 'docs': {'show': True, 'node_color': None}}, 'patch_path': None, 'arguments': [], 'created_at': 1780338387.988385, 'supported_languages': None}, 'macro.dbt.get_function_python_options': {'name': 'get_function_python_options', 'resource_type': 'macro', 'package_name': 'dbt', 'path': 'macros/materializations/functions/aggregate.sql', 'original_file_path': 'macros/materializations/functions/aggregate.sql', 'unique_id': 'macro.dbt.get_function_python_options', 'macro_sql': "{% macro get_function_python_options() %}\n    {{ return(adapter.dispatch('get_function_python_options', 'dbt')()) }}\n{% endmacro %}", 'depends_on': {'macros': ['macro.dbt.default__get_function_python_options']}, 'description': '', 'meta': {}, 'docs': {'show': True, 'node_color': None}, 'config': {'meta': {}, 'docs': {'show': True, 'node_color': None}}, 'patch_path': None, 'arguments': [], 'created_at': 1780338387.988578, 'supported_languages': None}, 'macro.dbt.default__get_function_python_options': {'name': 'default__get_function_python_options', 'resource_type': 'macro', 'package_name': 'dbt', 'path': 'macros/materializations/functions/aggregate.sql', 'original_file_path': 'macros/materializations/functions/aggregate.sql', 'unique_id': 'macro.dbt.default__get_function_python_options', 'macro_sql': '{% macro default__get_function_python_options() %}\n    RUNTIME_VERSION = \'{{ model.config.get(\'runtime_version\') }}\'\n    HANDLER = \'{{ model.config.get(\'entry_point\') }}\'\n    {% set packages = model.config.get(\'packages\', []) %}\n    {% if packages %}\n    PACKAGES = (\'{{ packages | join("\',\'") }}\')\n    {% endif %}\n{% endmacro %}', 'depends_on': {'macros': []}, 'description': '', 'meta': {}, 'docs': {'show': True, 'node_color': None}, 'config': {'meta': {}, 'docs': {'show': True, 'node_color': None}}, 'patch_path': None, 'arguments': [], 'created_at': 1780338387.9891627, 'supported_languages': None}, 'macro.dbt.materialization_view_default': {'name': 'materialization_view_default', 'resource_type': 'macro', 'package_name': 'dbt', 'path': 'macros/materializations/models/view.sql', 'original_file_path': 'macros/materializations/models/view.sql', 'unique_id': 'macro.dbt.materialization_view_default', 'macro_sql': '{%- materialization view, default -%}\n\n  {%- set existing_relation = load_cached_relation(this) -%}\n  {%- set target_relation = this.incorporate(type=\'view\') -%}\n  {%- set intermediate_relation =  make_intermediate_relation(target_relation) -%}\n\n  -- the intermediate_relation should not already exist in the database; get_relation\n  -- will return None in that case. Otherwise, we get a relation that we can drop\n  -- later, before we try to use this name for the current operation\n  {%- set preexisting_intermediate_relation = load_cached_relation(intermediate_relation) -%}\n  /*\n     This relation (probably) doesn\'t exist yet. If it does exist, it\'s a leftover from\n     a previous run, and we\'re going to try to drop it immediately. At the end of this\n     materialization, we\'re going to rename the "existing_relation" to this identifier,\n     and then we\'re going to drop it. In order to make sure we run the correct one of:\n       - drop view ...\n       - drop table ...\n\n     We need to set the type of this relation to be the type of the existing_relation, if it exists,\n     or else "view" as a sane default if it does not. Note that if the existing_relation does not\n     exist, then there is nothing to move out of the way and subsequentally drop. In that case,\n     this relation will be effectively unused.\n  */\n  {%- set backup_relation_type = \'view\' if existing_relation is none else existing_relation.type -%}\n  {%- set backup_relation = make_backup_relation(target_relation, backup_relation_type) -%}\n  -- as above, the backup_relation should not already exist\n  {%- set preexisting_backup_relation = load_cached_relation(backup_relation) -%}\n  -- grab current tables grants config for comparision later on\n  {% set grant_config = config.get(\'grants\') %}\n\n  {{ run_hooks(pre_hooks, inside_transaction=False) }}\n\n  -- drop the temp relations if they exist already in the database\n  {{ drop_relation_if_exists(preexisting_intermediate_relation) }}\n  {{ drop_relation_if_exists(preexisting_backup_relation) }}\n\n  -- `BEGIN` happens here:\n  {{ run_hooks(pre_hooks, inside_transaction=True) }}\n\n  -- build model\n  {% call statement(\'main\') -%}\n    {{ get_create_view_as_sql(intermediate_relation, sql) }}\n  {%- endcall %}\n\n  -- cleanup\n  -- move the existing view out of the way\n  {% if existing_relation is not none %}\n     /* Do the equivalent of rename_if_exists. \'existing_relation\' could have been dropped\n        since the variable was first set. */\n    {% set existing_relation = load_cached_relation(existing_relation) %}\n    {% if existing_relation is not none %}\n        {{ adapter.rename_relation(existing_relation, backup_relation) }}\n    {% endif %}\n  {% endif %}\n  {{ adapter.rename_relation(intermediate_relation, target_relation) }}\n\n  {% set should_revoke = should_revoke(existing_relation, full_refresh_mode=True) %}\n  {% do apply_grants(target_relation, grant_config, should_revoke=should_revoke) %}\n\n  {% do persist_docs(target_relation, model) %}\n\n  {{ run_hooks(post_hooks, inside_transaction=True) }}\n\n  {{ adapter.commit() }}\n\n  {{ drop_relation_if_exists(backup_relation) }}\n\n  {{ run_hooks(post_hooks, inside_transaction=False) }}\n\n  {{ return({\'relations\': [target_relation]}) }}\n\n{%- endmaterialization -%}', 'depends_on': {'macros': ['macro.dbt.load_cached_relation', 'macro.dbt.make_intermediate_relation', 'macro.dbt.make_backup_relation', 'macro.dbt.run_hooks', 'macro.dbt.drop_relation_if_exists', 'macro.dbt.statement', 'macro.dbt.get_create_view_as_sql', 'macro.dbt.should_revoke', 'macro.dbt.apply_grants', 'macro.dbt.persist_docs']}, 'description': '', 'meta': {}, 'docs': {'show': True, 'node_color': None}, 'config': {'meta': {}, 'docs': {'show': True, 'node_color': None}}, 'patch_path': None, 'arguments': [], 'created_at': 1780338387.9920123, 'supported_languages': ['sql']}, 'macro.dbt.materialization_table_default': {'name': 'materialization_table_default', 'resource_type': 'macro', 'package_name': 'dbt', 'path': 'macros/materializations/models/table.sql', 'original_file_path': 'macros/materializations/models/table.sql', 'unique_id': 'macro.dbt.materialization_table_default', 'macro_sql': "{% materialization table, default %}\n\n  {%- set existing_relation = load_cached_relation(this) -%}\n  {%- set target_relation = this.incorporate(type='table') %}\n  {%- set intermediate_relation =  make_intermediate_relation(target_relation) -%}\n  -- the intermediate_relation should not already exist in the database; get_relation\n  -- will return None in that case. Otherwise, we get a relation that we can drop\n  -- later, before we try to use this name for the current operation\n  {%- set preexisting_intermediate_relation = load_cached_relation(intermediate_relation) -%}\n  /*\n      See ../view/view.sql for more information about this relation.\n  */\n  {%- set backup_relation_type = 'table' if existing_relation is none else existing_relation.type -%}\n  {%- set backup_relation = make_backup_relation(target_relation, backup_relation_type) -%}\n  -- as above, the backup_relation should not already exist\n  {%- set preexisting_backup_relation = load_cached_relation(backup_relation) -%}\n  -- grab current tables grants config for comparision later on\n  {% set grant_config = config.get('grants') %}\n\n  -- drop the temp relations if they exist already in the database\n  {{ drop_relation_if_exists(preexisting_intermediate_relation) }}\n  {{ drop_relation_if_exists(preexisting_backup_relation) }}\n\n  {{ run_hooks(pre_hooks, inside_transaction=False) }}\n\n  -- `BEGIN` happens here:\n  {{ run_hooks(pre_hooks, inside_transaction=True) }}\n\n  -- build model\n  {% call statement('main') -%}\n    {{ get_create_table_as_sql(False, intermediate_relation, sql) }}\n  {%- endcall %}\n\n  {% do create_indexes(intermediate_relation) %}\n\n  -- cleanup\n  {% if existing_relation is not none %}\n     /* Do the equivalent of rename_if_exists. 'existing_relation' could have been dropped\n        since the variable was first set. */\n    {% set existing_relation = load_cached_relation(existing_relation) %}\n    {% if existing_relation is not none %}\n        {{ adapter.rename_relation(existing_relation, backup_relation) }}\n    {% endif %}\n  {% endif %}\n\n  {{ adapter.rename_relation(intermediate_relation, target_relation) }}\n\n  {{ run_hooks(post_hooks, inside_transaction=True) }}\n\n  {% set should_revoke = should_revoke(existing_relation, full_refresh_mode=True) %}\n  {% do apply_grants(target_relation, grant_config, should_revoke=should_revoke) %}\n\n  {% do persist_docs(target_relation, model) %}\n\n  -- `COMMIT` happens here\n  {{ adapter.commit() }}\n\n  -- finally, drop the existing/backup relation after the commit\n  {{ drop_relation_if_exists(backup_relation) }}\n\n  {{ run_hooks(post_hooks, inside_transaction=False) }}\n\n  {{ return({'relations': [target_relation]}) }}\n{% endmaterialization %}", 'depends_on': {'macros': ['macro.dbt.load_cached_relation', 'macro.dbt.make_intermediate_relation', 'macro.dbt.make_backup_relation', 'macro.dbt.drop_relation_if_exists', 'macro.dbt.run_hooks', 'macro.dbt.statement', 'macro.dbt.get_create_table_as_sql', 'macro.dbt.create_indexes', 'macro.dbt.should_revoke', 'macro.dbt.apply_grants', 'macro.dbt.persist_docs']}, 'description': '', 'meta': {}, 'docs': {'show': True, 'node_color': None}, 'config': {'meta': {}, 'docs': {'show': True, 'node_color': None}}, 'patch_path': None, 'arguments': [], 'created_at': 1780338387.9948757, 'supported_languages': ['sql']}, 'macro.dbt.materialization_materialized_view_default': {'name': 'materialization_materialized_view_default', 'resource_type': 'macro', 'package_name': 'dbt', 'path': 'macros/materializations/models/materialized_view.sql', 'original_file_path': 'macros/materializations/models/materialized_view.sql', 'unique_id': 'macro.dbt.materialization_materialized_view_default', 'macro_sql': "{% materialization materialized_view, default %}\n    {% set existing_relation = load_cached_relation(this) %}\n    {% set target_relation = this.incorporate(type=this.MaterializedView) %}\n    {% set intermediate_relation = make_intermediate_relation(target_relation) %}\n    {% set backup_relation_type = target_relation.MaterializedView if existing_relation is none else existing_relation.type %}\n    {% set backup_relation = make_backup_relation(target_relation, backup_relation_type) %}\n\n    {{ materialized_view_setup(backup_relation, intermediate_relation, pre_hooks) }}\n\n        {% set build_sql = materialized_view_get_build_sql(existing_relation, target_relation, backup_relation, intermediate_relation) %}\n\n        {% if build_sql == '' %}\n            {{ materialized_view_execute_no_op(target_relation) }}\n        {% else %}\n            {{ materialized_view_execute_build_sql(build_sql, existing_relation, target_relation, post_hooks) }}\n        {% endif %}\n\n    {{ materialized_view_teardown(backup_relation, intermediate_relation, post_hooks) }}\n\n    {{ return({'relations': [target_relation]}) }}\n\n{% endmaterialization %}", 'depends_on': {'macros': ['macro.dbt.load_cached_relation', 'macro.dbt.make_intermediate_relation', 'macro.dbt.make_backup_relation', 'macro.dbt.materialized_view_setup', 'macro.dbt.materialized_view_get_build_sql', 'macro.dbt.materialized_view_execute_no_op', 'macro.dbt.materialized_view_execute_build_sql', 'macro.dbt.materialized_view_teardown']}, 'description': '', 'meta': {}, 'docs': {'show': True, 'node_color': None}, 'config': {'meta': {}, 'docs': {'show': True, 'node_color': None}}, 'patch_path': None, 'arguments': [], 'created_at': 1780338387.9970725, 'supported_languages': ['sql']}, 'macro.dbt.materialized_view_setup': {'name': 'materialized_view_setup', 'resource_type': 'macro', 'package_name': 'dbt', 'path': 'macros/materializations/models/materialized_view.sql', 'original_file_path': 'macros/materializations/models/materialized_view.sql', 'unique_id': 'macro.dbt.materialized_view_setup', 'macro_sql': "{% macro materialized_view_setup(backup_relation, intermediate_relation, pre_hooks) %}\n\n    -- backup_relation and intermediate_relation should not already exist in the database\n    -- it's possible these exist because of a previous run that exited unexpectedly\n    {% set preexisting_backup_relation = load_cached_relation(backup_relation) %}\n    {% set preexisting_intermediate_relation = load_cached_relation(intermediate_relation) %}\n\n    -- drop the temp relations if they exist already in the database\n    {{ drop_relation_if_exists(preexisting_backup_relation) }}\n    {{ drop_relation_if_exists(preexisting_intermediate_relation) }}\n\n    {{ run_hooks(pre_hooks, inside_transaction=False) }}\n\n{% endmacro %}", 'depends_on': {'macros': ['macro.dbt.load_cached_relation', 'macro.dbt.drop_relation_if_exists', 'macro.dbt.run_hooks']}, 'description': '', 'meta': {}, 'docs': {'show': True, 'node_color': None}, 'config': {'meta': {}, 'docs': {'show': True, 'node_color': None}}, 'patch_path': None, 'arguments': [], 'created_at': 1780338387.997699, 'supported_languages': None}, 'macro.dbt.materialized_view_teardown': {'name': 'materialized_view_teardown', 'resource_type': 'macro', 'package_name': 'dbt', 'path': 'macros/materializations/models/materialized_view.sql', 'original_file_path': 'macros/materializations/models/materialized_view.sql', 'unique_id': 'macro.dbt.materialized_view_teardown', 'macro_sql': '{% macro materialized_view_teardown(backup_relation, intermediate_relation, post_hooks) %}\n\n    -- drop the temp relations if they exist to leave the database clean for the next run\n    {{ drop_relation_if_exists(backup_relation) }}\n    {{ drop_relation_if_exists(intermediate_relation) }}\n\n    {{ run_hooks(post_hooks, inside_transaction=False) }}\n\n{% endmacro %}', 'depends_on': {'macros': ['macro.dbt.drop_relation_if_exists', 'macro.dbt.run_hooks']}, 'description': '', 'meta': {}, 'docs': {'show': True, 'node_color': None}, 'config': {'meta': {}, 'docs': {'show': True, 'node_color': None}}, 'patch_path': None, 'arguments': [], 'created_at': 1780338387.998044, 'supported_languages': None}, 'macro.dbt.materialized_view_get_build_sql': {'name': 'materialized_view_get_build_sql', 'resource_type': 'macro', 'package_name': 'dbt', 'path': 'macros/materializations/models/materialized_view.sql', 'original_file_path': 'macros/materializations/models/materialized_view.sql', 'unique_id': 'macro.dbt.materialized_view_get_build_sql', 'macro_sql': '{% macro materialized_view_get_build_sql(existing_relation, target_relation, backup_relation, intermediate_relation) %}\n\n    {% set full_refresh_mode = should_full_refresh() %}\n\n    -- determine the scenario we\'re in: create, full_refresh, alter, refresh data\n    {% if existing_relation is none %}\n        {% set build_sql = get_create_materialized_view_as_sql(target_relation, sql) %}\n    {% elif full_refresh_mode or not existing_relation.is_materialized_view %}\n        {% set build_sql = get_replace_sql(existing_relation, target_relation, sql) %}\n    {% else %}\n\n        -- get config options\n        {% set on_configuration_change = config.get(\'on_configuration_change\') %}\n        {% set configuration_changes = get_materialized_view_configuration_changes(existing_relation, config) %}\n\n        {% if configuration_changes is none %}\n            {% set build_sql = refresh_materialized_view(target_relation) %}\n\n        {% elif on_configuration_change == \'apply\' %}\n            {% set build_sql = get_alter_materialized_view_as_sql(target_relation, configuration_changes, sql, existing_relation, backup_relation, intermediate_relation) %}\n        {% elif on_configuration_change == \'continue\' %}\n            {% set build_sql = \'\' %}\n            {{ exceptions.warn("Configuration changes were identified and `on_configuration_change` was set to `continue` for `" ~ target_relation.render() ~ "`") }}\n        {% elif on_configuration_change == \'fail\' %}\n            {{ exceptions.raise_fail_fast_error("Configuration changes were identified and `on_configuration_change` was set to `fail` for `" ~ target_relation.render() ~ "`") }}\n\n        {% else %}\n            -- this only happens if the user provides a value other than `apply`, \'skip\', \'fail\'\n            {{ exceptions.raise_compiler_error("Unexpected configuration scenario") }}\n\n        {% endif %}\n\n    {% endif %}\n\n    {% do return(build_sql) %}\n\n{% endmacro %}', 'depends_on': {'macros': ['macro.dbt.should_full_refresh', 'macro.dbt.get_create_materialized_view_as_sql', 'macro.dbt.get_replace_sql', 'macro.dbt.get_materialized_view_configuration_changes', 'macro.dbt.refresh_materialized_view', 'macro.dbt.get_alter_materialized_view_as_sql']}, 'description': '', 'meta': {}, 'docs': {'show': True, 'node_color': None}, 'config': {'meta': {}, 'docs': {'show': True, 'node_color': None}}, 'patch_path': None, 'arguments': [], 'created_at': 1780338387.9999928, 'supported_languages': None}, 'macro.dbt.materialized_view_execute_no_op': {'name': 'materialized_view_execute_no_op', 'resource_type': 'macro', 'package_name': 'dbt', 'path': 'macros/materializations/models/materialized_view.sql', 'original_file_path': 'macros/materializations/models/materialized_view.sql', 'unique_id': 'macro.dbt.materialized_view_execute_no_op', 'macro_sql': '{% macro materialized_view_execute_no_op(target_relation) %}\n    {% do store_raw_result(\n        name="main",\n        message="skip " ~ target_relation,\n        code="skip",\n        rows_affected="-1"\n    ) %}\n{% endmacro %}', 'depends_on': {'macros': []}, 'description': '', 'meta': {}, 'docs': {'show': True, 'node_color': None}, 'config': {'meta': {}, 'docs': {'show': True, 'node_color': None}}, 'patch_path': None, 'arguments': [], 'created_at': 1780338388.0002928, 'supported_languages': None}, 'macro.dbt.materialized_view_execute_build_sql': {'name': 'materialized_view_execute_build_sql', 'resource_type': 'macro', 'package_name': 'dbt', 'path': 'macros/materializations/models/materialized_view.sql', 'original_file_path': 'macros/materializations/models/materialized_view.sql', 'unique_id': 'macro.dbt.materialized_view_execute_build_sql', 'macro_sql': '{% macro materialized_view_execute_build_sql(build_sql, existing_relation, target_relation, post_hooks) %}\n\n    -- `BEGIN` happens here:\n    {{ run_hooks(pre_hooks, inside_transaction=True) }}\n\n    {% set grant_config = config.get(\'grants\') %}\n\n    {% call statement(name="main") %}\n        {{ build_sql }}\n    {% endcall %}\n\n    {% set should_revoke = should_revoke(existing_relation, full_refresh_mode=True) %}\n    {% do apply_grants(target_relation, grant_config, should_revoke=should_revoke) %}\n\n    {% do persist_docs(target_relation, model) %}\n\n    {{ run_hooks(post_hooks, inside_transaction=True) }}\n\n    {{ adapter.commit() }}\n\n{% endmacro %}', 'depends_on': {'macros': ['macro.dbt.run_hooks', 'macro.dbt.statement', 'macro.dbt.should_revoke', 'macro.dbt.apply_grants', 'macro.dbt.persist_docs']}, 'description': '', 'meta': {}, 'docs': {'show': True, 'node_color': None}, 'config': {'meta': {}, 'docs': {'show': True, 'node_color': None}}, 'patch_path': None, 'arguments': [], 'created_at': 1780338388.0012052, 'supported_languages': None}, 'macro.dbt.incremental_validate_on_schema_change': {'name': 'incremental_validate_on_schema_change', 'resource_type': 'macro', 'package_name': 'dbt', 'path': 'macros/materializations/models/incremental/on_schema_change.sql', 'original_file_path': 'macros/materializations/models/incremental/on_schema_change.sql', 'unique_id': 'macro.dbt.incremental_validate_on_schema_change', 'macro_sql': "{% macro incremental_validate_on_schema_change(on_schema_change, default='ignore') %}\n\n   {% if on_schema_change not in ['sync_all_columns', 'append_new_columns', 'fail', 'ignore'] %}\n\n     {% set log_message = 'Invalid value for on_schema_change (%s) specified. Setting default value of %s.' % (on_schema_change, default) %}\n     {% do log(log_message) %}\n\n     {{ return(default) }}\n\n   {% else %}\n\n     {{ return(on_schema_change) }}\n\n   {% endif %}\n\n{% endmacro %}", 'depends_on': {'macros': []}, 'description': '', 'meta': {}, 'docs': {'show': True, 'node_color': None}, 'config': {'meta': {}, 'docs': {'show': True, 'node_color': None}}, 'patch_path': None, 'arguments': [], 'created_at': 1780338388.0030153, 'supported_languages': None}, 'macro.dbt.check_for_schema_changes': {'name': 'check_for_schema_changes', 'resource_type': 'macro', 'package_name': 'dbt', 'path': 'macros/materializations/models/incremental/on_schema_change.sql', 'original_file_path': 'macros/materializations/models/incremental/on_schema_change.sql', 'unique_id': 'macro.dbt.check_for_schema_changes', 'macro_sql': "{% macro check_for_schema_changes(source_relation, target_relation) %}\n  {{ return(adapter.dispatch('check_for_schema_changes', 'dbt')(source_relation, target_relation)) }}\n{% endmacro %}", 'depends_on': {'macros': ['macro.dbt.default__check_for_schema_changes']}, 'description': '', 'meta': {}, 'docs': {'show': True, 'node_color': None}, 'config': {'meta': {}, 'docs': {'show': True, 'node_color': None}}, 'patch_path': None, 'arguments': [], 'created_at': 1780338388.003343, 'supported_languages': None}, 'macro.dbt.default__check_for_schema_changes': {'name': 'default__check_for_schema_changes', 'resource_type': 'macro', 'package_name': 'dbt', 'path': 'macros/materializations/models/incremental/on_schema_change.sql', 'original_file_path': 'macros/materializations/models/incremental/on_schema_change.sql', 'unique_id': 'macro.dbt.default__check_for_schema_changes', 'macro_sql': "{% macro default__check_for_schema_changes(source_relation, target_relation) %}\n\n  {% set schema_changed = False %}\n\n  {%- set source_columns = adapter.get_columns_in_relation(source_relation) -%}\n  {%- set target_columns = adapter.get_columns_in_relation(target_relation) -%}\n  {%- set source_not_in_target = diff_columns(source_columns, target_columns) -%}\n  {%- set target_not_in_source = diff_columns(target_columns, source_columns) -%}\n\n  {% set new_target_types = diff_column_data_types(source_columns, target_columns) %}\n\n  {% if source_not_in_target != [] %}\n    {% set schema_changed = True %}\n  {% elif target_not_in_source != [] or new_target_types != [] %}\n    {% set schema_changed = True %}\n  {% elif new_target_types != [] %}\n    {% set schema_changed = True %}\n  {% endif %}\n\n  {% set changes_dict = {\n    'schema_changed': schema_changed,\n    'source_not_in_target': source_not_in_target,\n    'target_not_in_source': target_not_in_source,\n    'source_columns': source_columns,\n    'target_columns': target_columns,\n    'new_target_types': new_target_types\n  } %}\n\n  {% set msg %}\n    In {{ target_relation }}:\n        Schema changed: {{ schema_changed }}\n        Source columns not in target: {{ source_not_in_target }}\n        Target columns not in source: {{ target_not_in_source }}\n        New column types: {{ new_target_types }}\n  {% endset %}\n\n  {% do log(msg) %}\n\n  {{ return(changes_dict) }}\n\n{% endmacro %}", 'depends_on': {'macros': ['macro.dbt.diff_columns', 'macro.dbt.diff_column_data_types']}, 'description': '', 'meta': {}, 'docs': {'show': True, 'node_color': None}, 'config': {'meta': {}, 'docs': {'show': True, 'node_color': None}}, 'patch_path': None, 'arguments': [], 'created_at': 1780338388.0048392, 'supported_languages': None}, 'macro.dbt.sync_column_schemas': {'name': 'sync_column_schemas', 'resource_type': 'macro', 'package_name': 'dbt', 'path': 'macros/materializations/models/incremental/on_schema_change.sql', 'original_file_path': 'macros/materializations/models/incremental/on_schema_change.sql', 'unique_id': 'macro.dbt.sync_column_schemas', 'macro_sql': "{% macro sync_column_schemas(on_schema_change, target_relation, schema_changes_dict) %}\n  {{ return(adapter.dispatch('sync_column_schemas', 'dbt')(on_schema_change, target_relation, schema_changes_dict)) }}\n{% endmacro %}", 'depends_on': {'macros': ['macro.dbt.default__sync_column_schemas']}, 'description': '', 'meta': {}, 'docs': {'show': True, 'node_color': None}, 'config': {'meta': {}, 'docs': {'show': True, 'node_color': None}}, 'patch_path': None, 'arguments': [], 'created_at': 1780338388.0052187, 'supported_languages': None}, 'macro.dbt.default__sync_column_schemas': {'name': 'default__sync_column_schemas', 'resource_type': 'macro', 'package_name': 'dbt', 'path': 'macros/materializations/models/incremental/on_schema_change.sql', 'original_file_path': 'macros/materializations/models/incremental/on_schema_change.sql', 'unique_id': 'macro.dbt.default__sync_column_schemas', 'macro_sql': "{% macro default__sync_column_schemas(on_schema_change, target_relation, schema_changes_dict) %}\n\n  {%- set add_to_target_arr = schema_changes_dict['source_not_in_target'] -%}\n  {%- set remove_from_target_arr = schema_changes_dict['target_not_in_source'] -%}\n  {%- set new_target_types = schema_changes_dict['new_target_types'] -%}\n\n  {%- if on_schema_change == 'append_new_columns'-%}\n     {%- if add_to_target_arr | length > 0 -%}\n       {%- do alter_relation_add_remove_columns(target_relation, add_to_target_arr, none) -%}\n     {%- endif -%}\n\n  {% elif on_schema_change == 'sync_all_columns' %}\n\n     {% if add_to_target_arr | length > 0 or remove_from_target_arr | length > 0 %}\n       {%- do alter_relation_add_remove_columns(target_relation, add_to_target_arr, remove_from_target_arr) -%}\n     {% endif %}\n\n     {% if new_target_types != [] %}\n       {% for ntt in new_target_types %}\n         {% set column_name = ntt['column_name'] %}\n         {% set new_type = ntt['new_type'] %}\n         {% do alter_column_type(target_relation, column_name, new_type) %}\n       {% endfor %}\n     {% endif %}\n\n  {% endif %}\n\n  {% set schema_change_message %}\n    In {{ target_relation }}:\n        Schema change approach: {{ on_schema_change }}\n        Columns added: {{ add_to_target_arr }}\n        Columns removed: {{ remove_from_target_arr }}\n        Data types changed: {{ new_target_types }}\n  {% endset %}\n\n  {% do log(schema_change_message) %}\n\n{% endmacro %}", 'depends_on': {'macros': ['macro.dbt.alter_relation_add_remove_columns', 'macro.dbt.alter_column_type']}, 'description': '', 'meta': {}, 'docs': {'show': True, 'node_color': None}, 'config': {'meta': {}, 'docs': {'show': True, 'node_color': None}}, 'patch_path': None, 'arguments': [], 'created_at': 1780338388.0067601, 'supported_languages': None}, 'macro.dbt.process_schema_changes': {'name': 'process_schema_changes', 'resource_type': 'macro', 'package_name': 'dbt', 'path': 'macros/materializations/models/incremental/on_schema_change.sql', 'original_file_path': 'macros/materializations/models/incremental/on_schema_change.sql', 'unique_id': 'macro.dbt.process_schema_changes', 'macro_sql': "{% macro process_schema_changes(on_schema_change, source_relation, target_relation) %}\n  {{ return(adapter.dispatch('process_schema_changes', 'dbt')(on_schema_change, source_relation, target_relation)) }}\n{% endmacro %}", 'depends_on': {'macros': ['macro.dbt.default__process_schema_changes']}, 'description': '', 'meta': {}, 'docs': {'show': True, 'node_color': None}, 'config': {'meta': {}, 'docs': {'show': True, 'node_color': None}}, 'patch_path': None, 'arguments': [], 'created_at': 1780338388.0071156, 'supported_languages': None}, 'macro.dbt.default__process_schema_changes': {'name': 'default__process_schema_changes', 'resource_type': 'macro', 'package_name': 'dbt', 'path': 'macros/materializations/models/incremental/on_schema_change.sql', 'original_file_path': 'macros/materializations/models/incremental/on_schema_change.sql', 'unique_id': 'macro.dbt.default__process_schema_changes', 'macro_sql': "{% macro default__process_schema_changes(on_schema_change, source_relation, target_relation) %}\n\n    {% if on_schema_change == 'ignore' %}\n\n     {{ return({}) }}\n\n    {% else %}\n\n      {% set schema_changes_dict = check_for_schema_changes(source_relation, target_relation) %}\n\n      {% if schema_changes_dict['schema_changed'] %}\n\n        {% if on_schema_change == 'fail' %}\n\n          {% set fail_msg %}\n              The source and target schemas on this incremental model are out of sync!\n              They can be reconciled in several ways:\n                - set the `on_schema_change` config to either append_new_columns or sync_all_columns, depending on your situation.\n                - Re-run the incremental model with `full_refresh: True` to update the target schema.\n                - update the schema manually and re-run the process.\n\n              Additional troubleshooting context:\n                 Source columns not in target: {{ schema_changes_dict['source_not_in_target'] }}\n                 Target columns not in source: {{ schema_changes_dict['target_not_in_source'] }}\n                 New column types: {{ schema_changes_dict['new_target_types'] }}\n          {% endset %}\n\n          {% do exceptions.raise_compiler_error(fail_msg) %}\n\n        {# -- unless we ignore, run the sync operation per the config #}\n        {% else %}\n\n          {% do sync_column_schemas(on_schema_change, target_relation, schema_changes_dict) %}\n\n        {% endif %}\n\n      {% endif %}\n\n      {{ return(schema_changes_dict['source_columns']) }}\n\n    {% endif %}\n\n{% endmacro %}", 'depends_on': {'macros': ['macro.dbt.check_for_schema_changes', 'macro.dbt.sync_column_schemas']}, 'description': '', 'meta': {}, 'docs': {'show': True, 'node_color': None}, 'config': {'meta': {}, 'docs': {'show': True, 'node_color': None}}, 'patch_path': None, 'arguments': [], 'created_at': 1780338388.0082946, 'supported_languages': None}, 'macro.dbt.get_incremental_append_sql': {'name': 'get_incremental_append_sql', 'resource_type': 'macro', 'package_name': 'dbt', 'path': 'macros/materializations/models/incremental/strategies.sql', 'original_file_path': 'macros/materializations/models/incremental/strategies.sql', 'unique_id': 'macro.dbt.get_incremental_append_sql', 'macro_sql': "{% macro get_incremental_append_sql(arg_dict) %}\n\n  {{ return(adapter.dispatch('get_incremental_append_sql', 'dbt')(arg_dict)) }}\n\n{% endmacro %}", 'depends_on': {'macros': ['macro.dbt.default__get_incremental_append_sql']}, 'description': '', 'meta': {}, 'docs': {'show': True, 'node_color': None}, 'config': {'meta': {}, 'docs': {'show': True, 'node_color': None}}, 'patch_path': None, 'arguments': [], 'created_at': 1780338388.0092473, 'supported_languages': None}, 'macro.dbt.default__get_incremental_append_sql': {'name': 'default__get_incremental_append_sql', 'resource_type': 'macro', 'package_name': 'dbt', 'path': 'macros/materializations/models/incremental/strategies.sql', 'original_file_path': 'macros/materializations/models/incremental/strategies.sql', 'unique_id': 'macro.dbt.default__get_incremental_append_sql', 'macro_sql': '{% macro default__get_incremental_append_sql(arg_dict) %}\n\n  {% do return(get_insert_into_sql(arg_dict["target_relation"], arg_dict["temp_relation"], arg_dict["dest_columns"])) %}\n\n{% endmacro %}', 'depends_on': {'macros': ['macro.dbt.get_insert_into_sql']}, 'description': '', 'meta': {}, 'docs': {'show': True, 'node_color': None}, 'config': {'meta': {}, 'docs': {'show': True, 'node_color': None}}, 'patch_path': None, 'arguments': [], 'created_at': 1780338388.009557, 'supported_languages': None}, 'macro.dbt.get_incremental_delete_insert_sql': {'name': 'get_incremental_delete_insert_sql', 'resource_type': 'macro', 'package_name': 'dbt', 'path': 'macros/materializations/models/incremental/strategies.sql', 'original_file_path': 'macros/materializations/models/incremental/strategies.sql', 'unique_id': 'macro.dbt.get_incremental_delete_insert_sql', 'macro_sql': "{% macro get_incremental_delete_insert_sql(arg_dict) %}\n\n  {{ return(adapter.dispatch('get_incremental_delete_insert_sql', 'dbt')(arg_dict)) }}\n\n{% endmacro %}", 'depends_on': {'macros': ['macro.dbt.default__get_incremental_delete_insert_sql']}, 'description': '', 'meta': {}, 'docs': {'show': True, 'node_color': None}, 'config': {'meta': {}, 'docs': {'show': True, 'node_color': None}}, 'patch_path': None, 'arguments': [], 'created_at': 1780338388.0097868, 'supported_languages': None}, 'macro.dbt.default__get_incremental_delete_insert_sql': {'name': 'default__get_incremental_delete_insert_sql', 'resource_type': 'macro', 'package_name': 'dbt', 'path': 'macros/materializations/models/incremental/strategies.sql', 'original_file_path': 'macros/materializations/models/incremental/strategies.sql', 'unique_id': 'macro.dbt.default__get_incremental_delete_insert_sql', 'macro_sql': '{% macro default__get_incremental_delete_insert_sql(arg_dict) %}\n\n  {% do return(get_delete_insert_merge_sql(arg_dict["target_relation"], arg_dict["temp_relation"], arg_dict["unique_key"], arg_dict["dest_columns"], arg_dict["incremental_predicates"])) %}\n\n{% endmacro %}', 'depends_on': {'macros': ['macro.dbt.get_delete_insert_merge_sql']}, 'description': '', 'meta': {}, 'docs': {'show': True, 'node_color': None}, 'config': {'meta': {}, 'docs': {'show': True, 'node_color': None}}, 'patch_path': None, 'arguments': [], 'created_at': 1780338388.0101306, 'supported_languages': None}, 'macro.dbt.get_incremental_merge_sql': {'name': 'get_incremental_merge_sql', 'resource_type': 'macro', 'package_name': 'dbt', 'path': 'macros/materializations/models/incremental/strategies.sql', 'original_file_path': 'macros/materializations/models/incremental/strategies.sql', 'unique_id': 'macro.dbt.get_incremental_merge_sql', 'macro_sql': "{% macro get_incremental_merge_sql(arg_dict) %}\n\n  {{ return(adapter.dispatch('get_incremental_merge_sql', 'dbt')(arg_dict)) }}\n\n{% endmacro %}", 'depends_on': {'macros': ['macro.dbt.default__get_incremental_merge_sql']}, 'description': '', 'meta': {}, 'docs': {'show': True, 'node_color': None}, 'config': {'meta': {}, 'docs': {'show': True, 'node_color': None}}, 'patch_path': None, 'arguments': [], 'created_at': 1780338388.0103507, 'supported_languages': None}, 'macro.dbt.default__get_incremental_merge_sql': {'name': 'default__get_incremental_merge_sql', 'resource_type': 'macro', 'package_name': 'dbt', 'path': 'macros/materializations/models/incremental/strategies.sql', 'original_file_path': 'macros/materializations/models/incremental/strategies.sql', 'unique_id': 'macro.dbt.default__get_incremental_merge_sql', 'macro_sql': '{% macro default__get_incremental_merge_sql(arg_dict) %}\n\n  {% do return(get_merge_sql(arg_dict["target_relation"], arg_dict["temp_relation"], arg_dict["unique_key"], arg_dict["dest_columns"], arg_dict["incremental_predicates"])) %}\n\n{% endmacro %}', 'depends_on': {'macros': ['macro.dbt.get_merge_sql']}, 'description': '', 'meta': {}, 'docs': {'show': True, 'node_color': None}, 'config': {'meta': {}, 'docs': {'show': True, 'node_color': None}}, 'patch_path': None, 'arguments': [], 'created_at': 1780338388.010685, 'supported_languages': None}, 'macro.dbt.get_incremental_insert_overwrite_sql': {'name': 'get_incremental_insert_overwrite_sql', 'resource_type': 'macro', 'package_name': 'dbt', 'path': 'macros/materializations/models/incremental/strategies.sql', 'original_file_path': 'macros/materializations/models/incremental/strategies.sql', 'unique_id': 'macro.dbt.get_incremental_insert_overwrite_sql', 'macro_sql': "{% macro get_incremental_insert_overwrite_sql(arg_dict) %}\n\n  {{ return(adapter.dispatch('get_incremental_insert_overwrite_sql', 'dbt')(arg_dict)) }}\n\n{% endmacro %}", 'depends_on': {'macros': ['macro.dbt.default__get_incremental_insert_overwrite_sql']}, 'description': '', 'meta': {}, 'docs': {'show': True, 'node_color': None}, 'config': {'meta': {}, 'docs': {'show': True, 'node_color': None}}, 'patch_path': None, 'arguments': [], 'created_at': 1780338388.0109, 'supported_languages': None}, 'macro.dbt.default__get_incremental_insert_overwrite_sql': {'name': 'default__get_incremental_insert_overwrite_sql', 'resource_type': 'macro', 'package_name': 'dbt', 'path': 'macros/materializations/models/incremental/strategies.sql', 'original_file_path': 'macros/materializations/models/incremental/strategies.sql', 'unique_id': 'macro.dbt.default__get_incremental_insert_overwrite_sql', 'macro_sql': '{% macro default__get_incremental_insert_overwrite_sql(arg_dict) %}\n\n  {% do return(get_insert_overwrite_merge_sql(arg_dict["target_relation"], arg_dict["temp_relation"], arg_dict["dest_columns"], arg_dict["incremental_predicates"])) %}\n\n{% endmacro %}', 'depends_on': {'macros': ['macro.dbt.get_insert_overwrite_merge_sql']}, 'description': '', 'meta': {}, 'docs': {'show': True, 'node_color': None}, 'config': {'meta': {}, 'docs': {'show': True, 'node_color': None}}, 'patch_path': None, 'arguments': [], 'created_at': 1780338388.0113044, 'supported_languages': None}, 'macro.dbt.get_incremental_default_sql': {'name': 'get_incremental_default_sql', 'resource_type': 'macro', 'package_name': 'dbt', 'path': 'macros/materializations/models/incremental/strategies.sql', 'original_file_path': 'macros/materializations/models/incremental/strategies.sql', 'unique_id': 'macro.dbt.get_incremental_default_sql', 'macro_sql': "{% macro get_incremental_default_sql(arg_dict) %}\n\n  {{ return(adapter.dispatch('get_incremental_default_sql', 'dbt')(arg_dict)) }}\n\n{% endmacro %}", 'depends_on': {'macros': ['macro.dbt_postgres.postgres__get_incremental_default_sql']}, 'description': '', 'meta': {}, 'docs': {'show': True, 'node_color': None}, 'config': {'meta': {}, 'docs': {'show': True, 'node_color': None}}, 'patch_path': None, 'arguments': [], 'created_at': 1780338388.0115755, 'supported_languages': None}, 'macro.dbt.default__get_incremental_default_sql': {'name': 'default__get_incremental_default_sql', 'resource_type': 'macro', 'package_name': 'dbt', 'path': 'macros/materializations/models/incremental/strategies.sql', 'original_file_path': 'macros/materializations/models/incremental/strategies.sql', 'unique_id': 'macro.dbt.default__get_incremental_default_sql', 'macro_sql': '{% macro default__get_incremental_default_sql(arg_dict) %}\n\n  {% do return(get_incremental_append_sql(arg_dict)) %}\n\n{% endmacro %}', 'depends_on': {'macros': ['macro.dbt.get_incremental_append_sql']}, 'description': '', 'meta': {}, 'docs': {'show': True, 'node_color': None}, 'config': {'meta': {}, 'docs': {'show': True, 'node_color': None}}, 'patch_path': None, 'arguments': [], 'created_at': 1780338388.0118024, 'supported_languages': None}, 'macro.dbt.get_incremental_microbatch_sql': {'name': 'get_incremental_microbatch_sql', 'resource_type': 'macro', 'package_name': 'dbt', 'path': 'macros/materializations/models/incremental/strategies.sql', 'original_file_path': 'macros/materializations/models/incremental/strategies.sql', 'unique_id': 'macro.dbt.get_incremental_microbatch_sql', 'macro_sql': "{% macro get_incremental_microbatch_sql(arg_dict) %}\n\n  {{ return(adapter.dispatch('get_incremental_microbatch_sql', 'dbt')(arg_dict)) }}\n\n{% endmacro %}", 'depends_on': {'macros': ['macro.dbt_postgres.postgres__get_incremental_microbatch_sql']}, 'description': '', 'meta': {}, 'docs': {'show': True, 'node_color': None}, 'config': {'meta': {}, 'docs': {'show': True, 'node_color': None}}, 'patch_path': None, 'arguments': [], 'created_at': 1780338388.0120459, 'supported_languages': None}, 'macro.dbt.default__get_incremental_microbatch_sql': {'name': 'default__get_incremental_microbatch_sql', 'resource_type': 'macro', 'package_name': 'dbt', 'path': 'macros/materializations/models/incremental/strategies.sql', 'original_file_path': 'macros/materializations/models/incremental/strategies.sql', 'unique_id': 'macro.dbt.default__get_incremental_microbatch_sql', 'macro_sql': "{% macro default__get_incremental_microbatch_sql(arg_dict) %}\n\n  {{ exceptions.raise_not_implemented('microbatch materialization strategy not implemented for adapter ' + adapter.type()) }}\n\n{% endmacro %}", 'depends_on': {'macros': []}, 'description': '', 'meta': {}, 'docs': {'show': True, 'node_color': None}, 'config': {'meta': {}, 'docs': {'show': True, 'node_color': None}}, 'patch_path': None, 'arguments': [], 'created_at': 1780338388.012307, 'supported_languages': None}, 'macro.dbt.get_insert_into_sql': {'name': 'get_insert_into_sql', 'resource_type': 'macro', 'package_name': 'dbt', 'path': 'macros/materializations/models/incremental/strategies.sql', 'original_file_path': 'macros/materializations/models/incremental/strategies.sql', 'unique_id': 'macro.dbt.get_insert_into_sql', 'macro_sql': '{% macro get_insert_into_sql(target_relation, temp_relation, dest_columns) %}\n\n    {%- set dest_cols_csv = get_quoted_csv(dest_columns | map(attribute="name")) -%}\n\n    insert into {{ target_relation }} ({{ dest_cols_csv }})\n    (\n        select {{ dest_cols_csv }}\n        from {{ temp_relation }}\n    )\n\n{% endmacro %}', 'depends_on': {'macros': ['macro.dbt.get_quoted_csv']}, 'description': '', 'meta': {}, 'docs': {'show': True, 'node_color': None}, 'config': {'meta': {}, 'docs': {'show': True, 'node_color': None}}, 'patch_path': None, 'arguments': [], 'created_at': 1780338388.012726, 'supported_languages': None}, 'macro.dbt.get_quoted_csv': {'name': 'get_quoted_csv', 'resource_type': 'macro', 'package_name': 'dbt', 'path': 'macros/materializations/models/incremental/column_helpers.sql', 'original_file_path': 'macros/materializations/models/incremental/column_helpers.sql', 'unique_id': 'macro.dbt.get_quoted_csv', 'macro_sql': "{% macro get_quoted_csv(column_names) %}\n\n    {% set quoted = [] %}\n    {% for col in column_names -%}\n        {%- do quoted.append(adapter.quote(col)) -%}\n    {%- endfor %}\n\n    {%- set dest_cols_csv = quoted | join(', ') -%}\n    {{ return(dest_cols_csv) }}\n\n{% endmacro %}", 'depends_on': {'macros': []}, 'description': '', 'meta': {}, 'docs': {'show': True, 'node_color': None}, 'config': {'meta': {}, 'docs': {'show': True, 'node_color': None}}, 'patch_path': None, 'arguments': [], 'created_at': 1780338388.0139284, 'supported_languages': None}, 'macro.dbt.diff_columns': {'name': 'diff_columns', 'resource_type': 'macro', 'package_name': 'dbt', 'path': 'macros/materializations/models/incremental/column_helpers.sql', 'original_file_path': 'macros/materializations/models/incremental/column_helpers.sql', 'unique_id': 'macro.dbt.diff_columns', 'macro_sql': "{% macro diff_columns(source_columns, target_columns) %}\n\n  {% set result = [] %}\n  {% set source_names = source_columns | map(attribute = 'column') | list %}\n  {% set target_names = target_columns | map(attribute = 'column') | list %}\n\n   {# --check whether the name attribute exists in the target - this does not perform a data type check #}\n   {% for sc in source_columns %}\n     {% if sc.name not in target_names %}\n        {{ result.append(sc) }}\n     {% endif %}\n   {% endfor %}\n\n  {{ return(result) }}\n\n{% endmacro %}", 'depends_on': {'macros': []}, 'description': '', 'meta': {}, 'docs': {'show': True, 'node_color': None}, 'config': {'meta': {}, 'docs': {'show': True, 'node_color': None}}, 'patch_path': None, 'arguments': [], 'created_at': 1780338388.0147314, 'supported_languages': None}, 'macro.dbt.diff_column_data_types': {'name': 'diff_column_data_types', 'resource_type': 'macro', 'package_name': 'dbt', 'path': 'macros/materializations/models/incremental/column_helpers.sql', 'original_file_path': 'macros/materializations/models/incremental/column_helpers.sql', 'unique_id': 'macro.dbt.diff_column_data_types', 'macro_sql': "{% macro diff_column_data_types(source_columns, target_columns) %}\n  {{ return(adapter.dispatch('diff_column_data_types', 'dbt')(source_columns, target_columns)) }}\n{% endmacro %}", 'depends_on': {'macros': ['macro.dbt.default__diff_column_data_types']}, 'description': '', 'meta': {}, 'docs': {'show': True, 'node_color': None}, 'config': {'meta': {}, 'docs': {'show': True, 'node_color': None}}, 'patch_path': None, 'arguments': [], 'created_at': 1780338388.0150216, 'supported_languages': None}, 'macro.dbt.default__diff_column_data_types': {'name': 'default__diff_column_data_types', 'resource_type': 'macro', 'package_name': 'dbt', 'path': 'macros/materializations/models/incremental/column_helpers.sql', 'original_file_path': 'macros/materializations/models/incremental/column_helpers.sql', 'unique_id': 'macro.dbt.default__diff_column_data_types', 'macro_sql': '{% macro default__diff_column_data_types(source_columns, target_columns) %}\n  {% set result = [] %}\n  {% for sc in source_columns %}\n    {% set tc = target_columns | selectattr("name", "equalto", sc.name) | list | first %}\n    {% if tc %}\n      {% if sc.expanded_data_type != tc.expanded_data_type and not sc.can_expand_to(other_column=tc) %}\n        {{ result.append( { \'column_name\': tc.name, \'new_type\': sc.expanded_data_type } ) }}\n      {% endif %}\n    {% endif %}\n  {% endfor %}\n\n  {{ return(result) }}\n\n{% endmacro %}', 'depends_on': {'macros': []}, 'description': '', 'meta': {}, 'docs': {'show': True, 'node_color': None}, 'config': {'meta': {}, 'docs': {'show': True, 'node_color': None}}, 'patch_path': None, 'arguments': [], 'created_at': 1780338388.0159307, 'supported_languages': None}, 'macro.dbt.get_merge_update_columns': {'name': 'get_merge_update_columns', 'resource_type': 'macro', 'package_name': 'dbt', 'path': 'macros/materializations/models/incremental/column_helpers.sql', 'original_file_path': 'macros/materializations/models/incremental/column_helpers.sql', 'unique_id': 'macro.dbt.get_merge_update_columns', 'macro_sql': "{% macro get_merge_update_columns(merge_update_columns, merge_exclude_columns, dest_columns) %}\n  {{ return(adapter.dispatch('get_merge_update_columns', 'dbt')(merge_update_columns, merge_exclude_columns, dest_columns)) }}\n{% endmacro %}", 'depends_on': {'macros': ['macro.dbt.default__get_merge_update_columns']}, 'description': '', 'meta': {}, 'docs': {'show': True, 'node_color': None}, 'config': {'meta': {}, 'docs': {'show': True, 'node_color': None}}, 'patch_path': None, 'arguments': [], 'created_at': 1780338388.0162334, 'supported_languages': None}, 'macro.dbt.default__get_merge_update_columns': {'name': 'default__get_merge_update_columns', 'resource_type': 'macro', 'package_name': 'dbt', 'path': 'macros/materializations/models/incremental/column_helpers.sql', 'original_file_path': 'macros/materializations/models/incremental/column_helpers.sql', 'unique_id': 'macro.dbt.default__get_merge_update_columns', 'macro_sql': '{% macro default__get_merge_update_columns(merge_update_columns, merge_exclude_columns, dest_columns) %}\n  {%- set default_cols = dest_columns | map(attribute="quoted") | list -%}\n\n  {%- if merge_update_columns and merge_exclude_columns -%}\n    {{ exceptions.raise_compiler_error(\n        \'Model cannot specify merge_update_columns and merge_exclude_columns. Please update model to use only one config\'\n    )}}\n  {%- elif merge_update_columns -%}\n    {%- set update_columns = merge_update_columns -%}\n  {%- elif merge_exclude_columns -%}\n    {%- set update_columns = [] -%}\n    {%- for column in dest_columns -%}\n      {% if column.column | lower not in merge_exclude_columns | map("lower") | list %}\n        {%- do update_columns.append(column.quoted) -%}\n      {% endif %}\n    {%- endfor -%}\n  {%- else -%}\n    {%- set update_columns = default_cols -%}\n  {%- endif -%}\n\n  {{ return(update_columns) }}\n\n{% endmacro %}', 'depends_on': {'macros': []}, 'description': '', 'meta': {}, 'docs': {'show': True, 'node_color': None}, 'config': {'meta': {}, 'docs': {'show': True, 'node_color': None}}, 'patch_path': None, 'arguments': [], 'created_at': 1780338388.017347, 'supported_languages': None}, 'macro.dbt.get_merge_sql': {'name': 'get_merge_sql', 'resource_type': 'macro', 'package_name': 'dbt', 'path': 'macros/materializations/models/incremental/merge.sql', 'original_file_path': 'macros/materializations/models/incremental/merge.sql', 'unique_id': 'macro.dbt.get_merge_sql', 'macro_sql': "{% macro get_merge_sql(target, source, unique_key, dest_columns, incremental_predicates=none) -%}\n   -- back compat for old kwarg name\n  {% set incremental_predicates = kwargs.get('predicates', incremental_predicates) %}\n  {{ adapter.dispatch('get_merge_sql', 'dbt')(target, source, unique_key, dest_columns, incremental_predicates) }}\n{%- endmacro %}", 'depends_on': {'macros': ['macro.dbt.default__get_merge_sql']}, 'description': '', 'meta': {}, 'docs': {'show': True, 'node_color': None}, 'config': {'meta': {}, 'docs': {'show': True, 'node_color': None}}, 'patch_path': None, 'arguments': [], 'created_at': 1780338388.0188391, 'supported_languages': None}, 'macro.dbt.get_merge_unique_key_match': {'name': 'get_merge_unique_key_match', 'resource_type': 'macro', 'package_name': 'dbt', 'path': 'macros/materializations/models/incremental/merge.sql', 'original_file_path': 'macros/materializations/models/incremental/merge.sql', 'unique_id': 'macro.dbt.get_merge_unique_key_match', 'macro_sql': "{% macro get_merge_unique_key_match(source_unique_key, target_unique_key) %}\n  {{ return(adapter.dispatch('get_merge_unique_key_match', 'dbt')(source_unique_key, target_unique_key)) }}\n{% endmacro %}", 'depends_on': {'macros': ['macro.dbt.default__get_merge_unique_key_match']}, 'description': '', 'meta': {}, 'docs': {'show': True, 'node_color': None}, 'config': {'meta': {}, 'docs': {'show': True, 'node_color': None}}, 'patch_path': None, 'arguments': [], 'created_at': 1780338388.019181, 'supported_languages': None}, 'macro.dbt.default__get_merge_unique_key_match': {'name': 'default__get_merge_unique_key_match', 'resource_type': 'macro', 'package_name': 'dbt', 'path': 'macros/materializations/models/incremental/merge.sql', 'original_file_path': 'macros/materializations/models/incremental/merge.sql', 'unique_id': 'macro.dbt.default__get_merge_unique_key_match', 'macro_sql': '{% macro default__get_merge_unique_key_match(source_unique_key, target_unique_key) -%}\n    {{ return(equals(source_unique_key, target_unique_key) | trim) }}\n{%- endmacro %}', 'depends_on': {'macros': ['macro.dbt.equals']}, 'description': '', 'meta': {}, 'docs': {'show': True, 'node_color': None}, 'config': {'meta': {}, 'docs': {'show': True, 'node_color': None}}, 'patch_path': None, 'arguments': [], 'created_at': 1780338388.0196815, 'supported_languages': None}, 'macro.dbt.default__get_merge_sql': {'name': 'default__get_merge_sql', 'resource_type': 'macro', 'package_name': 'dbt', 'path': 'macros/materializations/models/incremental/merge.sql', 'original_file_path': 'macros/materializations/models/incremental/merge.sql', 'unique_id': 'macro.dbt.default__get_merge_sql', 'macro_sql': '{% macro default__get_merge_sql(target, source, unique_key, dest_columns, incremental_predicates=none) -%}\n    {%- set predicates = [] if incremental_predicates is none else [] + incremental_predicates -%}\n    {%- set dest_cols_csv = get_quoted_csv(dest_columns | map(attribute="name")) -%}\n    {%- set merge_update_columns = config.get(\'merge_update_columns\') -%}\n    {%- set merge_exclude_columns = config.get(\'merge_exclude_columns\') -%}\n    {%- set update_columns = get_merge_update_columns(merge_update_columns, merge_exclude_columns, dest_columns) -%}\n    {%- set sql_header = config.get(\'sql_header\', none) -%}\n\n    {% if unique_key %}\n        {% if unique_key is sequence and unique_key is not mapping and unique_key is not string %}\n            {% for key in unique_key %}\n                {% set this_key_match %}\n                    DBT_INTERNAL_SOURCE.{{ key }} = DBT_INTERNAL_DEST.{{ key }}\n                {% endset %}\n                {% do predicates.append(this_key_match) %}\n            {% endfor %}\n        {% else %}\n            {% set source_unique_key = ("DBT_INTERNAL_SOURCE." ~ unique_key) | trim %}\n            {% set target_unique_key = ("DBT_INTERNAL_DEST." ~ unique_key) | trim %}\n            {% set unique_key_match = get_merge_unique_key_match(source_unique_key, target_unique_key) %}\n            {% do predicates.append(unique_key_match) %}\n        {% endif %}\n    {% else %}\n        {% do predicates.append(\'FALSE\') %}\n    {% endif %}\n\n    {{ sql_header if sql_header is not none }}\n\n    merge into {{ target }} as DBT_INTERNAL_DEST\n        using {{ source }} as DBT_INTERNAL_SOURCE\n        on {{"(" ~ predicates | join(") and (") ~ ")"}}\n\n    {% if unique_key %}\n    when matched then update set\n        {% for column_name in update_columns -%}\n            {{ column_name }} = DBT_INTERNAL_SOURCE.{{ column_name }}\n            {%- if not loop.last %}, {%- endif %}\n        {%- endfor %}\n    {% endif %}\n\n    when not matched then insert\n        ({{ dest_cols_csv }})\n    values\n        ({{ dest_cols_csv }})\n\n{% endmacro %}', 'depends_on': {'macros': ['macro.dbt.get_quoted_csv', 'macro.dbt.get_merge_update_columns', 'macro.dbt.get_merge_unique_key_match']}, 'description': '', 'meta': {}, 'docs': {'show': True, 'node_color': None}, 'config': {'meta': {}, 'docs': {'show': True, 'node_color': None}}, 'patch_path': None, 'arguments': [], 'created_at': 1780338388.0212324, 'supported_languages': None}, 'macro.dbt.get_delete_insert_merge_sql': {'name': 'get_delete_insert_merge_sql', 'resource_type': 'macro', 'package_name': 'dbt', 'path': 'macros/materializations/models/incremental/merge.sql', 'original_file_path': 'macros/materializations/models/incremental/merge.sql', 'unique_id': 'macro.dbt.get_delete_insert_merge_sql', 'macro_sql': "{% macro get_delete_insert_merge_sql(target, source, unique_key, dest_columns, incremental_predicates) -%}\n  {{ adapter.dispatch('get_delete_insert_merge_sql', 'dbt')(target, source, unique_key, dest_columns, incremental_predicates) }}\n{%- endmacro %}", 'depends_on': {'macros': ['macro.dbt.default__get_delete_insert_merge_sql']}, 'description': '', 'meta': {}, 'docs': {'show': True, 'node_color': None}, 'config': {'meta': {}, 'docs': {'show': True, 'node_color': None}}, 'patch_path': None, 'arguments': [], 'created_at': 1780338388.0215144, 'supported_languages': None}, 'macro.dbt.default__get_delete_insert_merge_sql': {'name': 'default__get_delete_insert_merge_sql', 'resource_type': 'macro', 'package_name': 'dbt', 'path': 'macros/materializations/models/incremental/merge.sql', 'original_file_path': 'macros/materializations/models/incremental/merge.sql', 'unique_id': 'macro.dbt.default__get_delete_insert_merge_sql', 'macro_sql': '{% macro default__get_delete_insert_merge_sql(target, source, unique_key, dest_columns, incremental_predicates) -%}\n\n    {%- set dest_cols_csv = get_quoted_csv(dest_columns | map(attribute="name")) -%}\n\n    {% if unique_key %}\n        {% if unique_key is string %}\n        {% set unique_key = [unique_key] %}\n        {% endif %}\n\n        {%- set unique_key_str = unique_key|join(\', \') -%}\n\n        delete from {{ target }} as DBT_INTERNAL_DEST\n        where ({{ unique_key_str }}) in (\n            select distinct {{ unique_key_str }}\n            from {{ source }} as DBT_INTERNAL_SOURCE\n        )\n        {%- if incremental_predicates %}\n            {% for predicate in incremental_predicates %}\n                and {{ predicate }}\n            {% endfor %}\n        {%- endif -%};\n\n    {% endif %}\n\n    insert into {{ target }} ({{ dest_cols_csv }})\n    (\n        select {{ dest_cols_csv }}\n        from {{ source }}\n    )\n\n{%- endmacro %}', 'depends_on': {'macros': ['macro.dbt.get_quoted_csv']}, 'description': '', 'meta': {}, 'docs': {'show': True, 'node_color': None}, 'config': {'meta': {}, 'docs': {'show': True, 'node_color': None}}, 'patch_path': None, 'arguments': [], 'created_at': 1780338388.0221894, 'supported_languages': None}, 'macro.dbt.get_insert_overwrite_merge_sql': {'name': 'get_insert_overwrite_merge_sql', 'resource_type': 'macro', 'package_name': 'dbt', 'path': 'macros/materializations/models/incremental/merge.sql', 'original_file_path': 'macros/materializations/models/incremental/merge.sql', 'unique_id': 'macro.dbt.get_insert_overwrite_merge_sql', 'macro_sql': "{% macro get_insert_overwrite_merge_sql(target, source, dest_columns, predicates, include_sql_header=false) -%}\n  {{ adapter.dispatch('get_insert_overwrite_merge_sql', 'dbt')(target, source, dest_columns, predicates, include_sql_header) }}\n{%- endmacro %}", 'depends_on': {'macros': ['macro.dbt.default__get_insert_overwrite_merge_sql']}, 'description': '', 'meta': {}, 'docs': {'show': True, 'node_color': None}, 'config': {'meta': {}, 'docs': {'show': True, 'node_color': None}}, 'patch_path': None, 'arguments': [], 'created_at': 1780338388.0224283, 'supported_languages': None}, 'macro.dbt.default__get_insert_overwrite_merge_sql': {'name': 'default__get_insert_overwrite_merge_sql', 'resource_type': 'macro', 'package_name': 'dbt', 'path': 'macros/materializations/models/incremental/merge.sql', 'original_file_path': 'macros/materializations/models/incremental/merge.sql', 'unique_id': 'macro.dbt.default__get_insert_overwrite_merge_sql', 'macro_sql': '{% macro default__get_insert_overwrite_merge_sql(target, source, dest_columns, predicates, include_sql_header) -%}\n    {#-- The only time include_sql_header is True: --#}\n    {#-- BigQuery + insert_overwrite strategy + "static" partitions config --#}\n    {#-- We should consider including the sql header at the materialization level instead --#}\n\n    {%- set predicates = [] if predicates is none else [] + predicates -%}\n    {%- set dest_cols_csv = get_quoted_csv(dest_columns | map(attribute="name")) -%}\n    {%- set sql_header = config.get(\'sql_header\', none) -%}\n\n    {{ sql_header if sql_header is not none and include_sql_header }}\n\n    merge into {{ target }} as DBT_INTERNAL_DEST\n        using {{ source }} as DBT_INTERNAL_SOURCE\n        on FALSE\n\n    when not matched by source\n        {% if predicates %} and {{ predicates | join(\' and \') }} {% endif %}\n        then delete\n\n    when not matched then insert\n        ({{ dest_cols_csv }})\n    values\n        ({{ dest_cols_csv }})\n\n{% endmacro %}', 'depends_on': {'macros': ['macro.dbt.get_quoted_csv']}, 'description': '', 'meta': {}, 'docs': {'show': True, 'node_color': None}, 'config': {'meta': {}, 'docs': {'show': True, 'node_color': None}}, 'patch_path': None, 'arguments': [], 'created_at': 1780338388.0229638, 'supported_languages': None}, 'macro.dbt.is_incremental': {'name': 'is_incremental', 'resource_type': 'macro', 'package_name': 'dbt', 'path': 'macros/materializations/models/incremental/is_incremental.sql', 'original_file_path': 'macros/materializations/models/incremental/is_incremental.sql', 'unique_id': 'macro.dbt.is_incremental', 'macro_sql': "{% macro is_incremental() %}\n    {#-- do not run introspective queries in parsing #}\n    {% if not execute %}\n        {{ return(False) }}\n    {% else %}\n        {% set relation = adapter.get_relation(this.database, this.schema, this.table) %}\n        {{ return(relation is not none\n                  and relation.type == 'table'\n                  and model.config.materialized == 'incremental'\n                  and not should_full_refresh()) }}\n    {% endif %}\n{% endmacro %}", 'depends_on': {'macros': ['macro.dbt.should_full_refresh']}, 'description': '', 'meta': {}, 'docs': {'show': True, 'node_color': None}, 'config': {'meta': {}, 'docs': {'show': True, 'node_color': None}}, 'patch_path': None, 'arguments': [], 'created_at': 1780338388.0235238, 'supported_languages': None}, 'macro.dbt.materialization_incremental_default': {'name': 'materialization_incremental_default', 'resource_type': 'macro', 'package_name': 'dbt', 'path': 'macros/materializations/models/incremental/incremental.sql', 'original_file_path': 'macros/materializations/models/incremental/incremental.sql', 'unique_id': 'macro.dbt.materialization_incremental_default', 'macro_sql': '{% materialization incremental, default -%}\n\n  -- relations\n  {%- set existing_relation = load_cached_relation(this) -%}\n  {%- set target_relation = this.incorporate(type=\'table\') -%}\n  {%- set temp_relation = make_temp_relation(target_relation)-%}\n  {%- set intermediate_relation = make_intermediate_relation(target_relation)-%}\n  {%- set backup_relation_type = \'table\' if existing_relation is none else existing_relation.type -%}\n  {%- set backup_relation = make_backup_relation(target_relation, backup_relation_type) -%}\n\n  -- configs\n  {%- set unique_key = config.get(\'unique_key\') -%}\n  {%- set full_refresh_mode = (should_full_refresh()  or existing_relation.is_view) -%}\n  {%- set on_schema_change = incremental_validate_on_schema_change(config.get(\'on_schema_change\'), default=\'ignore\') -%}\n\n  -- the temp_ and backup_ relations should not already exist in the database; get_relation\n  -- will return None in that case. Otherwise, we get a relation that we can drop\n  -- later, before we try to use this name for the current operation. This has to happen before\n  -- BEGIN, in a separate transaction\n  {%- set preexisting_intermediate_relation = load_cached_relation(intermediate_relation)-%}\n  {%- set preexisting_backup_relation = load_cached_relation(backup_relation) -%}\n   -- grab current tables grants config for comparision later on\n  {% set grant_config = config.get(\'grants\') %}\n  {{ drop_relation_if_exists(preexisting_intermediate_relation) }}\n  {{ drop_relation_if_exists(preexisting_backup_relation) }}\n\n  {{ run_hooks(pre_hooks, inside_transaction=False) }}\n\n  -- `BEGIN` happens here:\n  {{ run_hooks(pre_hooks, inside_transaction=True) }}\n\n  {% set to_drop = [] %}\n\n  {% set incremental_strategy = config.get(\'incremental_strategy\') or \'default\' %}\n  {% set strategy_sql_macro_func = adapter.get_incremental_strategy_macro(context, incremental_strategy) %}\n\n  {% if existing_relation is none %}\n      {% set build_sql = get_create_table_as_sql(False, target_relation, sql) %}\n      {% set relation_for_indexes = target_relation %}\n  {% elif full_refresh_mode %}\n      {% set build_sql = get_create_table_as_sql(False, intermediate_relation, sql) %}\n      {% set relation_for_indexes = intermediate_relation %}\n      {% set need_swap = true %}\n  {% else %}\n    {% do run_query(get_create_table_as_sql(True, temp_relation, sql)) %}\n    {% set relation_for_indexes = temp_relation %}\n    {% set contract_config = config.get(\'contract\') %}\n    {% if not contract_config or not contract_config.enforced %}\n      {% do adapter.expand_target_column_types(\n               from_relation=temp_relation,\n               to_relation=target_relation) %}\n    {% endif %}\n    {#-- Process schema changes. Returns dict of changes if successful. Use source columns for upserting/merging --#}\n    {% set dest_columns = process_schema_changes(on_schema_change, temp_relation, existing_relation) %}\n    {% if not dest_columns %}\n      {% set dest_columns = adapter.get_columns_in_relation(existing_relation) %}\n    {% endif %}\n\n    {#-- Get the incremental_strategy, the macro to use for the strategy, and build the sql --#}\n    {% set incremental_predicates = config.get(\'predicates\', none) or config.get(\'incremental_predicates\', none) %}\n    {% set strategy_arg_dict = ({\'target_relation\': target_relation, \'temp_relation\': temp_relation, \'unique_key\': unique_key, \'dest_columns\': dest_columns, \'incremental_predicates\': incremental_predicates }) %}\n    {% set build_sql = strategy_sql_macro_func(strategy_arg_dict) %}\n\n  {% endif %}\n\n  {% call statement("main") %}\n      {{ build_sql }}\n  {% endcall %}\n\n  {% if existing_relation is none or existing_relation.is_view or should_full_refresh() %}\n    {% do create_indexes(relation_for_indexes) %}\n  {% endif %}\n\n  {% if need_swap %}\n      {% do adapter.rename_relation(target_relation, backup_relation) %}\n      {% do adapter.rename_relation(intermediate_relation, target_relation) %}\n      {% do to_drop.append(backup_relation) %}\n  {% endif %}\n\n  {% set should_revoke = should_revoke(existing_relation, full_refresh_mode) %}\n  {% do apply_grants(target_relation, grant_config, should_revoke=should_revoke) %}\n\n  {% do persist_docs(target_relation, model) %}\n\n  {{ run_hooks(post_hooks, inside_transaction=True) }}\n\n  -- `COMMIT` happens here\n  {% do adapter.commit() %}\n\n  {% for rel in to_drop %}\n      {% do adapter.drop_relation(rel) %}\n  {% endfor %}\n\n  {{ run_hooks(post_hooks, inside_transaction=False) }}\n\n  {{ return({\'relations\': [target_relation]}) }}\n\n{%- endmaterialization %}', 'depends_on': {'macros': ['macro.dbt.load_cached_relation', 'macro.dbt.make_temp_relation', 'macro.dbt.make_intermediate_relation', 'macro.dbt.make_backup_relation', 'macro.dbt.should_full_refresh', 'macro.dbt.incremental_validate_on_schema_change', 'macro.dbt.drop_relation_if_exists', 'macro.dbt.run_hooks', 'macro.dbt.get_create_table_as_sql', 'macro.dbt.run_query', 'macro.dbt.process_schema_changes', 'macro.dbt.statement', 'macro.dbt.create_indexes', 'macro.dbt.should_revoke', 'macro.dbt.apply_grants', 'macro.dbt.persist_docs']}, 'description': '', 'meta': {}, 'docs': {'show': True, 'node_color': None}, 'config': {'meta': {}, 'docs': {'show': True, 'node_color': None}}, 'patch_path': None, 'arguments': [], 'created_at': 1780338388.0272434, 'supported_languages': ['sql']}, 'macro.dbt.can_clone_table': {'name': 'can_clone_table', 'resource_type': 'macro', 'package_name': 'dbt', 'path': 'macros/materializations/models/clone/can_clone_table.sql', 'original_file_path': 'macros/materializations/models/clone/can_clone_table.sql', 'unique_id': 'macro.dbt.can_clone_table', 'macro_sql': "{% macro can_clone_table() %}\n    {{ return(adapter.dispatch('can_clone_table', 'dbt')()) }}\n{% endmacro %}", 'depends_on': {'macros': ['macro.dbt.default__can_clone_table']}, 'description': '', 'meta': {}, 'docs': {'show': True, 'node_color': None}, 'config': {'meta': {}, 'docs': {'show': True, 'node_color': None}}, 'patch_path': None, 'arguments': [], 'created_at': 1780338388.0275774, 'supported_languages': None}, 'macro.dbt.default__can_clone_table': {'name': 'default__can_clone_table', 'resource_type': 'macro', 'package_name': 'dbt', 'path': 'macros/materializations/models/clone/can_clone_table.sql', 'original_file_path': 'macros/materializations/models/clone/can_clone_table.sql', 'unique_id': 'macro.dbt.default__can_clone_table', 'macro_sql': '{% macro default__can_clone_table() %}\n    {{ return(False) }}\n{% endmacro %}', 'depends_on': {'macros': []}, 'description': '', 'meta': {}, 'docs': {'show': True, 'node_color': None}, 'config': {'meta': {}, 'docs': {'show': True, 'node_color': None}}, 'patch_path': None, 'arguments': [], 'created_at': 1780338388.0277007, 'supported_languages': None}, 'macro.dbt.materialization_clone_default': {'name': 'materialization_clone_default', 'resource_type': 'macro', 'package_name': 'dbt', 'path': 'macros/materializations/models/clone/clone.sql', 'original_file_path': 'macros/materializations/models/clone/clone.sql', 'unique_id': 'macro.dbt.materialization_clone_default', 'macro_sql': '{%- materialization clone, default -%}\n\n  {%- set relations = {\'relations\': []} -%}\n\n  {%- if not defer_relation -%}\n      -- nothing to do\n      {{ log("No relation found in state manifest for " ~ model.unique_id, info=True) }}\n      {{ return(relations) }}\n  {%- endif -%}\n\n  {%- set existing_relation = load_cached_relation(this) -%}\n\n  {%- if existing_relation and not flags.FULL_REFRESH -%}\n      -- noop!\n      {{ log("Relation " ~ existing_relation ~ " already exists", info=True) }}\n      {{ return(relations) }}\n  {%- endif -%}\n\n  {%- set other_existing_relation = load_cached_relation(defer_relation) -%}\n\n  -- If this is a database that can do zero-copy cloning of tables, and the other relation is a table, then this will be a table\n  -- Otherwise, this will be a view\n\n  {% set can_clone_table = can_clone_table() %}\n  {%- set grant_config = config.get(\'grants\') -%}\n\n  {%- if other_existing_relation and other_existing_relation.type == \'table\' and can_clone_table -%}\n\n      {%- set target_relation = this.incorporate(type=\'table\') -%}\n      {% if existing_relation is not none and not existing_relation.is_table %}\n        {{ log("Dropping relation " ~ existing_relation.render() ~ " because it is of type " ~ existing_relation.type) }}\n        {{ drop_relation_if_exists(existing_relation) }}\n      {% endif %}\n\n      -- as a general rule, data platforms that can clone tables can also do atomic \'create or replace\'\n      {% if target_relation.database == defer_relation.database and\n            target_relation.schema == defer_relation.schema and\n            target_relation.identifier == defer_relation.identifier %}\n        {{ log("Target relation and defer relation are the same, skipping clone for relation: " ~ target_relation.render()) }}\n      {% else %}\n        {% call statement(\'main\') %}\n            {{ create_or_replace_clone(target_relation, defer_relation) }}\n        {% endcall %}\n      {% endif %}\n      {% set should_revoke = should_revoke(existing_relation, full_refresh_mode=True) %}\n      {% do apply_grants(target_relation, grant_config, should_revoke=should_revoke) %}\n      {% do persist_docs(target_relation, model) %}\n\n      {{ return({\'relations\': [target_relation]}) }}\n\n  {%- else -%}\n\n      {%- set target_relation = this.incorporate(type=\'view\') -%}\n\n      -- reuse the view materialization\n      -- TODO: support actual dispatch for materialization macros\n      -- Tracking ticket: https://github.com/dbt-labs/dbt-core/issues/7799\n      {% set search_name = "materialization_view_" ~ adapter.type() %}\n      {% if not search_name in context %}\n          {% set search_name = "materialization_view_default" %}\n      {% endif %}\n      {% set materialization_macro = context[search_name] %}\n      {% set relations = materialization_macro() %}\n      {{ return(relations) }}\n\n  {%- endif -%}\n\n{%- endmaterialization -%}', 'depends_on': {'macros': ['macro.dbt.load_cached_relation', 'macro.dbt.can_clone_table', 'macro.dbt.drop_relation_if_exists', 'macro.dbt.statement', 'macro.dbt.create_or_replace_clone', 'macro.dbt.should_revoke', 'macro.dbt.apply_grants', 'macro.dbt.persist_docs']}, 'description': '', 'meta': {}, 'docs': {'show': True, 'node_color': None}, 'config': {'meta': {}, 'docs': {'show': True, 'node_color': None}}, 'patch_path': None, 'arguments': [], 'created_at': 1780338388.0299108, 'supported_languages': ['sql']}, 'macro.dbt.create_or_replace_clone': {'name': 'create_or_replace_clone', 'resource_type': 'macro', 'package_name': 'dbt', 'path': 'macros/materializations/models/clone/create_or_replace_clone.sql', 'original_file_path': 'macros/materializations/models/clone/create_or_replace_clone.sql', 'unique_id': 'macro.dbt.create_or_replace_clone', 'macro_sql': "{% macro create_or_replace_clone(this_relation, defer_relation) %}\n    {{ return(adapter.dispatch('create_or_replace_clone', 'dbt')(this_relation, defer_relation)) }}\n{% endmacro %}", 'depends_on': {'macros': ['macro.dbt.default__create_or_replace_clone']}, 'description': '', 'meta': {}, 'docs': {'show': True, 'node_color': None}, 'config': {'meta': {}, 'docs': {'show': True, 'node_color': None}}, 'patch_path': None, 'arguments': [], 'created_at': 1780338388.0302005, 'supported_languages': None}, 'macro.dbt.default__create_or_replace_clone': {'name': 'default__create_or_replace_clone', 'resource_type': 'macro', 'package_name': 'dbt', 'path': 'macros/materializations/models/clone/create_or_replace_clone.sql', 'original_file_path': 'macros/materializations/models/clone/create_or_replace_clone.sql', 'unique_id': 'macro.dbt.default__create_or_replace_clone', 'macro_sql': '{% macro default__create_or_replace_clone(this_relation, defer_relation) %}\n    create or replace table {{ this_relation.render() }} clone {{ defer_relation.render() }}\n{% endmacro %}', 'depends_on': {'macros': []}, 'description': '', 'meta': {}, 'docs': {'show': True, 'node_color': None}, 'config': {'meta': {}, 'docs': {'show': True, 'node_color': None}}, 'patch_path': None, 'arguments': [], 'created_at': 1780338388.0303516, 'supported_languages': None}, 'macro.dbt.create_columns': {'name': 'create_columns', 'resource_type': 'macro', 'package_name': 'dbt', 'path': 'macros/materializations/snapshots/helpers.sql', 'original_file_path': 'macros/materializations/snapshots/helpers.sql', 'unique_id': 'macro.dbt.create_columns', 'macro_sql': "{% macro create_columns(relation, columns) %}\n  {{ adapter.dispatch('create_columns', 'dbt')(relation, columns) }}\n{% endmacro %}", 'depends_on': {'macros': ['macro.dbt.default__create_columns']}, 'description': '', 'meta': {}, 'docs': {'show': True, 'node_color': None}, 'config': {'meta': {}, 'docs': {'show': True, 'node_color': None}}, 'patch_path': None, 'arguments': [], 'created_at': 1780338388.0322614, 'supported_languages': None}, 'macro.dbt.default__create_columns': {'name': 'default__create_columns', 'resource_type': 'macro', 'package_name': 'dbt', 'path': 'macros/materializations/snapshots/helpers.sql', 'original_file_path': 'macros/materializations/snapshots/helpers.sql', 'unique_id': 'macro.dbt.default__create_columns', 'macro_sql': '{% macro default__create_columns(relation, columns) %}\n  {% for column in columns %}\n    {% call statement() %}\n      alter table {{ relation.render() }} add column {{ adapter.quote(column.name) }} {{ column.expanded_data_type }};\n    {% endcall %}\n  {% endfor %}\n{% endmacro %}', 'depends_on': {'macros': ['macro.dbt.statement']}, 'description': '', 'meta': {}, 'docs': {'show': True, 'node_color': None}, 'config': {'meta': {}, 'docs': {'show': True, 'node_color': None}}, 'patch_path': None, 'arguments': [], 'created_at': 1780338388.0325553, 'supported_languages': None}, 'macro.dbt.post_snapshot': {'name': 'post_snapshot', 'resource_type': 'macro', 'package_name': 'dbt', 'path': 'macros/materializations/snapshots/helpers.sql', 'original_file_path': 'macros/materializations/snapshots/helpers.sql', 'unique_id': 'macro.dbt.post_snapshot', 'macro_sql': "{% macro post_snapshot(staging_relation) %}\n  {{ adapter.dispatch('post_snapshot', 'dbt')(staging_relation) }}\n{% endmacro %}", 'depends_on': {'macros': ['macro.dbt.default__post_snapshot']}, 'description': '', 'meta': {}, 'docs': {'show': True, 'node_color': None}, 'config': {'meta': {}, 'docs': {'show': True, 'node_color': None}}, 'patch_path': None, 'arguments': [], 'created_at': 1780338388.0327082, 'supported_languages': None}, 'macro.dbt.default__post_snapshot': {'name': 'default__post_snapshot', 'resource_type': 'macro', 'package_name': 'dbt', 'path': 'macros/materializations/snapshots/helpers.sql', 'original_file_path': 'macros/materializations/snapshots/helpers.sql', 'unique_id': 'macro.dbt.default__post_snapshot', 'macro_sql': '{% macro default__post_snapshot(staging_relation) %}\n    {# no-op #}\n{% endmacro %}', 'depends_on': {'macros': []}, 'description': '', 'meta': {}, 'docs': {'show': True, 'node_color': None}, 'config': {'meta': {}, 'docs': {'show': True, 'node_color': None}}, 'patch_path': None, 'arguments': [], 'created_at': 1780338388.0327861, 'supported_languages': None}, 'macro.dbt.get_true_sql': {'name': 'get_true_sql', 'resource_type': 'macro', 'package_name': 'dbt', 'path': 'macros/materializations/snapshots/helpers.sql', 'original_file_path': 'macros/materializations/snapshots/helpers.sql', 'unique_id': 'macro.dbt.get_true_sql', 'macro_sql': "{% macro get_true_sql() %}\n  {{ adapter.dispatch('get_true_sql', 'dbt')() }}\n{% endmacro %}", 'depends_on': {'macros': ['macro.dbt.default__get_true_sql']}, 'description': '', 'meta': {}, 'docs': {'show': True, 'node_color': None}, 'config': {'meta': {}, 'docs': {'show': True, 'node_color': None}}, 'patch_path': None, 'arguments': [], 'created_at': 1780338388.0329154, 'supported_languages': None}, 'macro.dbt.default__get_true_sql': {'name': 'default__get_true_sql', 'resource_type': 'macro', 'package_name': 'dbt', 'path': 'macros/materializations/snapshots/helpers.sql', 'original_file_path': 'macros/materializations/snapshots/helpers.sql', 'unique_id': 'macro.dbt.default__get_true_sql', 'macro_sql': "{% macro default__get_true_sql() %}\n    {{ return('TRUE') }}\n{% endmacro %}", 'depends_on': {'macros': []}, 'description': '', 'meta': {}, 'docs': {'show': True, 'node_color': None}, 'config': {'meta': {}, 'docs': {'show': True, 'node_color': None}}, 'patch_path': None, 'arguments': [], 'created_at': 1780338388.033013, 'supported_languages': None}, 'macro.dbt.snapshot_staging_table': {'name': 'snapshot_staging_table', 'resource_type': 'macro', 'package_name': 'dbt', 'path': 'macros/materializations/snapshots/helpers.sql', 'original_file_path': 'macros/materializations/snapshots/helpers.sql', 'unique_id': 'macro.dbt.snapshot_staging_table', 'macro_sql': "{% macro snapshot_staging_table(strategy, source_sql, target_relation) -%}\n  {{ adapter.dispatch('snapshot_staging_table', 'dbt')(strategy, source_sql, target_relation) }}\n{% endmacro %}", 'depends_on': {'macros': ['macro.dbt.default__snapshot_staging_table']}, 'description': '', 'meta': {}, 'docs': {'show': True, 'node_color': None}, 'config': {'meta': {}, 'docs': {'show': True, 'node_color': None}}, 'patch_path': None, 'arguments': [], 'created_at': 1780338388.03318, 'supported_languages': None}, 'macro.dbt.get_snapshot_table_column_names': {'name': 'get_snapshot_table_column_names', 'resource_type': 'macro', 'package_name': 'dbt', 'path': 'macros/materializations/snapshots/helpers.sql', 'original_file_path': 'macros/materializations/snapshots/helpers.sql', 'unique_id': 'macro.dbt.get_snapshot_table_column_names', 'macro_sql': "{% macro get_snapshot_table_column_names() %}\n    {{ return({'dbt_valid_to': 'dbt_valid_to', 'dbt_valid_from': 'dbt_valid_from', 'dbt_scd_id': 'dbt_scd_id', 'dbt_updated_at': 'dbt_updated_at', 'dbt_is_deleted': 'dbt_is_deleted'}) }}\n{% endmacro %}", 'depends_on': {'macros': []}, 'description': '', 'meta': {}, 'docs': {'show': True, 'node_color': None}, 'config': {'meta': {}, 'docs': {'show': True, 'node_color': None}}, 'patch_path': None, 'arguments': [], 'created_at': 1780338388.0333812, 'supported_languages': None}, 'macro.dbt.default__snapshot_staging_table': {'name': 'default__snapshot_staging_table', 'resource_type': 'macro', 'package_name': 'dbt', 'path': 'macros/materializations/snapshots/helpers.sql', 'original_file_path': 'macros/materializations/snapshots/helpers.sql', 'unique_id': 'macro.dbt.default__snapshot_staging_table', 'macro_sql': '{% macro default__snapshot_staging_table(strategy, source_sql, target_relation) -%}\n    {% set columns = config.get(\'snapshot_table_column_names\') or get_snapshot_table_column_names() %}\n    {% if strategy.hard_deletes == \'new_record\' %}\n        {% set new_scd_id = snapshot_hash_arguments([columns.dbt_scd_id, snapshot_get_time()]) %}\n    {% endif %}\n    with snapshot_query as (\n\n        {{ source_sql }}\n\n    ),\n\n    snapshotted_data as (\n\n        select *, {{ unique_key_fields(strategy.unique_key) }}\n        from {{ target_relation }}\n        where\n            {% if config.get(\'dbt_valid_to_current\') %}\n\t\t{% set source_unique_key = columns.dbt_valid_to | trim %}\n\t\t{% set target_unique_key = config.get(\'dbt_valid_to_current\') | trim %}\n\n\t\t{# The exact equals semantics between NULL values depends on the current behavior flag set. Also, update records if the source field is null #}\n                ( {{ equals(source_unique_key, target_unique_key) }} or {{ source_unique_key }} is null )\n            {% else %}\n                {{ columns.dbt_valid_to }} is null\n            {% endif %}\n\n    ),\n\n    insertions_source_data as (\n\n        select *, {{ unique_key_fields(strategy.unique_key) }},\n            {{ strategy.updated_at }} as {{ columns.dbt_updated_at }},\n            {{ strategy.updated_at }} as {{ columns.dbt_valid_from }},\n            {{ get_dbt_valid_to_current(strategy, columns) }},\n            {{ strategy.scd_id }} as {{ columns.dbt_scd_id }}\n\n        from snapshot_query\n    ),\n\n    updates_source_data as (\n\n        select *, {{ unique_key_fields(strategy.unique_key) }},\n            {{ strategy.updated_at }} as {{ columns.dbt_updated_at }},\n            {{ strategy.updated_at }} as {{ columns.dbt_valid_from }},\n            {{ strategy.updated_at }} as {{ columns.dbt_valid_to }}\n\n        from snapshot_query\n    ),\n\n    {%- if strategy.hard_deletes == \'invalidate\' or strategy.hard_deletes == \'new_record\' %}\n\n    deletes_source_data as (\n\n        select *, {{ unique_key_fields(strategy.unique_key) }}\n        from snapshot_query\n    ),\n    {% endif %}\n\n    insertions as (\n\n        select\n            \'insert\' as dbt_change_type,\n            source_data.*\n          {%- if strategy.hard_deletes == \'new_record\' -%}\n            ,\'False\' as {{ columns.dbt_is_deleted }}\n          {%- endif %}\n\n        from insertions_source_data as source_data\n        left outer join snapshotted_data\n            on {{ unique_key_join_on(strategy.unique_key, "snapshotted_data", "source_data") }}\n            where {{ unique_key_is_null(strategy.unique_key, "snapshotted_data") }}\n            or ({{ unique_key_is_not_null(strategy.unique_key, "snapshotted_data") }} and (\n               {{ strategy.row_changed }} {%- if strategy.hard_deletes == \'new_record\' -%} or snapshotted_data.{{ columns.dbt_is_deleted }} = \'True\' {% endif %}\n            )\n\n        )\n\n    ),\n\n    updates as (\n\n        select\n            \'update\' as dbt_change_type,\n            source_data.*,\n            snapshotted_data.{{ columns.dbt_scd_id }}\n          {%- if strategy.hard_deletes == \'new_record\' -%}\n            , snapshotted_data.{{ columns.dbt_is_deleted }}\n          {%- endif %}\n\n        from updates_source_data as source_data\n        join snapshotted_data\n            on {{ unique_key_join_on(strategy.unique_key, "snapshotted_data", "source_data") }}\n        where (\n            {{ strategy.row_changed }}  {%- if strategy.hard_deletes == \'new_record\' -%} or snapshotted_data.{{ columns.dbt_is_deleted }} = \'True\' {% endif %}\n        )\n    )\n\n    {%- if strategy.hard_deletes == \'invalidate\' or strategy.hard_deletes == \'new_record\' %}\n    ,\n    deletes as (\n\n        select\n            \'delete\' as dbt_change_type,\n            source_data.*,\n            {{ snapshot_get_time() }} as {{ columns.dbt_valid_from }},\n            {{ snapshot_get_time() }} as {{ columns.dbt_updated_at }},\n            {{ snapshot_get_time() }} as {{ columns.dbt_valid_to }},\n            snapshotted_data.{{ columns.dbt_scd_id }}\n          {%- if strategy.hard_deletes == \'new_record\' -%}\n            , snapshotted_data.{{ columns.dbt_is_deleted }}\n          {%- endif %}\n        from snapshotted_data\n        left join deletes_source_data as source_data\n            on {{ unique_key_join_on(strategy.unique_key, "snapshotted_data", "source_data") }}\n            where {{ unique_key_is_null(strategy.unique_key, "source_data") }}\n\n            {%- if strategy.hard_deletes == \'new_record\' %}\n            and not (\n                --avoid updating the record\'s valid_to if the latest entry is marked as deleted\n                snapshotted_data.{{ columns.dbt_is_deleted }} = \'True\'\n                and\n                {% if config.get(\'dbt_valid_to_current\') -%}\n                    snapshotted_data.{{ columns.dbt_valid_to }} = {{ config.get(\'dbt_valid_to_current\') }}\n                {%- else -%}\n                    snapshotted_data.{{ columns.dbt_valid_to }} is null\n                {%- endif %}\n            )\n            {%- endif %}\n    )\n    {%- endif %}\n\n    {%- if strategy.hard_deletes == \'new_record\' %}\n        {% set snapshotted_cols = get_list_of_column_names(get_columns_in_relation(target_relation)) %}\n        {% set source_sql_cols = get_column_schema_from_query(source_sql) %}\n    ,\n    deletion_records as (\n\n        select\n            \'insert\' as dbt_change_type,\n            {#/*\n                If a column has been added to the source it won\'t yet exist in the\n                snapshotted table so we insert a null value as a placeholder for the column.\n             */#}\n            {%- for col in source_sql_cols -%}\n            {%- if col.name in snapshotted_cols -%}\n            snapshotted_data.{{ adapter.quote(col.column) }},\n            {%- else -%}\n            {{ safe_cast(\'NULL\', col.dtype) }} as {{ adapter.quote(col.column) }},\n            {%- endif -%}\n            {% endfor -%}\n            {%- if strategy.unique_key | is_list -%}\n                {%- for key in strategy.unique_key -%}\n            snapshotted_data.{{ key }} as dbt_unique_key_{{ loop.index }},\n                {% endfor -%}\n            {%- else -%}\n            snapshotted_data.dbt_unique_key as dbt_unique_key,\n            {% endif -%}\n            {{ snapshot_get_time() }} as {{ columns.dbt_valid_from }},\n            {{ snapshot_get_time() }} as {{ columns.dbt_updated_at }},\n            snapshotted_data.{{ columns.dbt_valid_to }} as {{ columns.dbt_valid_to }},\n            {{ new_scd_id }} as {{ columns.dbt_scd_id }},\n            \'True\' as {{ columns.dbt_is_deleted }}\n        from snapshotted_data\n        left join deletes_source_data as source_data\n            on {{ unique_key_join_on(strategy.unique_key, "snapshotted_data", "source_data") }}\n        where {{ unique_key_is_null(strategy.unique_key, "source_data") }}\n        and not (\n            --avoid inserting a new record if the latest one is marked as deleted\n            snapshotted_data.{{ columns.dbt_is_deleted }} = \'True\'\n            and\n            {% if config.get(\'dbt_valid_to_current\') -%}\n                snapshotted_data.{{ columns.dbt_valid_to }} = {{ config.get(\'dbt_valid_to_current\') }}\n            {%- else -%}\n                snapshotted_data.{{ columns.dbt_valid_to }} is null\n            {%- endif %}\n            )\n\n    )\n    {%- endif %}\n\n    select * from insertions\n    union all\n    select * from updates\n    {%- if strategy.hard_deletes == \'invalidate\' or strategy.hard_deletes == \'new_record\' %}\n    union all\n    select * from deletes\n    {%- endif %}\n    {%- if strategy.hard_deletes == \'new_record\' %}\n    union all\n    select * from deletion_records\n    {%- endif %}\n\n\n{%- endmacro %}', 'depends_on': {'macros': ['macro.dbt.get_snapshot_table_column_names', 'macro.dbt.snapshot_hash_arguments', 'macro.dbt.snapshot_get_time', 'macro.dbt.unique_key_fields', 'macro.dbt.equals', 'macro.dbt.get_dbt_valid_to_current', 'macro.dbt.unique_key_join_on', 'macro.dbt.unique_key_is_null', 'macro.dbt.unique_key_is_not_null', 'macro.dbt.get_list_of_column_names', 'macro.dbt.get_columns_in_relation', 'macro.dbt.get_column_schema_from_query', 'macro.dbt.safe_cast']}, 'description': '', 'meta': {}, 'docs': {'show': True, 'node_color': None}, 'config': {'meta': {}, 'docs': {'show': True, 'node_color': None}}, 'patch_path': None, 'arguments': [], 'created_at': 1780338388.0377553, 'supported_languages': None}, 'macro.dbt.build_snapshot_table': {'name': 'build_snapshot_table', 'resource_type': 'macro', 'package_name': 'dbt', 'path': 'macros/materializations/snapshots/helpers.sql', 'original_file_path': 'macros/materializations/snapshots/helpers.sql', 'unique_id': 'macro.dbt.build_snapshot_table', 'macro_sql': "{% macro build_snapshot_table(strategy, sql) -%}\n  {{ adapter.dispatch('build_snapshot_table', 'dbt')(strategy, sql) }}\n{% endmacro %}", 'depends_on': {'macros': ['macro.dbt.default__build_snapshot_table']}, 'description': '', 'meta': {}, 'docs': {'show': True, 'node_color': None}, 'config': {'meta': {}, 'docs': {'show': True, 'node_color': None}}, 'patch_path': None, 'arguments': [], 'created_at': 1780338388.0379732, 'supported_languages': None}, 'macro.dbt.default__build_snapshot_table': {'name': 'default__build_snapshot_table', 'resource_type': 'macro', 'package_name': 'dbt', 'path': 'macros/materializations/snapshots/helpers.sql', 'original_file_path': 'macros/materializations/snapshots/helpers.sql', 'unique_id': 'macro.dbt.default__build_snapshot_table', 'macro_sql': "{% macro default__build_snapshot_table(strategy, sql) %}\n    {% set columns = config.get('snapshot_table_column_names') or get_snapshot_table_column_names() %}\n\n    select *,\n        {{ strategy.scd_id }} as {{ columns.dbt_scd_id }},\n        {{ strategy.updated_at }} as {{ columns.dbt_updated_at }},\n        {{ strategy.updated_at }} as {{ columns.dbt_valid_from }},\n        {{ get_dbt_valid_to_current(strategy, columns) }}\n      {%- if strategy.hard_deletes == 'new_record' -%}\n        , 'False' as {{ columns.dbt_is_deleted }}\n      {% endif -%}\n    from (\n        {{ sql }}\n    ) sbq\n\n{% endmacro %}", 'depends_on': {'macros': ['macro.dbt.get_snapshot_table_column_names', 'macro.dbt.get_dbt_valid_to_current']}, 'description': '', 'meta': {}, 'docs': {'show': True, 'node_color': None}, 'config': {'meta': {}, 'docs': {'show': True, 'node_color': None}}, 'patch_path': None, 'arguments': [], 'created_at': 1780338388.038472, 'supported_languages': None}, 'macro.dbt.build_snapshot_staging_table': {'name': 'build_snapshot_staging_table', 'resource_type': 'macro', 'package_name': 'dbt', 'path': 'macros/materializations/snapshots/helpers.sql', 'original_file_path': 'macros/materializations/snapshots/helpers.sql', 'unique_id': 'macro.dbt.build_snapshot_staging_table', 'macro_sql': "{% macro build_snapshot_staging_table(strategy, sql, target_relation) %}\n    {% set temp_relation = make_temp_relation(target_relation) %}\n\n    {% set select = snapshot_staging_table(strategy, sql, target_relation) %}\n\n    {% call statement('build_snapshot_staging_relation') %}\n        {{ create_table_as(True, temp_relation, select) }}\n    {% endcall %}\n\n    {% do return(temp_relation) %}\n{% endmacro %}", 'depends_on': {'macros': ['macro.dbt.make_temp_relation', 'macro.dbt.snapshot_staging_table', 'macro.dbt.statement', 'macro.dbt.create_table_as']}, 'description': '', 'meta': {}, 'docs': {'show': True, 'node_color': None}, 'config': {'meta': {}, 'docs': {'show': True, 'node_color': None}}, 'patch_path': None, 'arguments': [], 'created_at': 1780338388.0388484, 'supported_languages': None}, 'macro.dbt.get_updated_at_column_data_type': {'name': 'get_updated_at_column_data_type', 'resource_type': 'macro', 'package_name': 'dbt', 'path': 'macros/materializations/snapshots/helpers.sql', 'original_file_path': 'macros/materializations/snapshots/helpers.sql', 'unique_id': 'macro.dbt.get_updated_at_column_data_type', 'macro_sql': "{% macro get_updated_at_column_data_type(snapshot_sql) %}\n    {% set snapshot_sql_column_schema = get_column_schema_from_query(snapshot_sql) %}\n    {% set dbt_updated_at_data_type = null %}\n    {% set ns = namespace() -%} {#-- handle for-loop scoping with a namespace --#}\n    {% set ns.dbt_updated_at_data_type = null -%}\n    {% for column in snapshot_sql_column_schema %}\n    {%   if ((column.column == 'dbt_updated_at') or (column.column == 'DBT_UPDATED_AT')) %}\n    {%     set ns.dbt_updated_at_data_type = column.dtype %}\n    {%   endif %}\n    {% endfor %}\n    {{ return(ns.dbt_updated_at_data_type or none)  }}\n{% endmacro %}", 'depends_on': {'macros': ['macro.dbt.get_column_schema_from_query']}, 'description': '', 'meta': {}, 'docs': {'show': True, 'node_color': None}, 'config': {'meta': {}, 'docs': {'show': True, 'node_color': None}}, 'patch_path': None, 'arguments': [], 'created_at': 1780338388.0393524, 'supported_languages': None}, 'macro.dbt.check_time_data_types': {'name': 'check_time_data_types', 'resource_type': 'macro', 'package_name': 'dbt', 'path': 'macros/materializations/snapshots/helpers.sql', 'original_file_path': 'macros/materializations/snapshots/helpers.sql', 'unique_id': 'macro.dbt.check_time_data_types', 'macro_sql': '{% macro check_time_data_types(sql) %}\n  {% set dbt_updated_at_data_type = get_updated_at_column_data_type(sql) %}\n  {% set snapshot_get_time_data_type = get_snapshot_get_time_data_type() %}\n  {% if snapshot_get_time_data_type is not none and dbt_updated_at_data_type is not none and snapshot_get_time_data_type != dbt_updated_at_data_type %}\n  {%   if exceptions.warn_snapshot_timestamp_data_types %}\n  {{     exceptions.warn_snapshot_timestamp_data_types(snapshot_get_time_data_type, dbt_updated_at_data_type) }}\n  {%   endif %}\n  {% endif %}\n{% endmacro %}', 'depends_on': {'macros': ['macro.dbt.get_updated_at_column_data_type', 'macro.dbt.get_snapshot_get_time_data_type']}, 'description': '', 'meta': {}, 'docs': {'show': True, 'node_color': None}, 'config': {'meta': {}, 'docs': {'show': True, 'node_color': None}}, 'patch_path': None, 'arguments': [], 'created_at': 1780338388.0397093, 'supported_languages': None}, 'macro.dbt.get_dbt_valid_to_current': {'name': 'get_dbt_valid_to_current', 'resource_type': 'macro', 'package_name': 'dbt', 'path': 'macros/materializations/snapshots/helpers.sql', 'original_file_path': 'macros/materializations/snapshots/helpers.sql', 'unique_id': 'macro.dbt.get_dbt_valid_to_current', 'macro_sql': '{% macro get_dbt_valid_to_current(strategy, columns) %}\n  {% set dbt_valid_to_current = config.get(\'dbt_valid_to_current\') or "null" %}\n  coalesce(nullif({{ strategy.updated_at }}, {{ strategy.updated_at }}), {{dbt_valid_to_current}})\n  as {{ columns.dbt_valid_to }}\n{% endmacro %}', 'depends_on': {'macros': []}, 'description': '', 'meta': {}, 'docs': {'show': True, 'node_color': None}, 'config': {'meta': {}, 'docs': {'show': True, 'node_color': None}}, 'patch_path': None, 'arguments': [], 'created_at': 1780338388.0399408, 'supported_languages': None}, 'macro.dbt.unique_key_fields': {'name': 'unique_key_fields', 'resource_type': 'macro', 'package_name': 'dbt', 'path': 'macros/materializations/snapshots/helpers.sql', 'original_file_path': 'macros/materializations/snapshots/helpers.sql', 'unique_id': 'macro.dbt.unique_key_fields', 'macro_sql': '{% macro unique_key_fields(unique_key) %}\n    {% if unique_key | is_list %}\n        {% for key in unique_key %}\n            {{ key }} as dbt_unique_key_{{ loop.index }}\n            {%- if not loop.last %} , {%- endif %}\n        {% endfor %}\n    {% else %}\n        {{ unique_key }} as dbt_unique_key\n    {% endif %}\n{% endmacro %}', 'depends_on': {'macros': []}, 'description': '', 'meta': {}, 'docs': {'show': True, 'node_color': None}, 'config': {'meta': {}, 'docs': {'show': True, 'node_color': None}}, 'patch_path': None, 'arguments': [], 'created_at': 1780338388.0403001, 'supported_languages': None}, 'macro.dbt.unique_key_join_on': {'name': 'unique_key_join_on', 'resource_type': 'macro', 'package_name': 'dbt', 'path': 'macros/materializations/snapshots/helpers.sql', 'original_file_path': 'macros/materializations/snapshots/helpers.sql', 'unique_id': 'macro.dbt.unique_key_join_on', 'macro_sql': '{% macro unique_key_join_on(unique_key, identifier, from_identifier) %}\n    {% if unique_key | is_list %}\n        {% for key in unique_key %}\n\t    {% set source_unique_key = (identifier ~ ".dbt_unique_key_" ~ loop.index) | trim %}\n\t    {% set target_unique_key = (from_identifier ~ ".dbt_unique_key_" ~ loop.index) | trim %}\n\t    {{ equals(source_unique_key, target_unique_key) }}\n            {%- if not loop.last %} and {%- endif %}\n        {% endfor %}\n    {% else %}\n        {{ identifier }}.dbt_unique_key = {{ from_identifier }}.dbt_unique_key\n    {% endif %}\n{% endmacro %}', 'depends_on': {'macros': ['macro.dbt.equals']}, 'description': '', 'meta': {}, 'docs': {'show': True, 'node_color': None}, 'config': {'meta': {}, 'docs': {'show': True, 'node_color': None}}, 'patch_path': None, 'arguments': [], 'created_at': 1780338388.04087, 'supported_languages': None}, 'macro.dbt.unique_key_is_null': {'name': 'unique_key_is_null', 'resource_type': 'macro', 'package_name': 'dbt', 'path': 'macros/materializations/snapshots/helpers.sql', 'original_file_path': 'macros/materializations/snapshots/helpers.sql', 'unique_id': 'macro.dbt.unique_key_is_null', 'macro_sql': '{% macro unique_key_is_null(unique_key, identifier) %}\n    {% if unique_key | is_list %}\n        {{ identifier }}.dbt_unique_key_1 is null\n    {% else %}\n        {{ identifier }}.dbt_unique_key is null\n    {% endif %}\n{% endmacro %}', 'depends_on': {'macros': []}, 'description': '', 'meta': {}, 'docs': {'show': True, 'node_color': None}, 'config': {'meta': {}, 'docs': {'show': True, 'node_color': None}}, 'patch_path': None, 'arguments': [], 'created_at': 1780338388.041077, 'supported_languages': None}, 'macro.dbt.unique_key_is_not_null': {'name': 'unique_key_is_not_null', 'resource_type': 'macro', 'package_name': 'dbt', 'path': 'macros/materializations/snapshots/helpers.sql', 'original_file_path': 'macros/materializations/snapshots/helpers.sql', 'unique_id': 'macro.dbt.unique_key_is_not_null', 'macro_sql': '{% macro unique_key_is_not_null(unique_key, identifier) %}\n    {% if unique_key | is_list %}\n        {{ identifier }}.dbt_unique_key_1 is not null\n    {% else %}\n        {{ identifier }}.dbt_unique_key is not null\n    {% endif %}\n{% endmacro %}', 'depends_on': {'macros': []}, 'description': '', 'meta': {}, 'docs': {'show': True, 'node_color': None}, 'config': {'meta': {}, 'docs': {'show': True, 'node_color': None}}, 'patch_path': None, 'arguments': [], 'created_at': 1780338388.0412593, 'supported_languages': None}, 'macro.dbt.strategy_dispatch': {'name': 'strategy_dispatch', 'resource_type': 'macro', 'package_name': 'dbt', 'path': 'macros/materializations/snapshots/strategies.sql', 'original_file_path': 'macros/materializations/snapshots/strategies.sql', 'unique_id': 'macro.dbt.strategy_dispatch', 'macro_sql': '{% macro strategy_dispatch(name) -%}\n{% set original_name = name %}\n  {% if \'.\' in name %}\n    {% set package_name, name = name.split(".", 1) %}\n  {% else %}\n    {% set package_name = none %}\n  {% endif %}\n\n  {% if package_name is none %}\n    {% set package_context = context %}\n  {% elif package_name in context %}\n    {% set package_context = context[package_name] %}\n  {% else %}\n    {% set error_msg %}\n        Could not find package \'{{package_name}}\', called with \'{{original_name}}\'\n    {% endset %}\n    {{ exceptions.raise_compiler_error(error_msg | trim) }}\n  {% endif %}\n\n  {%- set search_name = \'snapshot_\' ~ name ~ \'_strategy\' -%}\n\n  {% if search_name not in package_context %}\n    {% set error_msg %}\n        The specified strategy macro \'{{name}}\' was not found in package \'{{ package_name }}\'\n    {% endset %}\n    {{ exceptions.raise_compiler_error(error_msg | trim) }}\n  {% endif %}\n  {{ return(package_context[search_name]) }}\n{%- endmacro %}', 'depends_on': {'macros': []}, 'description': '', 'meta': {}, 'docs': {'show': True, 'node_color': None}, 'config': {'meta': {}, 'docs': {'show': True, 'node_color': None}}, 'patch_path': None, 'arguments': [], 'created_at': 1780338388.043231, 'supported_languages': None}, 'macro.dbt.snapshot_hash_arguments': {'name': 'snapshot_hash_arguments', 'resource_type': 'macro', 'package_name': 'dbt', 'path': 'macros/materializations/snapshots/strategies.sql', 'original_file_path': 'macros/materializations/snapshots/strategies.sql', 'unique_id': 'macro.dbt.snapshot_hash_arguments', 'macro_sql': "{% macro snapshot_hash_arguments(args) -%}\n  {{ adapter.dispatch('snapshot_hash_arguments', 'dbt')(args) }}\n{%- endmacro %}", 'depends_on': {'macros': ['macro.dbt.default__snapshot_hash_arguments']}, 'description': '', 'meta': {}, 'docs': {'show': True, 'node_color': None}, 'config': {'meta': {}, 'docs': {'show': True, 'node_color': None}}, 'patch_path': None, 'arguments': [], 'created_at': 1780338388.0433927, 'supported_languages': None}, 'macro.dbt.default__snapshot_hash_arguments': {'name': 'default__snapshot_hash_arguments', 'resource_type': 'macro', 'package_name': 'dbt', 'path': 'macros/materializations/snapshots/strategies.sql', 'original_file_path': 'macros/materializations/snapshots/strategies.sql', 'unique_id': 'macro.dbt.default__snapshot_hash_arguments', 'macro_sql': "{% macro default__snapshot_hash_arguments(args) -%}\n    md5({%- for arg in args -%}\n        coalesce(cast({{ arg }} as varchar ), '')\n        {% if not loop.last %} || '|' || {% endif %}\n    {%- endfor -%})\n{%- endmacro %}", 'depends_on': {'macros': []}, 'description': '', 'meta': {}, 'docs': {'show': True, 'node_color': None}, 'config': {'meta': {}, 'docs': {'show': True, 'node_color': None}}, 'patch_path': None, 'arguments': [], 'created_at': 1780338388.0435994, 'supported_languages': None}, 'macro.dbt.snapshot_timestamp_strategy': {'name': 'snapshot_timestamp_strategy', 'resource_type': 'macro', 'package_name': 'dbt', 'path': 'macros/materializations/snapshots/strategies.sql', 'original_file_path': 'macros/materializations/snapshots/strategies.sql', 'unique_id': 'macro.dbt.snapshot_timestamp_strategy', 'macro_sql': '{% macro snapshot_timestamp_strategy(node, snapshotted_rel, current_rel, model_config, target_exists) %}\n    {# The model_config parameter is no longer used, but is passed in anyway for compatibility. #}\n    {% set primary_key = config.get(\'unique_key\') %}\n    {% set updated_at = config.get(\'updated_at\') %}\n    {% set hard_deletes = adapter.get_hard_deletes_behavior(config) %}\n    {% set invalidate_hard_deletes = hard_deletes == \'invalidate\' %}\n    {% set columns = config.get("snapshot_table_column_names") or get_snapshot_table_column_names() %}\n\n    {#/*\n        The snapshot relation might not have an {{ updated_at }} value if the\n        snapshot strategy is changed from `check` to `timestamp`. We\n        should use a dbt-created column for the comparison in the snapshot\n        table instead of assuming that the user-supplied {{ updated_at }}\n        will be present in the historical data.\n\n        See https://github.com/dbt-labs/dbt-core/issues/2350\n    */ #}\n    {% set row_changed_expr -%}\n        ({{ snapshotted_rel }}.{{ columns.dbt_valid_from }} < {{ current_rel }}.{{ updated_at }})\n    {%- endset %}\n\n    {% set scd_args = api.Relation.scd_args(primary_key, updated_at) %}\n    {% set scd_id_expr = snapshot_hash_arguments(scd_args) %}\n\n    {% do return({\n        "unique_key": primary_key,\n        "updated_at": updated_at,\n        "row_changed": row_changed_expr,\n        "scd_id": scd_id_expr,\n        "invalidate_hard_deletes": invalidate_hard_deletes,\n        "hard_deletes": hard_deletes\n    }) %}\n{% endmacro %}', 'depends_on': {'macros': ['macro.dbt.get_snapshot_table_column_names', 'macro.dbt.snapshot_hash_arguments']}, 'description': '', 'meta': {}, 'docs': {'show': True, 'node_color': None}, 'config': {'meta': {}, 'docs': {'show': True, 'node_color': None}}, 'patch_path': None, 'arguments': [], 'created_at': 1780338388.044486, 'supported_languages': None}, 'macro.dbt.snapshot_string_as_time': {'name': 'snapshot_string_as_time', 'resource_type': 'macro', 'package_name': 'dbt', 'path': 'macros/materializations/snapshots/strategies.sql', 'original_file_path': 'macros/materializations/snapshots/strategies.sql', 'unique_id': 'macro.dbt.snapshot_string_as_time', 'macro_sql': "{% macro snapshot_string_as_time(timestamp) -%}\n    {{ adapter.dispatch('snapshot_string_as_time', 'dbt')(timestamp) }}\n{%- endmacro %}", 'depends_on': {'macros': ['macro.dbt_postgres.postgres__snapshot_string_as_time']}, 'description': '', 'meta': {}, 'docs': {'show': True, 'node_color': None}, 'config': {'meta': {}, 'docs': {'show': True, 'node_color': None}}, 'patch_path': None, 'arguments': [], 'created_at': 1780338388.044655, 'supported_languages': None}, 'macro.dbt.default__snapshot_string_as_time': {'name': 'default__snapshot_string_as_time', 'resource_type': 'macro', 'package_name': 'dbt', 'path': 'macros/materializations/snapshots/strategies.sql', 'original_file_path': 'macros/materializations/snapshots/strategies.sql', 'unique_id': 'macro.dbt.default__snapshot_string_as_time', 'macro_sql': "{% macro default__snapshot_string_as_time(timestamp) %}\n    {% do exceptions.raise_not_implemented(\n        'snapshot_string_as_time macro not implemented for adapter '+adapter.type()\n    ) %}\n{% endmacro %}", 'depends_on': {'macros': []}, 'description': '', 'meta': {}, 'docs': {'show': True, 'node_color': None}, 'config': {'meta': {}, 'docs': {'show': True, 'node_color': None}}, 'patch_path': None, 'arguments': [], 'created_at': 1780338388.0448244, 'supported_languages': None}, 'macro.dbt.snapshot_check_all_get_existing_columns': {'name': 'snapshot_check_all_get_existing_columns', 'resource_type': 'macro', 'package_name': 'dbt', 'path': 'macros/materializations/snapshots/strategies.sql', 'original_file_path': 'macros/materializations/snapshots/strategies.sql', 'unique_id': 'macro.dbt.snapshot_check_all_get_existing_columns', 'macro_sql': '{% macro snapshot_check_all_get_existing_columns(node, target_exists, check_cols_config) -%}\n    {%- if not target_exists -%}\n        {#-- no table yet -> return whatever the query does --#}\n        {{ return((false, query_columns)) }}\n    {%- endif -%}\n\n    {#-- handle any schema changes --#}\n    {%- set target_relation = adapter.get_relation(database=node.database, schema=node.schema, identifier=node.alias) -%}\n\n    {% if check_cols_config == \'all\' %}\n        {%- set query_columns = get_columns_in_query(node[\'compiled_code\']) -%}\n\n    {% elif check_cols_config is iterable and (check_cols_config | length) > 0 %}\n        {#-- query for proper casing/quoting, to support comparison below --#}\n        {%- set select_check_cols_from_target -%}\n            {#-- N.B. The whitespace below is necessary to avoid edge case issue with comments --#}\n            {#-- See: https://github.com/dbt-labs/dbt-core/issues/6781 --#}\n            select {{ check_cols_config | join(\', \') }} from (\n                {{ node[\'compiled_code\'] }}\n            ) subq\n        {%- endset -%}\n        {% set query_columns = get_columns_in_query(select_check_cols_from_target) %}\n\n    {% else %}\n        {% do exceptions.raise_compiler_error("Invalid value for \'check_cols\': " ~ check_cols_config) %}\n    {% endif %}\n\n    {%- set existing_cols = adapter.get_columns_in_relation(target_relation) | map(attribute = \'name\') | list -%}\n    {%- set ns = namespace() -%} {#-- handle for-loop scoping with a namespace --#}\n    {%- set ns.column_added = false -%}\n\n    {%- set intersection = [] -%}\n    {%- for col in query_columns -%}\n        {%- if col in existing_cols -%}\n            {%- do intersection.append(adapter.quote(col)) -%}\n        {%- else -%}\n            {% set ns.column_added = true %}\n        {%- endif -%}\n    {%- endfor -%}\n    {{ return((ns.column_added, intersection)) }}\n{%- endmacro %}', 'depends_on': {'macros': ['macro.dbt.get_columns_in_query']}, 'description': '', 'meta': {}, 'docs': {'show': True, 'node_color': None}, 'config': {'meta': {}, 'docs': {'show': True, 'node_color': None}}, 'patch_path': None, 'arguments': [], 'created_at': 1780338388.0461226, 'supported_languages': None}, 'macro.dbt.snapshot_check_strategy': {'name': 'snapshot_check_strategy', 'resource_type': 'macro', 'package_name': 'dbt', 'path': 'macros/materializations/snapshots/strategies.sql', 'original_file_path': 'macros/materializations/snapshots/strategies.sql', 'unique_id': 'macro.dbt.snapshot_check_strategy', 'macro_sql': '{% macro snapshot_check_strategy(node, snapshotted_rel, current_rel, model_config, target_exists) %}\n    {# The model_config parameter is no longer used, but is passed in anyway for compatibility. #}\n    {% set check_cols_config = config.get(\'check_cols\') %}\n    {% set primary_key = config.get(\'unique_key\') %}\n    {% set hard_deletes = adapter.get_hard_deletes_behavior(config) %}\n    {% set invalidate_hard_deletes = hard_deletes == \'invalidate\' %}\n    {% set updated_at = config.get(\'updated_at\') or snapshot_get_time() %}\n\n    {% set column_added = false %}\n\n    {% set column_added, check_cols = snapshot_check_all_get_existing_columns(node, target_exists, check_cols_config) %}\n\n    {%- set row_changed_expr -%}\n    (\n    {%- if column_added -%}\n        {{ get_true_sql() }}\n    {%- else -%}\n    {%- for col in check_cols -%}\n        {{ snapshotted_rel }}.{{ col }} != {{ current_rel }}.{{ col }}\n        or\n        (\n            (({{ snapshotted_rel }}.{{ col }} is null) and not ({{ current_rel }}.{{ col }} is null))\n            or\n            ((not {{ snapshotted_rel }}.{{ col }} is null) and ({{ current_rel }}.{{ col }} is null))\n        )\n        {%- if not loop.last %} or {% endif -%}\n    {%- endfor -%}\n    {%- endif -%}\n    )\n    {%- endset %}\n\n    {% set scd_args = api.Relation.scd_args(primary_key, updated_at) %}\n    {% set scd_id_expr = snapshot_hash_arguments(scd_args) %}\n\n    {% do return({\n        "unique_key": primary_key,\n        "updated_at": updated_at,\n        "row_changed": row_changed_expr,\n        "scd_id": scd_id_expr,\n        "invalidate_hard_deletes": invalidate_hard_deletes,\n        "hard_deletes": hard_deletes\n    }) %}\n{% endmacro %}', 'depends_on': {'macros': ['macro.dbt.snapshot_get_time', 'macro.dbt.snapshot_check_all_get_existing_columns', 'macro.dbt.get_true_sql', 'macro.dbt.snapshot_hash_arguments']}, 'description': '', 'meta': {}, 'docs': {'show': True, 'node_color': None}, 'config': {'meta': {}, 'docs': {'show': True, 'node_color': None}}, 'patch_path': None, 'arguments': [], 'created_at': 1780338388.047478, 'supported_languages': None}, 'macro.dbt.materialization_snapshot_default': {'name': 'materialization_snapshot_default', 'resource_type': 'macro', 'package_name': 'dbt', 'path': 'macros/materializations/snapshots/snapshot.sql', 'original_file_path': 'macros/materializations/snapshots/snapshot.sql', 'unique_id': 'macro.dbt.materialization_snapshot_default', 'macro_sql': '{% materialization snapshot, default %}\n\n  {%- set target_table = model.get(\'alias\', model.get(\'name\')) -%}\n\n  {%- set strategy_name = config.get(\'strategy\') -%}\n  {%- set unique_key = config.get(\'unique_key\') %}\n  -- grab current tables grants config for comparision later on\n  {%- set grant_config = config.get(\'grants\') -%}\n\n  {% set target_relation_exists, target_relation = get_or_create_relation(\n          database=model.database,\n          schema=model.schema,\n          identifier=target_table,\n          type=\'table\') -%}\n\n  {%- if not target_relation.is_table -%}\n    {% do exceptions.relation_wrong_type(target_relation, \'table\') %}\n  {%- endif -%}\n\n\n  {{ run_hooks(pre_hooks, inside_transaction=False) }}\n\n  {{ run_hooks(pre_hooks, inside_transaction=True) }}\n\n  {% set strategy_macro = strategy_dispatch(strategy_name) %}\n  {# The model[\'config\'] parameter below is no longer used, but passing anyway for compatibility #}\n  {# It was a dictionary of config, instead of the config object from the context #}\n  {% set strategy = strategy_macro(model, "snapshotted_data", "source_data", model[\'config\'], target_relation_exists) %}\n\n  {% if not target_relation_exists %}\n\n      {% set build_sql = build_snapshot_table(strategy, model[\'compiled_code\']) %}\n      {% set build_or_select_sql = build_sql %}\n      {% set final_sql = create_table_as(False, target_relation, build_sql) %}\n\n  {% else %}\n\n      {% set columns = config.get("snapshot_table_column_names") or get_snapshot_table_column_names() %}\n\n      {{ adapter.assert_valid_snapshot_target_given_strategy(target_relation, columns, strategy) }}\n\n      {% set build_or_select_sql = snapshot_staging_table(strategy, sql, target_relation) %}\n      {% set staging_table = build_snapshot_staging_table(strategy, sql, target_relation) %}\n\n      -- this may no-op if the database does not require column expansion\n      {% do adapter.expand_target_column_types(from_relation=staging_table,\n                                               to_relation=target_relation) %}\n\n      {% set remove_columns = [\'dbt_change_type\', \'DBT_CHANGE_TYPE\', \'dbt_unique_key\', \'DBT_UNIQUE_KEY\'] %}\n      {% if unique_key | is_list %}\n          {% for key in strategy.unique_key %}\n              {{ remove_columns.append(\'dbt_unique_key_\' + loop.index|string) }}\n              {{ remove_columns.append(\'DBT_UNIQUE_KEY_\' + loop.index|string) }}\n          {% endfor %}\n      {% endif %}\n\n      {% set missing_columns = adapter.get_missing_columns(staging_table, target_relation)\n                                   | rejectattr(\'name\', \'in\', remove_columns)\n                                   | list %}\n\n      {% do create_columns(target_relation, missing_columns) %}\n\n      {% set source_columns = adapter.get_columns_in_relation(staging_table)\n                                   | rejectattr(\'name\', \'in\', remove_columns)\n                                   | list %}\n\n      {% set quoted_source_columns = [] %}\n      {% for column in source_columns %}\n        {% do quoted_source_columns.append(adapter.quote(column.name)) %}\n      {% endfor %}\n\n      {% set final_sql = snapshot_merge_sql(\n            target = target_relation,\n            source = staging_table,\n            insert_cols = quoted_source_columns\n         )\n      %}\n\n  {% endif %}\n\n\n  {{ check_time_data_types(build_or_select_sql) }}\n\n  {% call statement(\'main\') %}\n      {{ final_sql }}\n  {% endcall %}\n\n  {% set should_revoke = should_revoke(target_relation_exists, full_refresh_mode=False) %}\n  {% do apply_grants(target_relation, grant_config, should_revoke=should_revoke) %}\n\n  {% do persist_docs(target_relation, model) %}\n\n  {% if not target_relation_exists %}\n    {% do create_indexes(target_relation) %}\n  {% endif %}\n\n  {{ run_hooks(post_hooks, inside_transaction=True) }}\n\n  {{ adapter.commit() }}\n\n  {% if staging_table is defined %}\n      {% do post_snapshot(staging_table) %}\n  {% endif %}\n\n  {{ run_hooks(post_hooks, inside_transaction=False) }}\n\n  {{ return({\'relations\': [target_relation]}) }}\n\n{% endmaterialization %}', 'depends_on': {'macros': ['macro.dbt.get_or_create_relation', 'macro.dbt.run_hooks', 'macro.dbt.strategy_dispatch', 'macro.dbt.build_snapshot_table', 'macro.dbt.create_table_as', 'macro.dbt.get_snapshot_table_column_names', 'macro.dbt.snapshot_staging_table', 'macro.dbt.build_snapshot_staging_table', 'macro.dbt.create_columns', 'macro.dbt.snapshot_merge_sql', 'macro.dbt.check_time_data_types', 'macro.dbt.statement', 'macro.dbt.should_revoke', 'macro.dbt.apply_grants', 'macro.dbt.persist_docs', 'macro.dbt.create_indexes', 'macro.dbt.post_snapshot']}, 'description': '', 'meta': {}, 'docs': {'show': True, 'node_color': None}, 'config': {'meta': {}, 'docs': {'show': True, 'node_color': None}}, 'patch_path': None, 'arguments': [], 'created_at': 1780338388.0510883, 'supported_languages': ['sql']}, 'macro.dbt.snapshot_merge_sql': {'name': 'snapshot_merge_sql', 'resource_type': 'macro', 'package_name': 'dbt', 'path': 'macros/materializations/snapshots/snapshot_merge.sql', 'original_file_path': 'macros/materializations/snapshots/snapshot_merge.sql', 'unique_id': 'macro.dbt.snapshot_merge_sql', 'macro_sql': "{% macro snapshot_merge_sql(target, source, insert_cols) -%}\n  {{ adapter.dispatch('snapshot_merge_sql', 'dbt')(target, source, insert_cols) }}\n{%- endmacro %}", 'depends_on': {'macros': ['macro.dbt_postgres.postgres__snapshot_merge_sql']}, 'description': '', 'meta': {}, 'docs': {'show': True, 'node_color': None}, 'config': {'meta': {}, 'docs': {'show': True, 'node_color': None}}, 'patch_path': None, 'arguments': [], 'created_at': 1780338388.051519, 'supported_languages': None}, 'macro.dbt.default__snapshot_merge_sql': {'name': 'default__snapshot_merge_sql', 'resource_type': 'macro', 'package_name': 'dbt', 'path': 'macros/materializations/snapshots/snapshot_merge.sql', 'original_file_path': 'macros/materializations/snapshots/snapshot_merge.sql', 'unique_id': 'macro.dbt.default__snapshot_merge_sql', 'macro_sql': '{% macro default__snapshot_merge_sql(target, source, insert_cols) -%}\n    {%- set insert_cols_csv = insert_cols | join(\', \') -%}\n\n    {%- set columns = config.get("snapshot_table_column_names") or get_snapshot_table_column_names() -%}\n\n    merge into {{ target.render() }} as DBT_INTERNAL_DEST\n    using {{ source }} as DBT_INTERNAL_SOURCE\n    on DBT_INTERNAL_SOURCE.{{ columns.dbt_scd_id }} = DBT_INTERNAL_DEST.{{ columns.dbt_scd_id }}\n\n    when matched\n     {% if config.get("dbt_valid_to_current") %}\n\t{% set source_unique_key = ("DBT_INTERNAL_DEST." ~ columns.dbt_valid_to) | trim %}\n\t{% set target_unique_key = config.get(\'dbt_valid_to_current\') | trim %}\n\tand ({{ equals(source_unique_key, target_unique_key) }} or {{ source_unique_key }} is null)\n\n     {% else %}\n       and DBT_INTERNAL_DEST.{{ columns.dbt_valid_to }} is null\n     {% endif %}\n     and DBT_INTERNAL_SOURCE.dbt_change_type in (\'update\', \'delete\')\n        then update\n        set {{ columns.dbt_valid_to }} = DBT_INTERNAL_SOURCE.{{ columns.dbt_valid_to }}\n\n    when not matched\n     and DBT_INTERNAL_SOURCE.dbt_change_type = \'insert\'\n        then insert ({{ insert_cols_csv }})\n        values ({{ insert_cols_csv }})\n\n{% endmacro %}', 'depends_on': {'macros': ['macro.dbt.get_snapshot_table_column_names', 'macro.dbt.equals']}, 'description': '', 'meta': {}, 'docs': {'show': True, 'node_color': None}, 'config': {'meta': {}, 'docs': {'show': True, 'node_color': None}}, 'patch_path': None, 'arguments': [], 'created_at': 1780338388.0522943, 'supported_languages': None}, 'macro.dbt.create_csv_table': {'name': 'create_csv_table', 'resource_type': 'macro', 'package_name': 'dbt', 'path': 'macros/materializations/seeds/helpers.sql', 'original_file_path': 'macros/materializations/seeds/helpers.sql', 'unique_id': 'macro.dbt.create_csv_table', 'macro_sql': "{% macro create_csv_table(model, agate_table) -%}\n  {{ adapter.dispatch('create_csv_table', 'dbt')(model, agate_table) }}\n{%- endmacro %}", 'depends_on': {'macros': ['macro.dbt.default__create_csv_table']}, 'description': '', 'meta': {}, 'docs': {'show': True, 'node_color': None}, 'config': {'meta': {}, 'docs': {'show': True, 'node_color': None}}, 'patch_path': None, 'arguments': [], 'created_at': 1780338388.053128, 'supported_languages': None}, 'macro.dbt.default__create_csv_table': {'name': 'default__create_csv_table', 'resource_type': 'macro', 'package_name': 'dbt', 'path': 'macros/materializations/seeds/helpers.sql', 'original_file_path': 'macros/materializations/seeds/helpers.sql', 'unique_id': 'macro.dbt.default__create_csv_table', 'macro_sql': "{% macro default__create_csv_table(model, agate_table) %}\n  {%- set column_override = model['config'].get('column_types', {}) -%}\n  {%- set quote_seed_column = model['config'].get('quote_columns', None) -%}\n\n  {% set sql %}\n    create table {{ this.render() }} (\n        {%- for col_name in agate_table.column_names -%}\n            {%- set inferred_type = adapter.convert_type(agate_table, loop.index0) -%}\n            {%- set type = column_override.get(col_name, inferred_type) -%}\n            {%- set column_name = (col_name | string) -%}\n            {{ adapter.quote_seed_column(column_name, quote_seed_column) }} {{ type }} {%- if not loop.last -%}, {%- endif -%}\n        {%- endfor -%}\n    )\n  {% endset %}\n\n  {% call statement('_') -%}\n    {{ sql }}\n  {%- endcall %}\n\n  {{ return(sql) }}\n{% endmacro %}", 'depends_on': {'macros': ['macro.dbt.statement']}, 'description': '', 'meta': {}, 'docs': {'show': True, 'node_color': None}, 'config': {'meta': {}, 'docs': {'show': True, 'node_color': None}}, 'patch_path': None, 'arguments': [], 'created_at': 1780338388.05389, 'supported_languages': None}, 'macro.dbt.reset_csv_table': {'name': 'reset_csv_table', 'resource_type': 'macro', 'package_name': 'dbt', 'path': 'macros/materializations/seeds/helpers.sql', 'original_file_path': 'macros/materializations/seeds/helpers.sql', 'unique_id': 'macro.dbt.reset_csv_table', 'macro_sql': "{% macro reset_csv_table(model, full_refresh, old_relation, agate_table) -%}\n  {{ adapter.dispatch('reset_csv_table', 'dbt')(model, full_refresh, old_relation, agate_table) }}\n{%- endmacro %}", 'depends_on': {'macros': ['macro.dbt.default__reset_csv_table']}, 'description': '', 'meta': {}, 'docs': {'show': True, 'node_color': None}, 'config': {'meta': {}, 'docs': {'show': True, 'node_color': None}}, 'patch_path': None, 'arguments': [], 'created_at': 1780338388.054131, 'supported_languages': None}, 'macro.dbt.default__reset_csv_table': {'name': 'default__reset_csv_table', 'resource_type': 'macro', 'package_name': 'dbt', 'path': 'macros/materializations/seeds/helpers.sql', 'original_file_path': 'macros/materializations/seeds/helpers.sql', 'unique_id': 'macro.dbt.default__reset_csv_table', 'macro_sql': '{% macro default__reset_csv_table(model, full_refresh, old_relation, agate_table) %}\n    {% set sql = "" %}\n    {% if full_refresh %}\n        {{ adapter.drop_relation(old_relation) }}\n        {% set sql = create_csv_table(model, agate_table) %}\n    {% else %}\n        {{ adapter.truncate_relation(old_relation) }}\n        {% set sql = "truncate table " ~ old_relation.render() %}\n    {% endif %}\n\n    {{ return(sql) }}\n{% endmacro %}', 'depends_on': {'macros': ['macro.dbt.create_csv_table']}, 'description': '', 'meta': {}, 'docs': {'show': True, 'node_color': None}, 'config': {'meta': {}, 'docs': {'show': True, 'node_color': None}}, 'patch_path': None, 'arguments': [], 'created_at': 1780338388.054606, 'supported_languages': None}, 'macro.dbt.get_csv_sql': {'name': 'get_csv_sql', 'resource_type': 'macro', 'package_name': 'dbt', 'path': 'macros/materializations/seeds/helpers.sql', 'original_file_path': 'macros/materializations/seeds/helpers.sql', 'unique_id': 'macro.dbt.get_csv_sql', 'macro_sql': "{% macro get_csv_sql(create_or_truncate_sql, insert_sql) %}\n    {{ adapter.dispatch('get_csv_sql', 'dbt')(create_or_truncate_sql, insert_sql) }}\n{% endmacro %}", 'depends_on': {'macros': ['macro.dbt.default__get_csv_sql']}, 'description': '', 'meta': {}, 'docs': {'show': True, 'node_color': None}, 'config': {'meta': {}, 'docs': {'show': True, 'node_color': None}}, 'patch_path': None, 'arguments': [], 'created_at': 1780338388.0547926, 'supported_languages': None}, 'macro.dbt.default__get_csv_sql': {'name': 'default__get_csv_sql', 'resource_type': 'macro', 'package_name': 'dbt', 'path': 'macros/materializations/seeds/helpers.sql', 'original_file_path': 'macros/materializations/seeds/helpers.sql', 'unique_id': 'macro.dbt.default__get_csv_sql', 'macro_sql': '{% macro default__get_csv_sql(create_or_truncate_sql, insert_sql) %}\n    {{ create_or_truncate_sql }};\n    -- dbt seed --\n    {{ insert_sql }}\n{% endmacro %}', 'depends_on': {'macros': []}, 'description': '', 'meta': {}, 'docs': {'show': True, 'node_color': None}, 'config': {'meta': {}, 'docs': {'show': True, 'node_color': None}}, 'patch_path': None, 'arguments': [], 'created_at': 1780338388.0549192, 'supported_languages': None}, 'macro.dbt.get_binding_char': {'name': 'get_binding_char', 'resource_type': 'macro', 'package_name': 'dbt', 'path': 'macros/materializations/seeds/helpers.sql', 'original_file_path': 'macros/materializations/seeds/helpers.sql', 'unique_id': 'macro.dbt.get_binding_char', 'macro_sql': "{% macro get_binding_char() -%}\n  {{ adapter.dispatch('get_binding_char', 'dbt')() }}\n{%- endmacro %}", 'depends_on': {'macros': ['macro.dbt.default__get_binding_char']}, 'description': '', 'meta': {}, 'docs': {'show': True, 'node_color': None}, 'config': {'meta': {}, 'docs': {'show': True, 'node_color': None}}, 'patch_path': None, 'arguments': [], 'created_at': 1780338388.0550423, 'supported_languages': None}, 'macro.dbt.default__get_binding_char': {'name': 'default__get_binding_char', 'resource_type': 'macro', 'package_name': 'dbt', 'path': 'macros/materializations/seeds/helpers.sql', 'original_file_path': 'macros/materializations/seeds/helpers.sql', 'unique_id': 'macro.dbt.default__get_binding_char', 'macro_sql': "{% macro default__get_binding_char() %}\n  {{ return('%s') }}\n{% endmacro %}", 'depends_on': {'macros': []}, 'description': '', 'meta': {}, 'docs': {'show': True, 'node_color': None}, 'config': {'meta': {}, 'docs': {'show': True, 'node_color': None}}, 'patch_path': None, 'arguments': [], 'created_at': 1780338388.0551426, 'supported_languages': None}, 'macro.dbt.get_batch_size': {'name': 'get_batch_size', 'resource_type': 'macro', 'package_name': 'dbt', 'path': 'macros/materializations/seeds/helpers.sql', 'original_file_path': 'macros/materializations/seeds/helpers.sql', 'unique_id': 'macro.dbt.get_batch_size', 'macro_sql': "{% macro get_batch_size() -%}\n  {{ return(adapter.dispatch('get_batch_size', 'dbt')()) }}\n{%- endmacro %}", 'depends_on': {'macros': ['macro.dbt.default__get_batch_size']}, 'description': '', 'meta': {}, 'docs': {'show': True, 'node_color': None}, 'config': {'meta': {}, 'docs': {'show': True, 'node_color': None}}, 'patch_path': None, 'arguments': [], 'created_at': 1780338388.055285, 'supported_languages': None}, 'macro.dbt.default__get_batch_size': {'name': 'default__get_batch_size', 'resource_type': 'macro', 'package_name': 'dbt', 'path': 'macros/materializations/seeds/helpers.sql', 'original_file_path': 'macros/materializations/seeds/helpers.sql', 'unique_id': 'macro.dbt.default__get_batch_size', 'macro_sql': '{% macro default__get_batch_size() %}\n  {{ return(10000) }}\n{% endmacro %}', 'depends_on': {'macros': []}, 'description': '', 'meta': {}, 'docs': {'show': True, 'node_color': None}, 'config': {'meta': {}, 'docs': {'show': True, 'node_color': None}}, 'patch_path': None, 'arguments': [], 'created_at': 1780338388.055382, 'supported_languages': None}, 'macro.dbt.get_seed_column_quoted_csv': {'name': 'get_seed_column_quoted_csv', 'resource_type': 'macro', 'package_name': 'dbt', 'path': 'macros/materializations/seeds/helpers.sql', 'original_file_path': 'macros/materializations/seeds/helpers.sql', 'unique_id': 'macro.dbt.get_seed_column_quoted_csv', 'macro_sql': "{% macro get_seed_column_quoted_csv(model, column_names) %}\n  {%- set quote_seed_column = model['config'].get('quote_columns', None) -%}\n    {% set quoted = [] %}\n    {% for col in column_names -%}\n        {%- do quoted.append(adapter.quote_seed_column(col, quote_seed_column)) -%}\n    {%- endfor %}\n\n    {%- set dest_cols_csv = quoted | join(', ') -%}\n    {{ return(dest_cols_csv) }}\n{% endmacro %}", 'depends_on': {'macros': []}, 'description': '', 'meta': {}, 'docs': {'show': True, 'node_color': None}, 'config': {'meta': {}, 'docs': {'show': True, 'node_color': None}}, 'patch_path': None, 'arguments': [], 'created_at': 1780338388.055766, 'supported_languages': None}, 'macro.dbt.load_csv_rows': {'name': 'load_csv_rows', 'resource_type': 'macro', 'package_name': 'dbt', 'path': 'macros/materializations/seeds/helpers.sql', 'original_file_path': 'macros/materializations/seeds/helpers.sql', 'unique_id': 'macro.dbt.load_csv_rows', 'macro_sql': "{% macro load_csv_rows(model, agate_table) -%}\n  {{ adapter.dispatch('load_csv_rows', 'dbt')(model, agate_table) }}\n{%- endmacro %}", 'depends_on': {'macros': ['macro.dbt.default__load_csv_rows']}, 'description': '', 'meta': {}, 'docs': {'show': True, 'node_color': None}, 'config': {'meta': {}, 'docs': {'show': True, 'node_color': None}}, 'patch_path': None, 'arguments': [], 'created_at': 1780338388.055971, 'supported_languages': None}, 'macro.dbt.default__load_csv_rows': {'name': 'default__load_csv_rows', 'resource_type': 'macro', 'package_name': 'dbt', 'path': 'macros/materializations/seeds/helpers.sql', 'original_file_path': 'macros/materializations/seeds/helpers.sql', 'unique_id': 'macro.dbt.default__load_csv_rows', 'macro_sql': '{% macro default__load_csv_rows(model, agate_table) %}\n\n  {% set batch_size = get_batch_size() %}\n\n  {% set cols_sql = get_seed_column_quoted_csv(model, agate_table.column_names) %}\n  {% set bindings = [] %}\n\n  {% set statements = [] %}\n\n  {% for chunk in agate_table.rows | batch(batch_size) %}\n      {% set bindings = [] %}\n\n      {% for row in chunk %}\n          {% do bindings.extend(row) %}\n      {% endfor %}\n\n      {% set sql %}\n          insert into {{ this.render() }} ({{ cols_sql }}) values\n          {% for row in chunk -%}\n              ({%- for column in agate_table.column_names -%}\n                  {{ get_binding_char() }}\n                  {%- if not loop.last%},{%- endif %}\n              {%- endfor -%})\n              {%- if not loop.last%},{%- endif %}\n          {%- endfor %}\n      {% endset %}\n\n      {% do adapter.add_query(sql, bindings=bindings, abridge_sql_log=True) %}\n\n      {% if loop.index0 == 0 %}\n          {% do statements.append(sql) %}\n      {% endif %}\n  {% endfor %}\n\n  {# Return SQL so we can render it out into the compiled files #}\n  {{ return(statements[0]) }}\n{% endmacro %}', 'depends_on': {'macros': ['macro.dbt.get_batch_size', 'macro.dbt.get_seed_column_quoted_csv', 'macro.dbt.get_binding_char']}, 'description': '', 'meta': {}, 'docs': {'show': True, 'node_color': None}, 'config': {'meta': {}, 'docs': {'show': True, 'node_color': None}}, 'patch_path': None, 'arguments': [], 'created_at': 1780338388.057008, 'supported_languages': None}, 'macro.dbt.materialization_seed_default': {'name': 'materialization_seed_default', 'resource_type': 'macro', 'package_name': 'dbt', 'path': 'macros/materializations/seeds/seed.sql', 'original_file_path': 'macros/materializations/seeds/seed.sql', 'unique_id': 'macro.dbt.materialization_seed_default', 'macro_sql': '{% materialization seed, default %}\n\n  {%- set identifier = model[\'alias\'] -%}\n  {%- set full_refresh_mode = (should_full_refresh()) -%}\n\n  {%- set old_relation = adapter.get_relation(database=database, schema=schema, identifier=identifier) -%}\n\n  {%- set exists_as_table = (old_relation is not none and old_relation.is_table) -%}\n  {%- set exists_as_view = (old_relation is not none and old_relation.is_view) -%}\n\n  {%- set grant_config = config.get(\'grants\') -%}\n  {%- set agate_table = load_agate_table() -%}\n  -- grab current tables grants config for comparison later on\n\n  {%- do store_result(\'agate_table\', response=\'OK\', agate_table=agate_table) -%}\n\n  {{ run_hooks(pre_hooks, inside_transaction=False) }}\n\n  -- `BEGIN` happens here:\n  {{ run_hooks(pre_hooks, inside_transaction=True) }}\n\n  -- build model\n  {% set create_table_sql = "" %}\n  {% if exists_as_view %}\n    {{ exceptions.raise_compiler_error("Cannot seed to \'{}\', it is a view".format(old_relation.render())) }}\n  {% elif exists_as_table %}\n    {% set create_table_sql = reset_csv_table(model, full_refresh_mode, old_relation, agate_table) %}\n  {% else %}\n    {% set create_table_sql = create_csv_table(model, agate_table) %}\n  {% endif %}\n\n  {% set code = \'CREATE\' if full_refresh_mode else \'INSERT\' %}\n  {% set rows_affected = (agate_table.rows | length) %}\n  {% set sql = "" %}\n  {% if rows_affected > 0 %}\n    {% set sql = load_csv_rows(model, agate_table) %}\n  {% endif %}\n\n  {% call noop_statement(\'main\', code ~ \' \' ~ rows_affected, code, rows_affected) %}\n    {{ get_csv_sql(create_table_sql, sql) }};\n  {% endcall %}\n\n  {% set target_relation = this.incorporate(type=\'table\') %}\n\n  {% set should_revoke = should_revoke(old_relation, full_refresh_mode) %}\n  {% do apply_grants(target_relation, grant_config, should_revoke=should_revoke) %}\n\n  {% do persist_docs(target_relation, model) %}\n\n  {% if full_refresh_mode or not exists_as_table %}\n    {% do create_indexes(target_relation) %}\n  {% endif %}\n\n  {{ run_hooks(post_hooks, inside_transaction=True) }}\n\n  -- `COMMIT` happens here\n  {{ adapter.commit() }}\n\n  {{ run_hooks(post_hooks, inside_transaction=False) }}\n\n  {{ return({\'relations\': [target_relation]}) }}\n\n{% endmaterialization %}', 'depends_on': {'macros': ['macro.dbt.should_full_refresh', 'macro.dbt.run_hooks', 'macro.dbt.reset_csv_table', 'macro.dbt.create_csv_table', 'macro.dbt.load_csv_rows', 'macro.dbt.noop_statement', 'macro.dbt.get_csv_sql', 'macro.dbt.should_revoke', 'macro.dbt.apply_grants', 'macro.dbt.persist_docs', 'macro.dbt.create_indexes']}, 'description': '', 'meta': {}, 'docs': {'show': True, 'node_color': None}, 'config': {'meta': {}, 'docs': {'show': True, 'node_color': None}}, 'patch_path': None, 'arguments': [], 'created_at': 1780338388.0595171, 'supported_languages': ['sql']}, 'macro.dbt.materialization_test_default': {'name': 'materialization_test_default', 'resource_type': 'macro', 'package_name': 'dbt', 'path': 'macros/materializations/tests/test.sql', 'original_file_path': 'macros/materializations/tests/test.sql', 'unique_id': 'macro.dbt.materialization_test_default', 'macro_sql': '{%- materialization test, default -%}\n\n  {% set relations = [] %}\n  {% set limit = config.get(\'limit\') %}\n  {% set sql_header = config.get(\'sql_header\') if flags.REQUIRE_SQL_HEADER_IN_TEST_CONFIGS else none %}\n\n  {% set sql_with_limit %}\n    {{ get_limit_subquery_sql(sql, limit) }}\n  {% endset %}\n\n  {% if should_store_failures() %}\n\n    {% set identifier = model[\'alias\'] %}\n    {% set old_relation = adapter.get_relation(database=database, schema=schema, identifier=identifier) %}\n\n    {% set store_failures_as = config.get(\'store_failures_as\') %}\n    -- if `--store-failures` is invoked via command line and `store_failures_as` is not set,\n    -- config.get(\'store_failures_as\', \'table\') returns None, not \'table\'\n    {% if store_failures_as == none %}{% set store_failures_as = \'table\' %}{% endif %}\n    {% if store_failures_as not in [\'table\', \'view\'] %}\n        {{ exceptions.raise_compiler_error(\n            "\'" ~ store_failures_as ~ "\' is not a valid value for `store_failures_as`. "\n            "Accepted values are: [\'ephemeral\', \'table\', \'view\']"\n        ) }}\n    {% endif %}\n\n    {% set target_relation = api.Relation.create(\n        identifier=identifier, schema=schema, database=database, type=store_failures_as) -%} %}\n\n    {% if old_relation %}\n        {% do adapter.drop_relation(old_relation) %}\n    {% endif %}\n\n    {% call statement(auto_begin=True) %}\n        {% if sql_header %}{{ sql_header }}{% endif %}\n        {{ get_create_sql(target_relation, sql_with_limit) }}\n    {% endcall %}\n\n    {% do relations.append(target_relation) %}\n\n    {# Since the test failures have already been saved to the database, reuse that result rather than querying again #}\n    {% set main_sql %}\n        select *\n        from {{ target_relation }}\n    {% endset %}\n\n    {{ adapter.commit() }}\n\n  {% else %}\n\n      {% set main_sql = sql_with_limit %}\n\n  {% endif %}\n\n  {% set fail_calc = config.get(\'fail_calc\') %}\n  {% set warn_if = config.get(\'warn_if\') %}\n  {% set error_if = config.get(\'error_if\') %}\n\n  {% call statement(\'main\', fetch_result=True) -%}\n\n    {% if sql_header %}{{ sql_header }}{% endif %}\n    {# The limit has already been included above, and we do not want to duplicate it again. We also want to be safe for macro overrides treating `limit` as a required parameter. #}\n    {{ get_test_sql(main_sql, fail_calc, warn_if, error_if, limit=none)}}\n\n  {%- endcall %}\n\n  {{ return({\'relations\': relations}) }}\n\n{%- endmaterialization -%}', 'depends_on': {'macros': ['macro.dbt.get_limit_subquery_sql', 'macro.dbt.should_store_failures', 'macro.dbt.statement', 'macro.dbt.get_create_sql', 'macro.dbt.get_test_sql']}, 'description': '', 'meta': {}, 'docs': {'show': True, 'node_color': None}, 'config': {'meta': {}, 'docs': {'show': True, 'node_color': None}}, 'patch_path': None, 'arguments': [], 'created_at': 1780338388.0617068, 'supported_languages': ['sql']}, 'macro.dbt.get_test_sql': {'name': 'get_test_sql', 'resource_type': 'macro', 'package_name': 'dbt', 'path': 'macros/materializations/tests/helpers.sql', 'original_file_path': 'macros/materializations/tests/helpers.sql', 'unique_id': 'macro.dbt.get_test_sql', 'macro_sql': "{% macro get_test_sql(main_sql, fail_calc, warn_if, error_if, limit) -%}\n  {{ adapter.dispatch('get_test_sql', 'dbt')(main_sql, fail_calc, warn_if, error_if, limit) }}\n{%- endmacro %}", 'depends_on': {'macros': ['macro.dbt.default__get_test_sql']}, 'description': '', 'meta': {}, 'docs': {'show': True, 'node_color': None}, 'config': {'meta': {}, 'docs': {'show': True, 'node_color': None}}, 'patch_path': None, 'arguments': [], 'created_at': 1780338388.0622547, 'supported_languages': None}, 'macro.dbt.default__get_test_sql': {'name': 'default__get_test_sql', 'resource_type': 'macro', 'package_name': 'dbt', 'path': 'macros/materializations/tests/helpers.sql', 'original_file_path': 'macros/materializations/tests/helpers.sql', 'unique_id': 'macro.dbt.default__get_test_sql', 'macro_sql': '{% macro default__get_test_sql(main_sql, fail_calc, warn_if, error_if, limit) -%}\n    select\n      {{ fail_calc }} as failures,\n      {{ fail_calc }} {{ warn_if }} as should_warn,\n      {{ fail_calc }} {{ error_if }} as should_error\n    from (\n      {{ main_sql }}\n      {{ "limit " ~ limit if limit != none }}\n    ) dbt_internal_test\n{%- endmacro %}', 'depends_on': {'macros': []}, 'description': '', 'meta': {}, 'docs': {'show': True, 'node_color': None}, 'config': {'meta': {}, 'docs': {'show': True, 'node_color': None}}, 'patch_path': None, 'arguments': [], 'created_at': 1780338388.0625367, 'supported_languages': None}, 'macro.dbt.get_unit_test_sql': {'name': 'get_unit_test_sql', 'resource_type': 'macro', 'package_name': 'dbt', 'path': 'macros/materializations/tests/helpers.sql', 'original_file_path': 'macros/materializations/tests/helpers.sql', 'unique_id': 'macro.dbt.get_unit_test_sql', 'macro_sql': "{% macro get_unit_test_sql(main_sql, expected_fixture_sql, expected_column_names) -%}\n  {{ adapter.dispatch('get_unit_test_sql', 'dbt')(main_sql, expected_fixture_sql, expected_column_names) }}\n{%- endmacro %}", 'depends_on': {'macros': ['macro.dbt.default__get_unit_test_sql']}, 'description': '', 'meta': {}, 'docs': {'show': True, 'node_color': None}, 'config': {'meta': {}, 'docs': {'show': True, 'node_color': None}}, 'patch_path': None, 'arguments': [], 'created_at': 1780338388.0627131, 'supported_languages': None}, 'macro.dbt.default__get_unit_test_sql': {'name': 'default__get_unit_test_sql', 'resource_type': 'macro', 'package_name': 'dbt', 'path': 'macros/materializations/tests/helpers.sql', 'original_file_path': 'macros/materializations/tests/helpers.sql', 'unique_id': 'macro.dbt.default__get_unit_test_sql', 'macro_sql': '{% macro default__get_unit_test_sql(main_sql, expected_fixture_sql, expected_column_names) -%}\n-- Build actual result given inputs\nwith dbt_internal_unit_test_actual as (\n  select\n    {% for expected_column_name in expected_column_names %}{{expected_column_name}}{% if not loop.last -%},{% endif %}{%- endfor -%}, {{ dbt.string_literal("actual") }} as {{ adapter.quote("actual_or_expected") }}\n  from (\n    {{ main_sql }}\n  ) _dbt_internal_unit_test_actual\n),\n-- Build expected result\ndbt_internal_unit_test_expected as (\n  select\n    {% for expected_column_name in expected_column_names %}{{expected_column_name}}{% if not loop.last -%}, {% endif %}{%- endfor -%}, {{ dbt.string_literal("expected") }} as {{ adapter.quote("actual_or_expected") }}\n  from (\n    {{ expected_fixture_sql }}\n  ) _dbt_internal_unit_test_expected\n)\n-- Union actual and expected results\nselect * from dbt_internal_unit_test_actual\nunion all\nselect * from dbt_internal_unit_test_expected\n{%- endmacro %}', 'depends_on': {'macros': ['macro.dbt.string_literal']}, 'description': '', 'meta': {}, 'docs': {'show': True, 'node_color': None}, 'config': {'meta': {}, 'docs': {'show': True, 'node_color': None}}, 'patch_path': None, 'arguments': [], 'created_at': 1780338388.0632293, 'supported_languages': None}, 'macro.dbt.materialization_unit_default': {'name': 'materialization_unit_default', 'resource_type': 'macro', 'package_name': 'dbt', 'path': 'macros/materializations/tests/unit.sql', 'original_file_path': 'macros/materializations/tests/unit.sql', 'unique_id': 'macro.dbt.materialization_unit_default', 'macro_sql': "{%- materialization unit, default -%}\n\n  {% set relations = [] %}\n  {% set sql_header = config.get('sql_header') if flags.REQUIRE_SQL_HEADER_IN_TEST_CONFIGS else none %}\n\n  {% set expected_rows = config.get('expected_rows') %}\n  {% set expected_sql = config.get('expected_sql') %}\n  {% set tested_expected_column_names = expected_rows[0].keys() if (expected_rows | length ) > 0 else get_columns_in_query(sql) %}\n\n  {%- set target_relation = this.incorporate(type='table') -%}\n  {%- set temp_relation = make_temp_relation(target_relation)-%}\n  {% do run_query(get_create_table_as_sql(True, temp_relation, get_empty_subquery_sql(sql))) %}\n  {%- set columns_in_relation = adapter.get_columns_in_relation(temp_relation) -%}\n  {%- set column_name_to_data_types = {} -%}\n  {%- set column_name_to_quoted = {} -%}\n  {%- for column in columns_in_relation -%}\n  {%-   do column_name_to_data_types.update({column.name|lower: column.data_type}) -%}\n  {%-   do column_name_to_quoted.update({column.name|lower: column.quoted}) -%}\n  {%- endfor -%}\n\n  {%- set expected_column_names_quoted = [] -%}\n  {%- for column_name in tested_expected_column_names -%}\n  {%-   do expected_column_names_quoted.append(column_name_to_quoted[column_name|lower]) -%}\n  {%- endfor -%}\n\n  {% if not expected_sql %}\n  {%   set expected_sql = get_expected_sql(expected_rows, column_name_to_data_types, column_name_to_quoted) %}\n  {% endif %}\n  {% set unit_test_sql = get_unit_test_sql(sql, expected_sql, expected_column_names_quoted) %}\n\n  {% call statement('main', fetch_result=True) -%}\n\n    {% if sql_header %}{{ sql_header }}{% endif %}\n    {{ unit_test_sql }}\n\n  {%- endcall %}\n\n  {% do adapter.drop_relation(temp_relation) %}\n\n  {{ return({'relations': relations}) }}\n\n{%- endmaterialization -%}", 'depends_on': {'macros': ['macro.dbt.get_columns_in_query', 'macro.dbt.make_temp_relation', 'macro.dbt.run_query', 'macro.dbt.get_create_table_as_sql', 'macro.dbt.get_empty_subquery_sql', 'macro.dbt.get_expected_sql', 'macro.dbt.get_unit_test_sql', 'macro.dbt.statement']}, 'description': '', 'meta': {}, 'docs': {'show': True, 'node_color': None}, 'config': {'meta': {}, 'docs': {'show': True, 'node_color': None}}, 'patch_path': None, 'arguments': [], 'created_at': 1780338388.0650673, 'supported_languages': ['sql']}, 'macro.dbt.get_where_subquery': {'name': 'get_where_subquery', 'resource_type': 'macro', 'package_name': 'dbt', 'path': 'macros/materializations/tests/where_subquery.sql', 'original_file_path': 'macros/materializations/tests/where_subquery.sql', 'unique_id': 'macro.dbt.get_where_subquery', 'macro_sql': "{% macro get_where_subquery(relation) -%}\n    {% do return(adapter.dispatch('get_where_subquery', 'dbt')(relation)) %}\n{%- endmacro %}", 'depends_on': {'macros': ['macro.dbt.default__get_where_subquery']}, 'description': '', 'meta': {}, 'docs': {'show': True, 'node_color': None}, 'config': {'meta': {}, 'docs': {'show': True, 'node_color': None}}, 'patch_path': None, 'arguments': [], 'created_at': 1780338388.0653787, 'supported_languages': None}, 'macro.dbt.default__get_where_subquery': {'name': 'default__get_where_subquery', 'resource_type': 'macro', 'package_name': 'dbt', 'path': 'macros/materializations/tests/where_subquery.sql', 'original_file_path': 'macros/materializations/tests/where_subquery.sql', 'unique_id': 'macro.dbt.default__get_where_subquery', 'macro_sql': "{% macro default__get_where_subquery(relation) -%}\n    {% set where = config.get('where', '') %}\n    {% if where %}\n        {%- set filtered -%}\n            (select * from {{ relation }} where {{ where }}) dbt_subquery\n        {%- endset -%}\n        {% do return(filtered) %}\n    {%- else -%}\n        {% do return(relation) %}\n    {%- endif -%}\n{%- endmacro %}", 'depends_on': {'macros': []}, 'description': '', 'meta': {}, 'docs': {'show': True, 'node_color': None}, 'config': {'meta': {}, 'docs': {'show': True, 'node_color': None}}, 'patch_path': None, 'arguments': [], 'created_at': 1780338388.0658379, 'supported_languages': None}, 'macro.dbt.current_timestamp': {'name': 'current_timestamp', 'resource_type': 'macro', 'package_name': 'dbt', 'path': 'macros/adapters/timestamps.sql', 'original_file_path': 'macros/adapters/timestamps.sql', 'unique_id': 'macro.dbt.current_timestamp', 'macro_sql': "{%- macro current_timestamp() -%}\n    {{ adapter.dispatch('current_timestamp', 'dbt')() }}\n{%- endmacro -%}\n\n", 'depends_on': {'macros': ['macro.dbt_postgres.postgres__current_timestamp']}, 'description': '', 'meta': {}, 'docs': {'show': True, 'node_color': None}, 'config': {'meta': {}, 'docs': {'show': True, 'node_color': None}}, 'patch_path': None, 'arguments': [], 'created_at': 1780338388.066307, 'supported_languages': None}, 'macro.dbt.default__current_timestamp': {'name': 'default__current_timestamp', 'resource_type': 'macro', 'package_name': 'dbt', 'path': 'macros/adapters/timestamps.sql', 'original_file_path': 'macros/adapters/timestamps.sql', 'unique_id': 'macro.dbt.default__current_timestamp', 'macro_sql': "{% macro default__current_timestamp() -%}\n  {{ exceptions.raise_not_implemented(\n    'current_timestamp macro not implemented for adapter ' + adapter.type()) }}\n{%- endmacro %}", 'depends_on': {'macros': []}, 'description': '', 'meta': {}, 'docs': {'show': True, 'node_color': None}, 'config': {'meta': {}, 'docs': {'show': True, 'node_color': None}}, 'patch_path': None, 'arguments': [], 'created_at': 1780338388.0664544, 'supported_languages': None}, 'macro.dbt.snapshot_get_time': {'name': 'snapshot_get_time', 'resource_type': 'macro', 'package_name': 'dbt', 'path': 'macros/adapters/timestamps.sql', 'original_file_path': 'macros/adapters/timestamps.sql', 'unique_id': 'macro.dbt.snapshot_get_time', 'macro_sql': "\n\n{%- macro snapshot_get_time() -%}\n    {{ adapter.dispatch('snapshot_get_time', 'dbt')() }}\n{%- endmacro -%}\n\n", 'depends_on': {'macros': ['macro.dbt_postgres.postgres__snapshot_get_time']}, 'description': '', 'meta': {}, 'docs': {'show': True, 'node_color': None}, 'config': {'meta': {}, 'docs': {'show': True, 'node_color': None}}, 'patch_path': None, 'arguments': [], 'created_at': 1780338388.0665827, 'supported_languages': None}, 'macro.dbt.default__snapshot_get_time': {'name': 'default__snapshot_get_time', 'resource_type': 'macro', 'package_name': 'dbt', 'path': 'macros/adapters/timestamps.sql', 'original_file_path': 'macros/adapters/timestamps.sql', 'unique_id': 'macro.dbt.default__snapshot_get_time', 'macro_sql': '{% macro default__snapshot_get_time() %}\n    {{ current_timestamp() }}\n{% endmacro %}', 'depends_on': {'macros': ['macro.dbt.current_timestamp']}, 'description': '', 'meta': {}, 'docs': {'show': True, 'node_color': None}, 'config': {'meta': {}, 'docs': {'show': True, 'node_color': None}}, 'patch_path': None, 'arguments': [], 'created_at': 1780338388.066681, 'supported_languages': None}, 'macro.dbt.get_snapshot_get_time_data_type': {'name': 'get_snapshot_get_time_data_type', 'resource_type': 'macro', 'package_name': 'dbt', 'path': 'macros/adapters/timestamps.sql', 'original_file_path': 'macros/adapters/timestamps.sql', 'unique_id': 'macro.dbt.get_snapshot_get_time_data_type', 'macro_sql': "{% macro get_snapshot_get_time_data_type() %}\n    {% set snapshot_time = adapter.dispatch('snapshot_get_time', 'dbt')() %}\n    {% set time_data_type_sql = 'select ' ~ snapshot_time ~ ' as dbt_snapshot_time' %}\n    {% set snapshot_time_column_schema = get_column_schema_from_query(time_data_type_sql) %}\n    {% set time_data_type = snapshot_time_column_schema[0].dtype %}\n    {{ return(time_data_type or none) }}\n{% endmacro %}", 'depends_on': {'macros': ['macro.dbt.snapshot_get_time', 'macro.dbt_postgres.postgres__snapshot_get_time', 'macro.dbt.get_column_schema_from_query']}, 'description': '', 'meta': {}, 'docs': {'show': True, 'node_color': None}, 'config': {'meta': {}, 'docs': {'show': True, 'node_color': None}}, 'patch_path': None, 'arguments': [], 'created_at': 1780338388.067037, 'supported_languages': None}, 'macro.dbt.current_timestamp_backcompat': {'name': 'current_timestamp_backcompat', 'resource_type': 'macro', 'package_name': 'dbt', 'path': 'macros/adapters/timestamps.sql', 'original_file_path': 'macros/adapters/timestamps.sql', 'unique_id': 'macro.dbt.current_timestamp_backcompat', 'macro_sql': "{% macro current_timestamp_backcompat() %}\n    {{ return(adapter.dispatch('current_timestamp_backcompat', 'dbt')()) }}\n{% endmacro %}", 'depends_on': {'macros': ['macro.dbt_postgres.postgres__current_timestamp_backcompat']}, 'description': '', 'meta': {}, 'docs': {'show': True, 'node_color': None}, 'config': {'meta': {}, 'docs': {'show': True, 'node_color': None}}, 'patch_path': None, 'arguments': [], 'created_at': 1780338388.0671887, 'supported_languages': None}, 'macro.dbt.default__current_timestamp_backcompat': {'name': 'default__current_timestamp_backcompat', 'resource_type': 'macro', 'package_name': 'dbt', 'path': 'macros/adapters/timestamps.sql', 'original_file_path': 'macros/adapters/timestamps.sql', 'unique_id': 'macro.dbt.default__current_timestamp_backcompat', 'macro_sql': '{% macro default__current_timestamp_backcompat() %}\n    current_timestamp::timestamp\n{% endmacro %}', 'depends_on': {'macros': []}, 'description': '', 'meta': {}, 'docs': {'show': True, 'node_color': None}, 'config': {'meta': {}, 'docs': {'show': True, 'node_color': None}}, 'patch_path': None, 'arguments': [], 'created_at': 1780338388.0672567, 'supported_languages': None}, 'macro.dbt.current_timestamp_in_utc_backcompat': {'name': 'current_timestamp_in_utc_backcompat', 'resource_type': 'macro', 'package_name': 'dbt', 'path': 'macros/adapters/timestamps.sql', 'original_file_path': 'macros/adapters/timestamps.sql', 'unique_id': 'macro.dbt.current_timestamp_in_utc_backcompat', 'macro_sql': "{% macro current_timestamp_in_utc_backcompat() %}\n    {{ return(adapter.dispatch('current_timestamp_in_utc_backcompat', 'dbt')()) }}\n{% endmacro %}", 'depends_on': {'macros': ['macro.dbt_postgres.postgres__current_timestamp_in_utc_backcompat']}, 'description': '', 'meta': {}, 'docs': {'show': True, 'node_color': None}, 'config': {'meta': {}, 'docs': {'show': True, 'node_color': None}}, 'patch_path': None, 'arguments': [], 'created_at': 1780338388.0673945, 'supported_languages': None}, 'macro.dbt.default__current_timestamp_in_utc_backcompat': {'name': 'default__current_timestamp_in_utc_backcompat', 'resource_type': 'macro', 'package_name': 'dbt', 'path': 'macros/adapters/timestamps.sql', 'original_file_path': 'macros/adapters/timestamps.sql', 'unique_id': 'macro.dbt.default__current_timestamp_in_utc_backcompat', 'macro_sql': "{% macro default__current_timestamp_in_utc_backcompat() %}\n    {{ return(adapter.dispatch('current_timestamp_backcompat', 'dbt')()) }}\n{% endmacro %}", 'depends_on': {'macros': ['macro.dbt.current_timestamp_backcompat', 'macro.dbt_postgres.postgres__current_timestamp_backcompat']}, 'description': '', 'meta': {}, 'docs': {'show': True, 'node_color': None}, 'config': {'meta': {}, 'docs': {'show': True, 'node_color': None}}, 'patch_path': None, 'arguments': [], 'created_at': 1780338388.0675364, 'supported_languages': None}, 'macro.dbt.get_catalog_relations': {'name': 'get_catalog_relations', 'resource_type': 'macro', 'package_name': 'dbt', 'path': 'macros/adapters/metadata.sql', 'original_file_path': 'macros/adapters/metadata.sql', 'unique_id': 'macro.dbt.get_catalog_relations', 'macro_sql': "{% macro get_catalog_relations(information_schema, relations) -%}\n  {{ return(adapter.dispatch('get_catalog_relations', 'dbt')(information_schema, relations)) }}\n{%- endmacro %}", 'depends_on': {'macros': ['macro.dbt_postgres.postgres__get_catalog_relations']}, 'description': '', 'meta': {}, 'docs': {'show': True, 'node_color': None}, 'config': {'meta': {}, 'docs': {'show': True, 'node_color': None}}, 'patch_path': None, 'arguments': [], 'created_at': 1780338388.0683594, 'supported_languages': None}, 'macro.dbt.default__get_catalog_relations': {'name': 'default__get_catalog_relations', 'resource_type': 'macro', 'package_name': 'dbt', 'path': 'macros/adapters/metadata.sql', 'original_file_path': 'macros/adapters/metadata.sql', 'unique_id': 'macro.dbt.default__get_catalog_relations', 'macro_sql': '{% macro default__get_catalog_relations(information_schema, relations) -%}\n  {% set typename = adapter.type() %}\n  {% set msg -%}\n    get_catalog_relations not implemented for {{ typename }}\n  {%- endset %}\n\n  {{ exceptions.raise_compiler_error(msg) }}\n{%- endmacro %}', 'depends_on': {'macros': []}, 'description': '', 'meta': {}, 'docs': {'show': True, 'node_color': None}, 'config': {'meta': {}, 'docs': {'show': True, 'node_color': None}}, 'patch_path': None, 'arguments': [], 'created_at': 1780338388.0686443, 'supported_languages': None}, 'macro.dbt.get_catalog': {'name': 'get_catalog', 'resource_type': 'macro', 'package_name': 'dbt', 'path': 'macros/adapters/metadata.sql', 'original_file_path': 'macros/adapters/metadata.sql', 'unique_id': 'macro.dbt.get_catalog', 'macro_sql': "{% macro get_catalog(information_schema, schemas) -%}\n  {{ return(adapter.dispatch('get_catalog', 'dbt')(information_schema, schemas)) }}\n{%- endmacro %}", 'depends_on': {'macros': ['macro.dbt_postgres.postgres__get_catalog']}, 'description': '', 'meta': {}, 'docs': {'show': True, 'node_color': None}, 'config': {'meta': {}, 'docs': {'show': True, 'node_color': None}}, 'patch_path': None, 'arguments': [], 'created_at': 1780338388.0688426, 'supported_languages': None}, 'macro.dbt.default__get_catalog': {'name': 'default__get_catalog', 'resource_type': 'macro', 'package_name': 'dbt', 'path': 'macros/adapters/metadata.sql', 'original_file_path': 'macros/adapters/metadata.sql', 'unique_id': 'macro.dbt.default__get_catalog', 'macro_sql': '{% macro default__get_catalog(information_schema, schemas) -%}\n\n  {% set typename = adapter.type() %}\n  {% set msg -%}\n    get_catalog not implemented for {{ typename }}\n  {%- endset %}\n\n  {{ exceptions.raise_compiler_error(msg) }}\n{% endmacro %}', 'depends_on': {'macros': []}, 'description': '', 'meta': {}, 'docs': {'show': True, 'node_color': None}, 'config': {'meta': {}, 'docs': {'show': True, 'node_color': None}}, 'patch_path': None, 'arguments': [], 'created_at': 1780338388.0690725, 'supported_languages': None}, 'macro.dbt.information_schema_name': {'name': 'information_schema_name', 'resource_type': 'macro', 'package_name': 'dbt', 'path': 'macros/adapters/metadata.sql', 'original_file_path': 'macros/adapters/metadata.sql', 'unique_id': 'macro.dbt.information_schema_name', 'macro_sql': "{% macro information_schema_name(database) %}\n  {{ return(adapter.dispatch('information_schema_name', 'dbt')(database)) }}\n{% endmacro %}", 'depends_on': {'macros': ['macro.dbt_postgres.postgres__information_schema_name']}, 'description': '', 'meta': {}, 'docs': {'show': True, 'node_color': None}, 'config': {'meta': {}, 'docs': {'show': True, 'node_color': None}}, 'patch_path': None, 'arguments': [], 'created_at': 1780338388.0693018, 'supported_languages': None}, 'macro.dbt.default__information_schema_name': {'name': 'default__information_schema_name', 'resource_type': 'macro', 'package_name': 'dbt', 'path': 'macros/adapters/metadata.sql', 'original_file_path': 'macros/adapters/metadata.sql', 'unique_id': 'macro.dbt.default__information_schema_name', 'macro_sql': '{% macro default__information_schema_name(database) -%}\n  {%- if database -%}\n    {{ database }}.INFORMATION_SCHEMA\n  {%- else -%}\n    INFORMATION_SCHEMA\n  {%- endif -%}\n{%- endmacro %}', 'depends_on': {'macros': []}, 'description': '', 'meta': {}, 'docs': {'show': True, 'node_color': None}, 'config': {'meta': {}, 'docs': {'show': True, 'node_color': None}}, 'patch_path': None, 'arguments': [], 'created_at': 1780338388.069439, 'supported_languages': None}, 'macro.dbt.list_schemas': {'name': 'list_schemas', 'resource_type': 'macro', 'package_name': 'dbt', 'path': 'macros/adapters/metadata.sql', 'original_file_path': 'macros/adapters/metadata.sql', 'unique_id': 'macro.dbt.list_schemas', 'macro_sql': "{% macro list_schemas(database) -%}\n  {{ return(adapter.dispatch('list_schemas', 'dbt')(database)) }}\n{% endmacro %}", 'depends_on': {'macros': ['macro.dbt_postgres.postgres__list_schemas']}, 'description': '', 'meta': {}, 'docs': {'show': True, 'node_color': None}, 'config': {'meta': {}, 'docs': {'show': True, 'node_color': None}}, 'patch_path': None, 'arguments': [], 'created_at': 1780338388.0695844, 'supported_languages': None}, 'macro.dbt.default__list_schemas': {'name': 'default__list_schemas', 'resource_type': 'macro', 'package_name': 'dbt', 'path': 'macros/adapters/metadata.sql', 'original_file_path': 'macros/adapters/metadata.sql', 'unique_id': 'macro.dbt.default__list_schemas', 'macro_sql': "{% macro default__list_schemas(database) -%}\n  {% set sql %}\n    select distinct schema_name\n    from {{ information_schema_name(database) }}.SCHEMATA\n    where catalog_name ilike '{{ database }}'\n  {% endset %}\n  {{ return(run_query(sql)) }}\n{% endmacro %}", 'depends_on': {'macros': ['macro.dbt.information_schema_name', 'macro.dbt.run_query']}, 'description': '', 'meta': {}, 'docs': {'show': True, 'node_color': None}, 'config': {'meta': {}, 'docs': {'show': True, 'node_color': None}}, 'patch_path': None, 'arguments': [], 'created_at': 1780338388.069778, 'supported_languages': None}, 'macro.dbt.check_schema_exists': {'name': 'check_schema_exists', 'resource_type': 'macro', 'package_name': 'dbt', 'path': 'macros/adapters/metadata.sql', 'original_file_path': 'macros/adapters/metadata.sql', 'unique_id': 'macro.dbt.check_schema_exists', 'macro_sql': "{% macro check_schema_exists(information_schema, schema) -%}\n  {{ return(adapter.dispatch('check_schema_exists', 'dbt')(information_schema, schema)) }}\n{% endmacro %}", 'depends_on': {'macros': ['macro.dbt_postgres.postgres__check_schema_exists']}, 'description': '', 'meta': {}, 'docs': {'show': True, 'node_color': None}, 'config': {'meta': {}, 'docs': {'show': True, 'node_color': None}}, 'patch_path': None, 'arguments': [], 'created_at': 1780338388.0699847, 'supported_languages': None}, 'macro.dbt.default__check_schema_exists': {'name': 'default__check_schema_exists', 'resource_type': 'macro', 'package_name': 'dbt', 'path': 'macros/adapters/metadata.sql', 'original_file_path': 'macros/adapters/metadata.sql', 'unique_id': 'macro.dbt.default__check_schema_exists', 'macro_sql': "{% macro default__check_schema_exists(information_schema, schema) -%}\n  {% set sql -%}\n        select count(*)\n        from {{ information_schema.replace(information_schema_view='SCHEMATA') }}\n        where catalog_name='{{ information_schema.database }}'\n          and schema_name='{{ schema }}'\n  {%- endset %}\n  {{ return(run_query(sql)) }}\n{% endmacro %}", 'depends_on': {'macros': ['macro.dbt.replace', 'macro.dbt.run_query']}, 'description': '', 'meta': {}, 'docs': {'show': True, 'node_color': None}, 'config': {'meta': {}, 'docs': {'show': True, 'node_color': None}}, 'patch_path': None, 'arguments': [], 'created_at': 1780338388.0702815, 'supported_languages': None}, 'macro.dbt.list_relations_without_caching': {'name': 'list_relations_without_caching', 'resource_type': 'macro', 'package_name': 'dbt', 'path': 'macros/adapters/metadata.sql', 'original_file_path': 'macros/adapters/metadata.sql', 'unique_id': 'macro.dbt.list_relations_without_caching', 'macro_sql': "{% macro list_relations_without_caching(schema_relation) %}\n  {{ return(adapter.dispatch('list_relations_without_caching', 'dbt')(schema_relation)) }}\n{% endmacro %}", 'depends_on': {'macros': ['macro.dbt_postgres.postgres__list_relations_without_caching']}, 'description': '', 'meta': {}, 'docs': {'show': True, 'node_color': None}, 'config': {'meta': {}, 'docs': {'show': True, 'node_color': None}}, 'patch_path': None, 'arguments': [], 'created_at': 1780338388.070443, 'supported_languages': None}, 'macro.dbt.default__list_relations_without_caching': {'name': 'default__list_relations_without_caching', 'resource_type': 'macro', 'package_name': 'dbt', 'path': 'macros/adapters/metadata.sql', 'original_file_path': 'macros/adapters/metadata.sql', 'unique_id': 'macro.dbt.default__list_relations_without_caching', 'macro_sql': "{% macro default__list_relations_without_caching(schema_relation) %}\n  {{ exceptions.raise_not_implemented(\n    'list_relations_without_caching macro not implemented for adapter '+adapter.type()) }}\n{% endmacro %}", 'depends_on': {'macros': []}, 'description': '', 'meta': {}, 'docs': {'show': True, 'node_color': None}, 'config': {'meta': {}, 'docs': {'show': True, 'node_color': None}}, 'patch_path': None, 'arguments': [], 'created_at': 1780338388.0705829, 'supported_languages': None}, 'macro.dbt.list_function_relations_without_caching': {'name': 'list_function_relations_without_caching', 'resource_type': 'macro', 'package_name': 'dbt', 'path': 'macros/adapters/metadata.sql', 'original_file_path': 'macros/adapters/metadata.sql', 'unique_id': 'macro.dbt.list_function_relations_without_caching', 'macro_sql': "{% macro list_function_relations_without_caching(schema_relation) %}\n  {{ return(adapter.dispatch('list_function_relations_without_caching', 'dbt')(schema_relation)) }}\n{% endmacro %}", 'depends_on': {'macros': ['macro.dbt.default__list_function_relations_without_caching']}, 'description': '', 'meta': {}, 'docs': {'show': True, 'node_color': None}, 'config': {'meta': {}, 'docs': {'show': True, 'node_color': None}}, 'patch_path': None, 'arguments': [], 'created_at': 1780338388.0707376, 'supported_languages': None}, 'macro.dbt.default__list_function_relations_without_caching': {'name': 'default__list_function_relations_without_caching', 'resource_type': 'macro', 'package_name': 'dbt', 'path': 'macros/adapters/metadata.sql', 'original_file_path': 'macros/adapters/metadata.sql', 'unique_id': 'macro.dbt.default__list_function_relations_without_caching', 'macro_sql': "{% macro default__list_function_relations_without_caching(schema_relation) %}\n  {{ exceptions.raise_not_implemented(\n    'list_function_relations_without_caching macro not implemented for adapter '+adapter.type()) }}\n{% endmacro %}", 'depends_on': {'macros': []}, 'description': '', 'meta': {}, 'docs': {'show': True, 'node_color': None}, 'config': {'meta': {}, 'docs': {'show': True, 'node_color': None}}, 'patch_path': None, 'arguments': [], 'created_at': 1780338388.0708714, 'supported_languages': None}, 'macro.dbt.get_catalog_for_single_relation': {'name': 'get_catalog_for_single_relation', 'resource_type': 'macro', 'package_name': 'dbt', 'path': 'macros/adapters/metadata.sql', 'original_file_path': 'macros/adapters/metadata.sql', 'unique_id': 'macro.dbt.get_catalog_for_single_relation', 'macro_sql': "{% macro get_catalog_for_single_relation(relation) %}\n  {{ return(adapter.dispatch('get_catalog_for_single_relation', 'dbt')(relation)) }}\n{% endmacro %}", 'depends_on': {'macros': ['macro.dbt.default__get_catalog_for_single_relation']}, 'description': '', 'meta': {}, 'docs': {'show': True, 'node_color': None}, 'config': {'meta': {}, 'docs': {'show': True, 'node_color': None}}, 'patch_path': None, 'arguments': [], 'created_at': 1780338388.071015, 'supported_languages': None}, 'macro.dbt.default__get_catalog_for_single_relation': {'name': 'default__get_catalog_for_single_relation', 'resource_type': 'macro', 'package_name': 'dbt', 'path': 'macros/adapters/metadata.sql', 'original_file_path': 'macros/adapters/metadata.sql', 'unique_id': 'macro.dbt.default__get_catalog_for_single_relation', 'macro_sql': "{% macro default__get_catalog_for_single_relation(relation) %}\n  {{ exceptions.raise_not_implemented(\n    'get_catalog_for_single_relation macro not implemented for adapter '+adapter.type()) }}\n{% endmacro %}", 'depends_on': {'macros': []}, 'description': '', 'meta': {}, 'docs': {'show': True, 'node_color': None}, 'config': {'meta': {}, 'docs': {'show': True, 'node_color': None}}, 'patch_path': None, 'arguments': [], 'created_at': 1780338388.0711403, 'supported_languages': None}, 'macro.dbt.get_relations': {'name': 'get_relations', 'resource_type': 'macro', 'package_name': 'dbt', 'path': 'macros/adapters/metadata.sql', 'original_file_path': 'macros/adapters/metadata.sql', 'unique_id': 'macro.dbt.get_relations', 'macro_sql': "{% macro get_relations() %}\n  {{ return(adapter.dispatch('get_relations', 'dbt')()) }}\n{% endmacro %}", 'depends_on': {'macros': ['macro.dbt_postgres.postgres__get_relations']}, 'description': '', 'meta': {}, 'docs': {'show': True, 'node_color': None}, 'config': {'meta': {}, 'docs': {'show': True, 'node_color': None}}, 'patch_path': None, 'arguments': [], 'created_at': 1780338388.0712698, 'supported_languages': None}, 'macro.dbt.default__get_relations': {'name': 'default__get_relations', 'resource_type': 'macro', 'package_name': 'dbt', 'path': 'macros/adapters/metadata.sql', 'original_file_path': 'macros/adapters/metadata.sql', 'unique_id': 'macro.dbt.default__get_relations', 'macro_sql': "{% macro default__get_relations() %}\n  {{ exceptions.raise_not_implemented(\n    'get_relations macro not implemented for adapter '+adapter.type()) }}\n{% endmacro %}", 'depends_on': {'macros': []}, 'description': '', 'meta': {}, 'docs': {'show': True, 'node_color': None}, 'config': {'meta': {}, 'docs': {'show': True, 'node_color': None}}, 'patch_path': None, 'arguments': [], 'created_at': 1780338388.07139, 'supported_languages': None}, 'macro.dbt.get_relation_last_modified': {'name': 'get_relation_last_modified', 'resource_type': 'macro', 'package_name': 'dbt', 'path': 'macros/adapters/metadata.sql', 'original_file_path': 'macros/adapters/metadata.sql', 'unique_id': 'macro.dbt.get_relation_last_modified', 'macro_sql': "{% macro get_relation_last_modified(information_schema, relations) %}\n  {{ return(adapter.dispatch('get_relation_last_modified', 'dbt')(information_schema, relations)) }}\n{% endmacro %}", 'depends_on': {'macros': ['macro.dbt.default__get_relation_last_modified']}, 'description': '', 'meta': {}, 'docs': {'show': True, 'node_color': None}, 'config': {'meta': {}, 'docs': {'show': True, 'node_color': None}}, 'patch_path': None, 'arguments': [], 'created_at': 1780338388.071553, 'supported_languages': None}, 'macro.dbt.default__get_relation_last_modified': {'name': 'default__get_relation_last_modified', 'resource_type': 'macro', 'package_name': 'dbt', 'path': 'macros/adapters/metadata.sql', 'original_file_path': 'macros/adapters/metadata.sql', 'unique_id': 'macro.dbt.default__get_relation_last_modified', 'macro_sql': "{% macro default__get_relation_last_modified(information_schema, relations) %}\n  {{ exceptions.raise_not_implemented(\n    'get_relation_last_modified macro not implemented for adapter ' + adapter.type()) }}\n{% endmacro %}", 'depends_on': {'macros': []}, 'description': '', 'meta': {}, 'docs': {'show': True, 'node_color': None}, 'config': {'meta': {}, 'docs': {'show': True, 'node_color': None}}, 'patch_path': None, 'arguments': [], 'created_at': 1780338388.0716891, 'supported_languages': None}, 'macro.dbt.validate_sql': {'name': 'validate_sql', 'resource_type': 'macro', 'package_name': 'dbt', 'path': 'macros/adapters/validate_sql.sql', 'original_file_path': 'macros/adapters/validate_sql.sql', 'unique_id': 'macro.dbt.validate_sql', 'macro_sql': "{% macro validate_sql(sql) -%}\n  {{ return(adapter.dispatch('validate_sql', 'dbt')(sql)) }}\n{% endmacro %}", 'depends_on': {'macros': ['macro.dbt.default__validate_sql']}, 'description': '', 'meta': {}, 'docs': {'show': True, 'node_color': None}, 'config': {'meta': {}, 'docs': {'show': True, 'node_color': None}}, 'patch_path': None, 'arguments': [], 'created_at': 1780338388.0719678, 'supported_languages': None}, 'macro.dbt.default__validate_sql': {'name': 'default__validate_sql', 'resource_type': 'macro', 'package_name': 'dbt', 'path': 'macros/adapters/validate_sql.sql', 'original_file_path': 'macros/adapters/validate_sql.sql', 'unique_id': 'macro.dbt.default__validate_sql', 'macro_sql': "{% macro default__validate_sql(sql) -%}\n  {% call statement('validate_sql') -%}\n    explain {{ sql }}\n  {% endcall %}\n  {{ return(load_result('validate_sql')) }}\n{% endmacro %}", 'depends_on': {'macros': ['macro.dbt.statement']}, 'description': '', 'meta': {}, 'docs': {'show': True, 'node_color': None}, 'config': {'meta': {}, 'docs': {'show': True, 'node_color': None}}, 'patch_path': None, 'arguments': [], 'created_at': 1780338388.072182, 'supported_languages': None}, 'macro.dbt.copy_grants': {'name': 'copy_grants', 'resource_type': 'macro', 'package_name': 'dbt', 'path': 'macros/adapters/apply_grants.sql', 'original_file_path': 'macros/adapters/apply_grants.sql', 'unique_id': 'macro.dbt.copy_grants', 'macro_sql': "{% macro copy_grants() %}\n    {{ return(adapter.dispatch('copy_grants', 'dbt')()) }}\n{% endmacro %}", 'depends_on': {'macros': ['macro.dbt_postgres.postgres__copy_grants']}, 'description': '', 'meta': {}, 'docs': {'show': True, 'node_color': None}, 'config': {'meta': {}, 'docs': {'show': True, 'node_color': None}}, 'patch_path': None, 'arguments': [], 'created_at': 1780338388.073229, 'supported_languages': None}, 'macro.dbt.default__copy_grants': {'name': 'default__copy_grants', 'resource_type': 'macro', 'package_name': 'dbt', 'path': 'macros/adapters/apply_grants.sql', 'original_file_path': 'macros/adapters/apply_grants.sql', 'unique_id': 'macro.dbt.default__copy_grants', 'macro_sql': '{% macro default__copy_grants() %}\n    {{ return(True) }}\n{% endmacro %}', 'depends_on': {'macros': []}, 'description': '', 'meta': {}, 'docs': {'show': True, 'node_color': None}, 'config': {'meta': {}, 'docs': {'show': True, 'node_color': None}}, 'patch_path': None, 'arguments': [], 'created_at': 1780338388.073345, 'supported_languages': None}, 'macro.dbt.support_multiple_grantees_per_dcl_statement': {'name': 'support_multiple_grantees_per_dcl_statement', 'resource_type': 'macro', 'package_name': 'dbt', 'path': 'macros/adapters/apply_grants.sql', 'original_file_path': 'macros/adapters/apply_grants.sql', 'unique_id': 'macro.dbt.support_multiple_grantees_per_dcl_statement', 'macro_sql': "{% macro support_multiple_grantees_per_dcl_statement() %}\n    {{ return(adapter.dispatch('support_multiple_grantees_per_dcl_statement', 'dbt')()) }}\n{% endmacro %}", 'depends_on': {'macros': ['macro.dbt.default__support_multiple_grantees_per_dcl_statement']}, 'description': '', 'meta': {}, 'docs': {'show': True, 'node_color': None}, 'config': {'meta': {}, 'docs': {'show': True, 'node_color': None}}, 'patch_path': None, 'arguments': [], 'created_at': 1780338388.0734916, 'supported_languages': None}, 'macro.dbt.default__support_multiple_grantees_per_dcl_statement': {'name': 'default__support_multiple_grantees_per_dcl_statement', 'resource_type': 'macro', 'package_name': 'dbt', 'path': 'macros/adapters/apply_grants.sql', 'original_file_path': 'macros/adapters/apply_grants.sql', 'unique_id': 'macro.dbt.default__support_multiple_grantees_per_dcl_statement', 'macro_sql': '\n\n{%- macro default__support_multiple_grantees_per_dcl_statement() -%}\n    {{ return(True) }}\n{%- endmacro -%}\n\n\n', 'depends_on': {'macros': []}, 'description': '', 'meta': {}, 'docs': {'show': True, 'node_color': None}, 'config': {'meta': {}, 'docs': {'show': True, 'node_color': None}}, 'patch_path': None, 'arguments': [], 'created_at': 1780338388.0735912, 'supported_languages': None}, 'macro.dbt.should_revoke': {'name': 'should_revoke', 'resource_type': 'macro', 'package_name': 'dbt', 'path': 'macros/adapters/apply_grants.sql', 'original_file_path': 'macros/adapters/apply_grants.sql', 'unique_id': 'macro.dbt.should_revoke', 'macro_sql': "{% macro should_revoke(existing_relation, full_refresh_mode=True) %}\n\n    {% if not existing_relation %}\n        {#-- The table doesn't already exist, so no grants to copy over --#}\n        {{ return(False) }}\n    {% elif full_refresh_mode %}\n        {#-- The object is being REPLACED -- whether grants are copied over depends on the value of user config --#}\n        {{ return(copy_grants()) }}\n    {% else %}\n        {#-- The table is being merged/upserted/inserted -- grants will be carried over --#}\n        {{ return(True) }}\n    {% endif %}\n\n{% endmacro %}", 'depends_on': {'macros': ['macro.dbt.copy_grants']}, 'description': '', 'meta': {}, 'docs': {'show': True, 'node_color': None}, 'config': {'meta': {}, 'docs': {'show': True, 'node_color': None}}, 'patch_path': None, 'arguments': [], 'created_at': 1780338388.0738914, 'supported_languages': None}, 'macro.dbt.get_show_grant_sql': {'name': 'get_show_grant_sql', 'resource_type': 'macro', 'package_name': 'dbt', 'path': 'macros/adapters/apply_grants.sql', 'original_file_path': 'macros/adapters/apply_grants.sql', 'unique_id': 'macro.dbt.get_show_grant_sql', 'macro_sql': '{% macro get_show_grant_sql(relation) %}\n    {{ return(adapter.dispatch("get_show_grant_sql", "dbt")(relation)) }}\n{% endmacro %}', 'depends_on': {'macros': ['macro.dbt_postgres.postgres__get_show_grant_sql']}, 'description': '', 'meta': {}, 'docs': {'show': True, 'node_color': None}, 'config': {'meta': {}, 'docs': {'show': True, 'node_color': None}}, 'patch_path': None, 'arguments': [], 'created_at': 1780338388.074183, 'supported_languages': None}, 'macro.dbt.default__get_show_grant_sql': {'name': 'default__get_show_grant_sql', 'resource_type': 'macro', 'package_name': 'dbt', 'path': 'macros/adapters/apply_grants.sql', 'original_file_path': 'macros/adapters/apply_grants.sql', 'unique_id': 'macro.dbt.default__get_show_grant_sql', 'macro_sql': '{% macro default__get_show_grant_sql(relation) %}\n    show grants on {{ relation.render() }}\n{% endmacro %}', 'depends_on': {'macros': []}, 'description': '', 'meta': {}, 'docs': {'show': True, 'node_color': None}, 'config': {'meta': {}, 'docs': {'show': True, 'node_color': None}}, 'patch_path': None, 'arguments': [], 'created_at': 1780338388.0743062, 'supported_languages': None}, 'macro.dbt.get_grant_sql': {'name': 'get_grant_sql', 'resource_type': 'macro', 'package_name': 'dbt', 'path': 'macros/adapters/apply_grants.sql', 'original_file_path': 'macros/adapters/apply_grants.sql', 'unique_id': 'macro.dbt.get_grant_sql', 'macro_sql': "{% macro get_grant_sql(relation, privilege, grantees) %}\n    {{ return(adapter.dispatch('get_grant_sql', 'dbt')(relation, privilege, grantees)) }}\n{% endmacro %}", 'depends_on': {'macros': ['macro.dbt.default__get_grant_sql']}, 'description': '', 'meta': {}, 'docs': {'show': True, 'node_color': None}, 'config': {'meta': {}, 'docs': {'show': True, 'node_color': None}}, 'patch_path': None, 'arguments': [], 'created_at': 1780338388.0745013, 'supported_languages': None}, 'macro.dbt.default__get_grant_sql': {'name': 'default__get_grant_sql', 'resource_type': 'macro', 'package_name': 'dbt', 'path': 'macros/adapters/apply_grants.sql', 'original_file_path': 'macros/adapters/apply_grants.sql', 'unique_id': 'macro.dbt.default__get_grant_sql', 'macro_sql': "\n\n{%- macro default__get_grant_sql(relation, privilege, grantees) -%}\n    grant {{ privilege }} on {{ relation.render() }} to {{ grantees | join(', ') }}\n{%- endmacro -%}\n\n\n", 'depends_on': {'macros': []}, 'description': '', 'meta': {}, 'docs': {'show': True, 'node_color': None}, 'config': {'meta': {}, 'docs': {'show': True, 'node_color': None}}, 'patch_path': None, 'arguments': [], 'created_at': 1780338388.0746815, 'supported_languages': None}, 'macro.dbt.get_revoke_sql': {'name': 'get_revoke_sql', 'resource_type': 'macro', 'package_name': 'dbt', 'path': 'macros/adapters/apply_grants.sql', 'original_file_path': 'macros/adapters/apply_grants.sql', 'unique_id': 'macro.dbt.get_revoke_sql', 'macro_sql': "{% macro get_revoke_sql(relation, privilege, grantees) %}\n    {{ return(adapter.dispatch('get_revoke_sql', 'dbt')(relation, privilege, grantees)) }}\n{% endmacro %}", 'depends_on': {'macros': ['macro.dbt.default__get_revoke_sql']}, 'description': '', 'meta': {}, 'docs': {'show': True, 'node_color': None}, 'config': {'meta': {}, 'docs': {'show': True, 'node_color': None}}, 'patch_path': None, 'arguments': [], 'created_at': 1780338388.0748649, 'supported_languages': None}, 'macro.dbt.default__get_revoke_sql': {'name': 'default__get_revoke_sql', 'resource_type': 'macro', 'package_name': 'dbt', 'path': 'macros/adapters/apply_grants.sql', 'original_file_path': 'macros/adapters/apply_grants.sql', 'unique_id': 'macro.dbt.default__get_revoke_sql', 'macro_sql': "\n\n{%- macro default__get_revoke_sql(relation, privilege, grantees) -%}\n    revoke {{ privilege }} on {{ relation.render() }} from {{ grantees | join(', ') }}\n{%- endmacro -%}\n\n\n", 'depends_on': {'macros': []}, 'description': '', 'meta': {}, 'docs': {'show': True, 'node_color': None}, 'config': {'meta': {}, 'docs': {'show': True, 'node_color': None}}, 'patch_path': None, 'arguments': [], 'created_at': 1780338388.0750353, 'supported_languages': None}, 'macro.dbt.get_dcl_statement_list': {'name': 'get_dcl_statement_list', 'resource_type': 'macro', 'package_name': 'dbt', 'path': 'macros/adapters/apply_grants.sql', 'original_file_path': 'macros/adapters/apply_grants.sql', 'unique_id': 'macro.dbt.get_dcl_statement_list', 'macro_sql': "{% macro get_dcl_statement_list(relation, grant_config, get_dcl_macro) %}\n    {{ return(adapter.dispatch('get_dcl_statement_list', 'dbt')(relation, grant_config, get_dcl_macro)) }}\n{% endmacro %}", 'depends_on': {'macros': ['macro.dbt.default__get_dcl_statement_list']}, 'description': '', 'meta': {}, 'docs': {'show': True, 'node_color': None}, 'config': {'meta': {}, 'docs': {'show': True, 'node_color': None}}, 'patch_path': None, 'arguments': [], 'created_at': 1780338388.0752177, 'supported_languages': None}, 'macro.dbt.default__get_dcl_statement_list': {'name': 'default__get_dcl_statement_list', 'resource_type': 'macro', 'package_name': 'dbt', 'path': 'macros/adapters/apply_grants.sql', 'original_file_path': 'macros/adapters/apply_grants.sql', 'unique_id': 'macro.dbt.default__get_dcl_statement_list', 'macro_sql': '\n\n{%- macro default__get_dcl_statement_list(relation, grant_config, get_dcl_macro) -%}\n    {#\n      -- Unpack grant_config into specific privileges and the set of users who need them granted/revoked.\n      -- Depending on whether this database supports multiple grantees per statement, pass in the list of\n      -- all grantees per privilege, or (if not) template one statement per privilege-grantee pair.\n      -- `get_dcl_macro` will be either `get_grant_sql` or `get_revoke_sql`\n    #}\n    {%- set dcl_statements = [] -%}\n    {%- for privilege, grantees in grant_config.items() %}\n        {%- if support_multiple_grantees_per_dcl_statement() and grantees -%}\n          {%- set dcl = get_dcl_macro(relation, privilege, grantees) -%}\n          {%- do dcl_statements.append(dcl) -%}\n        {%- else -%}\n          {%- for grantee in grantees -%}\n              {% set dcl = get_dcl_macro(relation, privilege, [grantee]) %}\n              {%- do dcl_statements.append(dcl) -%}\n          {% endfor -%}\n        {%- endif -%}\n    {%- endfor -%}\n    {{ return(dcl_statements) }}\n{%- endmacro %}', 'depends_on': {'macros': ['macro.dbt.support_multiple_grantees_per_dcl_statement']}, 'description': '', 'meta': {}, 'docs': {'show': True, 'node_color': None}, 'config': {'meta': {}, 'docs': {'show': True, 'node_color': None}}, 'patch_path': None, 'arguments': [], 'created_at': 1780338388.0757656, 'supported_languages': None}, 'macro.dbt.call_dcl_statements': {'name': 'call_dcl_statements', 'resource_type': 'macro', 'package_name': 'dbt', 'path': 'macros/adapters/apply_grants.sql', 'original_file_path': 'macros/adapters/apply_grants.sql', 'unique_id': 'macro.dbt.call_dcl_statements', 'macro_sql': '{% macro call_dcl_statements(dcl_statement_list) %}\n    {{ return(adapter.dispatch("call_dcl_statements", "dbt")(dcl_statement_list)) }}\n{% endmacro %}', 'depends_on': {'macros': ['macro.dbt.default__call_dcl_statements']}, 'description': '', 'meta': {}, 'docs': {'show': True, 'node_color': None}, 'config': {'meta': {}, 'docs': {'show': True, 'node_color': None}}, 'patch_path': None, 'arguments': [], 'created_at': 1780338388.0759552, 'supported_languages': None}, 'macro.dbt.default__call_dcl_statements': {'name': 'default__call_dcl_statements', 'resource_type': 'macro', 'package_name': 'dbt', 'path': 'macros/adapters/apply_grants.sql', 'original_file_path': 'macros/adapters/apply_grants.sql', 'unique_id': 'macro.dbt.default__call_dcl_statements', 'macro_sql': "{% macro default__call_dcl_statements(dcl_statement_list) %}\n    {#\n      -- By default, supply all grant + revoke statements in a single semicolon-separated block,\n      -- so that they're all processed together.\n\n      -- Some databases do not support this. Those adapters will need to override this macro\n      -- to run each statement individually.\n    #}\n    {% call statement('grants') %}\n        {% for dcl_statement in dcl_statement_list %}\n            {{ dcl_statement }};\n        {% endfor %}\n    {% endcall %}\n{% endmacro %}", 'depends_on': {'macros': ['macro.dbt.statement']}, 'description': '', 'meta': {}, 'docs': {'show': True, 'node_color': None}, 'config': {'meta': {}, 'docs': {'show': True, 'node_color': None}}, 'patch_path': None, 'arguments': [], 'created_at': 1780338388.076217, 'supported_languages': None}, 'macro.dbt.apply_grants': {'name': 'apply_grants', 'resource_type': 'macro', 'package_name': 'dbt', 'path': 'macros/adapters/apply_grants.sql', 'original_file_path': 'macros/adapters/apply_grants.sql', 'unique_id': 'macro.dbt.apply_grants', 'macro_sql': '{% macro apply_grants(relation, grant_config, should_revoke) %}\n    {{ return(adapter.dispatch("apply_grants", "dbt")(relation, grant_config, should_revoke)) }}\n{% endmacro %}', 'depends_on': {'macros': ['macro.dbt.default__apply_grants']}, 'description': '', 'meta': {}, 'docs': {'show': True, 'node_color': None}, 'config': {'meta': {}, 'docs': {'show': True, 'node_color': None}}, 'patch_path': None, 'arguments': [], 'created_at': 1780338388.0764136, 'supported_languages': None}, 'macro.dbt.default__apply_grants': {'name': 'default__apply_grants', 'resource_type': 'macro', 'package_name': 'dbt', 'path': 'macros/adapters/apply_grants.sql', 'original_file_path': 'macros/adapters/apply_grants.sql', 'unique_id': 'macro.dbt.default__apply_grants', 'macro_sql': "{% macro default__apply_grants(relation, grant_config, should_revoke=True) %}\n    {#-- If grant_config is {} or None, this is a no-op --#}\n    {% if grant_config %}\n        {% if should_revoke %}\n            {#-- We think previous grants may have carried over --#}\n            {#-- Show current grants and calculate diffs --#}\n            {% set current_grants_table = run_query(get_show_grant_sql(relation)) %}\n            {% set current_grants_dict = adapter.standardize_grants_dict(current_grants_table) %}\n            {% set needs_granting = diff_of_two_dicts(grant_config, current_grants_dict) %}\n            {% set needs_revoking = diff_of_two_dicts(current_grants_dict, grant_config) %}\n            {% if not (needs_granting or needs_revoking) %}\n                {{ log('On ' ~ relation.render() ~': All grants are in place, no revocation or granting needed.')}}\n            {% endif %}\n        {% else %}\n            {#-- We don't think there's any chance of previous grants having carried over. --#}\n            {#-- Jump straight to granting what the user has configured. --#}\n            {% set needs_revoking = {} %}\n            {% set needs_granting = grant_config %}\n        {% endif %}\n        {% if needs_granting or needs_revoking %}\n            {% set revoke_statement_list = get_dcl_statement_list(relation, needs_revoking, get_revoke_sql) %}\n            {% set grant_statement_list = get_dcl_statement_list(relation, needs_granting, get_grant_sql) %}\n            {% set dcl_statement_list = revoke_statement_list + grant_statement_list %}\n            {% if dcl_statement_list %}\n                {{ call_dcl_statements(dcl_statement_list) }}\n            {% endif %}\n        {% endif %}\n    {% endif %}\n{% endmacro %}", 'depends_on': {'macros': ['macro.dbt.run_query', 'macro.dbt.get_show_grant_sql', 'macro.dbt.get_dcl_statement_list', 'macro.dbt.call_dcl_statements']}, 'description': '', 'meta': {}, 'docs': {'show': True, 'node_color': None}, 'config': {'meta': {}, 'docs': {'show': True, 'node_color': None}}, 'patch_path': None, 'arguments': [], 'created_at': 1780338388.0773883, 'supported_languages': None}, 'macro.dbt.get_show_sql': {'name': 'get_show_sql', 'resource_type': 'macro', 'package_name': 'dbt', 'path': 'macros/adapters/show.sql', 'original_file_path': 'macros/adapters/show.sql', 'unique_id': 'macro.dbt.get_show_sql', 'macro_sql': '{% macro get_show_sql(compiled_code, sql_header, limit) -%}\n  {%- if sql_header is not none -%}\n  {{ sql_header }}\n  {%- endif %}\n  {{ get_limit_subquery_sql(compiled_code, limit) }}\n{% endmacro %}', 'depends_on': {'macros': ['macro.dbt.get_limit_subquery_sql']}, 'description': '', 'meta': {}, 'docs': {'show': True, 'node_color': None}, 'config': {'meta': {}, 'docs': {'show': True, 'node_color': None}}, 'patch_path': None, 'arguments': [], 'created_at': 1780338388.0777664, 'supported_languages': None}, 'macro.dbt.get_limit_subquery_sql': {'name': 'get_limit_subquery_sql', 'resource_type': 'macro', 'package_name': 'dbt', 'path': 'macros/adapters/show.sql', 'original_file_path': 'macros/adapters/show.sql', 'unique_id': 'macro.dbt.get_limit_subquery_sql', 'macro_sql': "\n{%- macro get_limit_subquery_sql(sql, limit) -%}\n  {{ adapter.dispatch('get_limit_sql', 'dbt')(sql, limit) }}\n{%- endmacro -%}\n\n", 'depends_on': {'macros': ['macro.dbt.default__get_limit_sql']}, 'description': '', 'meta': {}, 'docs': {'show': True, 'node_color': None}, 'config': {'meta': {}, 'docs': {'show': True, 'node_color': None}}, 'patch_path': None, 'arguments': [], 'created_at': 1780338388.077961, 'supported_languages': None}, 'macro.dbt.default__get_limit_sql': {'name': 'default__get_limit_sql', 'resource_type': 'macro', 'package_name': 'dbt', 'path': 'macros/adapters/show.sql', 'original_file_path': 'macros/adapters/show.sql', 'unique_id': 'macro.dbt.default__get_limit_sql', 'macro_sql': '{% macro default__get_limit_sql(sql, limit) %}\n  {{ sql }}\n  {% if limit is not none %}\n  limit {{ limit }}\n  {%- endif -%}\n{% endmacro %}', 'depends_on': {'macros': []}, 'description': '', 'meta': {}, 'docs': {'show': True, 'node_color': None}, 'config': {'meta': {}, 'docs': {'show': True, 'node_color': None}}, 'patch_path': None, 'arguments': [], 'created_at': 1780338388.0781546, 'supported_languages': None}, 'macro.dbt.collect_freshness': {'name': 'collect_freshness', 'resource_type': 'macro', 'package_name': 'dbt', 'path': 'macros/adapters/freshness.sql', 'original_file_path': 'macros/adapters/freshness.sql', 'unique_id': 'macro.dbt.collect_freshness', 'macro_sql': "{% macro collect_freshness(source, loaded_at_field, filter) %}\n  {{ return(adapter.dispatch('collect_freshness', 'dbt')(source, loaded_at_field, filter))}}\n{% endmacro %}", 'depends_on': {'macros': ['macro.dbt.default__collect_freshness']}, 'description': '', 'meta': {}, 'docs': {'show': True, 'node_color': None}, 'config': {'meta': {}, 'docs': {'show': True, 'node_color': None}}, 'patch_path': None, 'arguments': [], 'created_at': 1780338388.0785542, 'supported_languages': None}, 'macro.dbt.default__collect_freshness': {'name': 'default__collect_freshness', 'resource_type': 'macro', 'package_name': 'dbt', 'path': 'macros/adapters/freshness.sql', 'original_file_path': 'macros/adapters/freshness.sql', 'unique_id': 'macro.dbt.default__collect_freshness', 'macro_sql': "{% macro default__collect_freshness(source, loaded_at_field, filter) %}\n  {% call statement('collect_freshness', fetch_result=True, auto_begin=False) -%}\n    select\n      max({{ loaded_at_field }}) as max_loaded_at,\n      {{ current_timestamp() }} as snapshotted_at\n    from {{ source }}\n    {% if filter %}\n    where {{ filter }}\n    {% endif %}\n  {% endcall %}\n  {{ return(load_result('collect_freshness')) }}\n{% endmacro %}", 'depends_on': {'macros': ['macro.dbt.statement', 'macro.dbt.current_timestamp']}, 'description': '', 'meta': {}, 'docs': {'show': True, 'node_color': None}, 'config': {'meta': {}, 'docs': {'show': True, 'node_color': None}}, 'patch_path': None, 'arguments': [], 'created_at': 1780338388.0788937, 'supported_languages': None}, 'macro.dbt.collect_freshness_custom_sql': {'name': 'collect_freshness_custom_sql', 'resource_type': 'macro', 'package_name': 'dbt', 'path': 'macros/adapters/freshness.sql', 'original_file_path': 'macros/adapters/freshness.sql', 'unique_id': 'macro.dbt.collect_freshness_custom_sql', 'macro_sql': "{% macro collect_freshness_custom_sql(source, loaded_at_query) %}\n  {{ return(adapter.dispatch('collect_freshness_custom_sql', 'dbt')(source, loaded_at_query))}}\n{% endmacro %}", 'depends_on': {'macros': ['macro.dbt.default__collect_freshness_custom_sql']}, 'description': '', 'meta': {}, 'docs': {'show': True, 'node_color': None}, 'config': {'meta': {}, 'docs': {'show': True, 'node_color': None}}, 'patch_path': None, 'arguments': [], 'created_at': 1780338388.079059, 'supported_languages': None}, 'macro.dbt.default__collect_freshness_custom_sql': {'name': 'default__collect_freshness_custom_sql', 'resource_type': 'macro', 'package_name': 'dbt', 'path': 'macros/adapters/freshness.sql', 'original_file_path': 'macros/adapters/freshness.sql', 'unique_id': 'macro.dbt.default__collect_freshness_custom_sql', 'macro_sql': "{% macro default__collect_freshness_custom_sql(source, loaded_at_query) %}\n  {% call statement('collect_freshness_custom_sql', fetch_result=True, auto_begin=False) -%}\n  with source_query as (\n    {{ loaded_at_query }}\n  )\n  select\n    (select * from source_query) as max_loaded_at,\n    {{ current_timestamp() }} as snapshotted_at\n  {% endcall %}\n  {{ return(load_result('collect_freshness_custom_sql')) }}\n{% endmacro %}", 'depends_on': {'macros': ['macro.dbt.statement', 'macro.dbt.current_timestamp']}, 'description': '', 'meta': {}, 'docs': {'show': True, 'node_color': None}, 'config': {'meta': {}, 'docs': {'show': True, 'node_color': None}}, 'patch_path': None, 'arguments': [], 'created_at': 1780338388.0793054, 'supported_languages': None}, 'macro.dbt.get_create_index_sql': {'name': 'get_create_index_sql', 'resource_type': 'macro', 'package_name': 'dbt', 'path': 'macros/adapters/indexes.sql', 'original_file_path': 'macros/adapters/indexes.sql', 'unique_id': 'macro.dbt.get_create_index_sql', 'macro_sql': "{% macro get_create_index_sql(relation, index_dict) -%}\n  {{ return(adapter.dispatch('get_create_index_sql', 'dbt')(relation, index_dict)) }}\n{% endmacro %}", 'depends_on': {'macros': ['macro.dbt_postgres.postgres__get_create_index_sql']}, 'description': '', 'meta': {}, 'docs': {'show': True, 'node_color': None}, 'config': {'meta': {}, 'docs': {'show': True, 'node_color': None}}, 'patch_path': None, 'arguments': [], 'created_at': 1780338388.079706, 'supported_languages': None}, 'macro.dbt.default__get_create_index_sql': {'name': 'default__get_create_index_sql', 'resource_type': 'macro', 'package_name': 'dbt', 'path': 'macros/adapters/indexes.sql', 'original_file_path': 'macros/adapters/indexes.sql', 'unique_id': 'macro.dbt.default__get_create_index_sql', 'macro_sql': '{% macro default__get_create_index_sql(relation, index_dict) -%}\n  {% do return(None) %}\n{% endmacro %}', 'depends_on': {'macros': []}, 'description': '', 'meta': {}, 'docs': {'show': True, 'node_color': None}, 'config': {'meta': {}, 'docs': {'show': True, 'node_color': None}}, 'patch_path': None, 'arguments': [], 'created_at': 1780338388.0798209, 'supported_languages': None}, 'macro.dbt.create_indexes': {'name': 'create_indexes', 'resource_type': 'macro', 'package_name': 'dbt', 'path': 'macros/adapters/indexes.sql', 'original_file_path': 'macros/adapters/indexes.sql', 'unique_id': 'macro.dbt.create_indexes', 'macro_sql': "{% macro create_indexes(relation) -%}\n  {{ adapter.dispatch('create_indexes', 'dbt')(relation) }}\n{%- endmacro %}", 'depends_on': {'macros': ['macro.dbt.default__create_indexes']}, 'description': '', 'meta': {}, 'docs': {'show': True, 'node_color': None}, 'config': {'meta': {}, 'docs': {'show': True, 'node_color': None}}, 'patch_path': None, 'arguments': [], 'created_at': 1780338388.0799856, 'supported_languages': None}, 'macro.dbt.default__create_indexes': {'name': 'default__create_indexes', 'resource_type': 'macro', 'package_name': 'dbt', 'path': 'macros/adapters/indexes.sql', 'original_file_path': 'macros/adapters/indexes.sql', 'unique_id': 'macro.dbt.default__create_indexes', 'macro_sql': "{% macro default__create_indexes(relation) -%}\n  {%- set _indexes = config.get('indexes', default=[]) -%}\n\n  {% for _index_dict in _indexes %}\n    {% set create_index_sql = get_create_index_sql(relation, _index_dict) %}\n    {% if create_index_sql %}\n      {% do run_query(create_index_sql) %}\n    {% endif %}\n  {% endfor %}\n{% endmacro %}", 'depends_on': {'macros': ['macro.dbt.get_create_index_sql', 'macro.dbt.run_query']}, 'description': '', 'meta': {}, 'docs': {'show': True, 'node_color': None}, 'config': {'meta': {}, 'docs': {'show': True, 'node_color': None}}, 'patch_path': None, 'arguments': [], 'created_at': 1780338388.0804229, 'supported_languages': None}, 'macro.dbt.get_drop_index_sql': {'name': 'get_drop_index_sql', 'resource_type': 'macro', 'package_name': 'dbt', 'path': 'macros/adapters/indexes.sql', 'original_file_path': 'macros/adapters/indexes.sql', 'unique_id': 'macro.dbt.get_drop_index_sql', 'macro_sql': "{% macro get_drop_index_sql(relation, index_name) -%}\n    {{ adapter.dispatch('get_drop_index_sql', 'dbt')(relation, index_name) }}\n{%- endmacro %}", 'depends_on': {'macros': ['macro.dbt_postgres.postgres__get_drop_index_sql']}, 'description': '', 'meta': {}, 'docs': {'show': True, 'node_color': None}, 'config': {'meta': {}, 'docs': {'show': True, 'node_color': None}}, 'patch_path': None, 'arguments': [], 'created_at': 1780338388.080588, 'supported_languages': None}, 'macro.dbt.default__get_drop_index_sql': {'name': 'default__get_drop_index_sql', 'resource_type': 'macro', 'package_name': 'dbt', 'path': 'macros/adapters/indexes.sql', 'original_file_path': 'macros/adapters/indexes.sql', 'unique_id': 'macro.dbt.default__get_drop_index_sql', 'macro_sql': '{% macro default__get_drop_index_sql(relation, index_name) -%}\n    {{ exceptions.raise_compiler_error("`get_drop_index_sql has not been implemented for this adapter.") }}\n{%- endmacro %}', 'depends_on': {'macros': []}, 'description': '', 'meta': {}, 'docs': {'show': True, 'node_color': None}, 'config': {'meta': {}, 'docs': {'show': True, 'node_color': None}}, 'patch_path': None, 'arguments': [], 'created_at': 1780338388.0807104, 'supported_languages': None}, 'macro.dbt.get_show_indexes_sql': {'name': 'get_show_indexes_sql', 'resource_type': 'macro', 'package_name': 'dbt', 'path': 'macros/adapters/indexes.sql', 'original_file_path': 'macros/adapters/indexes.sql', 'unique_id': 'macro.dbt.get_show_indexes_sql', 'macro_sql': "{% macro get_show_indexes_sql(relation) -%}\n    {{ adapter.dispatch('get_show_indexes_sql', 'dbt')(relation) }}\n{%- endmacro %}", 'depends_on': {'macros': ['macro.dbt_postgres.postgres__get_show_indexes_sql']}, 'description': '', 'meta': {}, 'docs': {'show': True, 'node_color': None}, 'config': {'meta': {}, 'docs': {'show': True, 'node_color': None}}, 'patch_path': None, 'arguments': [], 'created_at': 1780338388.080959, 'supported_languages': None}, 'macro.dbt.default__get_show_indexes_sql': {'name': 'default__get_show_indexes_sql', 'resource_type': 'macro', 'package_name': 'dbt', 'path': 'macros/adapters/indexes.sql', 'original_file_path': 'macros/adapters/indexes.sql', 'unique_id': 'macro.dbt.default__get_show_indexes_sql', 'macro_sql': '{% macro default__get_show_indexes_sql(relation) -%}\n    {{ exceptions.raise_compiler_error("`get_show_indexes_sql has not been implemented for this adapter.") }}\n{%- endmacro %}', 'depends_on': {'macros': []}, 'description': '', 'meta': {}, 'docs': {'show': True, 'node_color': None}, 'config': {'meta': {}, 'docs': {'show': True, 'node_color': None}}, 'patch_path': None, 'arguments': [], 'created_at': 1780338388.0810935, 'supported_languages': None}, 'macro.dbt.alter_column_comment': {'name': 'alter_column_comment', 'resource_type': 'macro', 'package_name': 'dbt', 'path': 'macros/adapters/persist_docs.sql', 'original_file_path': 'macros/adapters/persist_docs.sql', 'unique_id': 'macro.dbt.alter_column_comment', 'macro_sql': "{% macro alter_column_comment(relation, column_dict) -%}\n  {{ return(adapter.dispatch('alter_column_comment', 'dbt')(relation, column_dict)) }}\n{% endmacro %}", 'depends_on': {'macros': ['macro.dbt_postgres.postgres__alter_column_comment']}, 'description': '', 'meta': {}, 'docs': {'show': True, 'node_color': None}, 'config': {'meta': {}, 'docs': {'show': True, 'node_color': None}}, 'patch_path': None, 'arguments': [], 'created_at': 1780338388.0816503, 'supported_languages': None}, 'macro.dbt.default__alter_column_comment': {'name': 'default__alter_column_comment', 'resource_type': 'macro', 'package_name': 'dbt', 'path': 'macros/adapters/persist_docs.sql', 'original_file_path': 'macros/adapters/persist_docs.sql', 'unique_id': 'macro.dbt.default__alter_column_comment', 'macro_sql': "{% macro default__alter_column_comment(relation, column_dict) -%}\n  {{ exceptions.raise_not_implemented(\n    'alter_column_comment macro not implemented for adapter '+adapter.type()) }}\n{% endmacro %}", 'depends_on': {'macros': []}, 'description': '', 'meta': {}, 'docs': {'show': True, 'node_color': None}, 'config': {'meta': {}, 'docs': {'show': True, 'node_color': None}}, 'patch_path': None, 'arguments': [], 'created_at': 1780338388.0818503, 'supported_languages': None}, 'macro.dbt.alter_relation_comment': {'name': 'alter_relation_comment', 'resource_type': 'macro', 'package_name': 'dbt', 'path': 'macros/adapters/persist_docs.sql', 'original_file_path': 'macros/adapters/persist_docs.sql', 'unique_id': 'macro.dbt.alter_relation_comment', 'macro_sql': "{% macro alter_relation_comment(relation, relation_comment) -%}\n  {{ return(adapter.dispatch('alter_relation_comment', 'dbt')(relation, relation_comment)) }}\n{% endmacro %}", 'depends_on': {'macros': ['macro.dbt_postgres.postgres__alter_relation_comment']}, 'description': '', 'meta': {}, 'docs': {'show': True, 'node_color': None}, 'config': {'meta': {}, 'docs': {'show': True, 'node_color': None}}, 'patch_path': None, 'arguments': [], 'created_at': 1780338388.082095, 'supported_languages': None}, 'macro.dbt.default__alter_relation_comment': {'name': 'default__alter_relation_comment', 'resource_type': 'macro', 'package_name': 'dbt', 'path': 'macros/adapters/persist_docs.sql', 'original_file_path': 'macros/adapters/persist_docs.sql', 'unique_id': 'macro.dbt.default__alter_relation_comment', 'macro_sql': "{% macro default__alter_relation_comment(relation, relation_comment) -%}\n  {{ exceptions.raise_not_implemented(\n    'alter_relation_comment macro not implemented for adapter '+adapter.type()) }}\n{% endmacro %}", 'depends_on': {'macros': []}, 'description': '', 'meta': {}, 'docs': {'show': True, 'node_color': None}, 'config': {'meta': {}, 'docs': {'show': True, 'node_color': None}}, 'patch_path': None, 'arguments': [], 'created_at': 1780338388.0822654, 'supported_languages': None}, 'macro.dbt.persist_docs': {'name': 'persist_docs', 'resource_type': 'macro', 'package_name': 'dbt', 'path': 'macros/adapters/persist_docs.sql', 'original_file_path': 'macros/adapters/persist_docs.sql', 'unique_id': 'macro.dbt.persist_docs', 'macro_sql': "{% macro persist_docs(relation, model, for_relation=true, for_columns=true) -%}\n  {{ return(adapter.dispatch('persist_docs', 'dbt')(relation, model, for_relation, for_columns)) }}\n{% endmacro %}", 'depends_on': {'macros': ['macro.dbt.default__persist_docs']}, 'description': '', 'meta': {}, 'docs': {'show': True, 'node_color': None}, 'config': {'meta': {}, 'docs': {'show': True, 'node_color': None}}, 'patch_path': None, 'arguments': [], 'created_at': 1780338388.0824912, 'supported_languages': None}, 'macro.dbt.validate_doc_columns': {'name': 'validate_doc_columns', 'resource_type': 'macro', 'package_name': 'dbt', 'path': 'macros/adapters/persist_docs.sql', 'original_file_path': 'macros/adapters/persist_docs.sql', 'unique_id': 'macro.dbt.validate_doc_columns', 'macro_sql': '{% macro validate_doc_columns(relation, column_dict, existing_column_names) %}\n  {% set existing_lower = existing_column_names | map("lower") | list %}\n  {% set missing = [] %}\n  {% set filtered = {} %}\n  {% for col_name in column_dict %}\n    {% set is_quoted = column_dict[col_name][\'quote\'] %}\n    {% if is_quoted %}\n      {% set present = col_name in existing_column_names %}\n    {% else %}\n      {% set present = col_name | lower in existing_lower %}\n    {% endif %}\n    {% if present %}\n      {% do filtered.update({col_name: column_dict[col_name]}) %}\n    {% else %}\n      {% do missing.append(col_name) %}\n    {% endif %}\n  {% endfor %}\n  {% if missing | length > 0 %}\n    {{ exceptions.warn("In relation " ~ relation.render() ~ ": The following columns are specified in the schema but are not present in the database: " ~ missing | join(", ")) }}\n  {% endif %}\n  {{ return(filtered) }}\n{% endmacro %}', 'depends_on': {'macros': []}, 'description': '', 'meta': {}, 'docs': {'show': True, 'node_color': None}, 'config': {'meta': {}, 'docs': {'show': True, 'node_color': None}}, 'patch_path': None, 'arguments': [], 'created_at': 1780338388.0833468, 'supported_languages': None}, 'macro.dbt.default__persist_docs': {'name': 'default__persist_docs', 'resource_type': 'macro', 'package_name': 'dbt', 'path': 'macros/adapters/persist_docs.sql', 'original_file_path': 'macros/adapters/persist_docs.sql', 'unique_id': 'macro.dbt.default__persist_docs', 'macro_sql': '{% macro default__persist_docs(relation, model, for_relation, for_columns) -%}\n  {% if for_relation and config.persist_relation_docs() and model.description %}\n    {% do run_query(alter_relation_comment(relation, model.description)) %}\n  {% endif %}\n\n  {% if for_columns and config.persist_column_docs() and model.columns %}\n    {% set existing_columns = adapter.get_columns_in_relation(relation) | map(attribute="name") | list %}\n    {% set filtered_columns = validate_doc_columns(relation, model.columns, existing_columns) %}\n    {% set alter_comment_sql = alter_column_comment(relation, filtered_columns) %}\n    {% if alter_comment_sql and alter_comment_sql | trim | length > 0 %}\n      {% do run_query(alter_comment_sql) %}\n    {% endif %}\n  {% endif %}\n{% endmacro %}', 'depends_on': {'macros': ['macro.dbt.run_query', 'macro.dbt.alter_relation_comment', 'macro.dbt.validate_doc_columns', 'macro.dbt.alter_column_comment']}, 'description': '', 'meta': {}, 'docs': {'show': True, 'node_color': None}, 'config': {'meta': {}, 'docs': {'show': True, 'node_color': None}}, 'patch_path': None, 'arguments': [], 'created_at': 1780338388.0840588, 'supported_languages': None}, 'macro.dbt.create_schema': {'name': 'create_schema', 'resource_type': 'macro', 'package_name': 'dbt', 'path': 'macros/adapters/schema.sql', 'original_file_path': 'macros/adapters/schema.sql', 'unique_id': 'macro.dbt.create_schema', 'macro_sql': "{% macro create_schema(relation) -%}\n  {{ adapter.dispatch('create_schema', 'dbt')(relation) }}\n{% endmacro %}", 'depends_on': {'macros': ['macro.dbt_postgres.postgres__create_schema']}, 'description': '', 'meta': {}, 'docs': {'show': True, 'node_color': None}, 'config': {'meta': {}, 'docs': {'show': True, 'node_color': None}}, 'patch_path': None, 'arguments': [], 'created_at': 1780338388.084365, 'supported_languages': None}, 'macro.dbt.default__create_schema': {'name': 'default__create_schema', 'resource_type': 'macro', 'package_name': 'dbt', 'path': 'macros/adapters/schema.sql', 'original_file_path': 'macros/adapters/schema.sql', 'unique_id': 'macro.dbt.default__create_schema', 'macro_sql': "{% macro default__create_schema(relation) -%}\n  {%- call statement('create_schema') -%}\n    create schema if not exists {{ relation.without_identifier() }}\n  {% endcall %}\n{% endmacro %}", 'depends_on': {'macros': ['macro.dbt.statement']}, 'description': '', 'meta': {}, 'docs': {'show': True, 'node_color': None}, 'config': {'meta': {}, 'docs': {'show': True, 'node_color': None}}, 'patch_path': None, 'arguments': [], 'created_at': 1780338388.0845332, 'supported_languages': None}, 'macro.dbt.drop_schema': {'name': 'drop_schema', 'resource_type': 'macro', 'package_name': 'dbt', 'path': 'macros/adapters/schema.sql', 'original_file_path': 'macros/adapters/schema.sql', 'unique_id': 'macro.dbt.drop_schema', 'macro_sql': "{% macro drop_schema(relation) -%}\n  {{ adapter.dispatch('drop_schema', 'dbt')(relation) }}\n{% endmacro %}", 'depends_on': {'macros': ['macro.dbt_postgres.postgres__drop_schema']}, 'description': '', 'meta': {}, 'docs': {'show': True, 'node_color': None}, 'config': {'meta': {}, 'docs': {'show': True, 'node_color': None}}, 'patch_path': None, 'arguments': [], 'created_at': 1780338388.0846727, 'supported_languages': None}, 'macro.dbt.default__drop_schema': {'name': 'default__drop_schema', 'resource_type': 'macro', 'package_name': 'dbt', 'path': 'macros/adapters/schema.sql', 'original_file_path': 'macros/adapters/schema.sql', 'unique_id': 'macro.dbt.default__drop_schema', 'macro_sql': "{% macro default__drop_schema(relation) -%}\n  {%- call statement('drop_schema') -%}\n    drop schema if exists {{ relation.without_identifier() }} cascade\n  {% endcall %}\n{% endmacro %}", 'depends_on': {'macros': ['macro.dbt.statement']}, 'description': '', 'meta': {}, 'docs': {'show': True, 'node_color': None}, 'config': {'meta': {}, 'docs': {'show': True, 'node_color': None}}, 'patch_path': None, 'arguments': [], 'created_at': 1780338388.0848343, 'supported_languages': None}, 'macro.dbt.get_columns_in_relation': {'name': 'get_columns_in_relation', 'resource_type': 'macro', 'package_name': 'dbt', 'path': 'macros/adapters/columns.sql', 'original_file_path': 'macros/adapters/columns.sql', 'unique_id': 'macro.dbt.get_columns_in_relation', 'macro_sql': "{% macro get_columns_in_relation(relation) -%}\n  {{ return(adapter.dispatch('get_columns_in_relation', 'dbt')(relation)) }}\n{% endmacro %}", 'depends_on': {'macros': ['macro.dbt_postgres.postgres__get_columns_in_relation']}, 'description': '', 'meta': {}, 'docs': {'show': True, 'node_color': None}, 'config': {'meta': {}, 'docs': {'show': True, 'node_color': None}}, 'patch_path': None, 'arguments': [], 'created_at': 1780338388.0858226, 'supported_languages': None}, 'macro.dbt.default__get_columns_in_relation': {'name': 'default__get_columns_in_relation', 'resource_type': 'macro', 'package_name': 'dbt', 'path': 'macros/adapters/columns.sql', 'original_file_path': 'macros/adapters/columns.sql', 'unique_id': 'macro.dbt.default__get_columns_in_relation', 'macro_sql': "{% macro default__get_columns_in_relation(relation) -%}\n  {{ exceptions.raise_not_implemented(\n    'get_columns_in_relation macro not implemented for adapter '+adapter.type()) }}\n{% endmacro %}", 'depends_on': {'macros': []}, 'description': '', 'meta': {}, 'docs': {'show': True, 'node_color': None}, 'config': {'meta': {}, 'docs': {'show': True, 'node_color': None}}, 'patch_path': None, 'arguments': [], 'created_at': 1780338388.0859964, 'supported_languages': None}, 'macro.dbt.sql_convert_columns_in_relation': {'name': 'sql_convert_columns_in_relation', 'resource_type': 'macro', 'package_name': 'dbt', 'path': 'macros/adapters/columns.sql', 'original_file_path': 'macros/adapters/columns.sql', 'unique_id': 'macro.dbt.sql_convert_columns_in_relation', 'macro_sql': '{% macro sql_convert_columns_in_relation(table) -%}\n  {% set columns = [] %}\n  {% for row in table %}\n    {% do columns.append(api.Column(*row)) %}\n  {% endfor %}\n  {{ return(columns) }}\n{% endmacro %}', 'depends_on': {'macros': []}, 'description': '', 'meta': {}, 'docs': {'show': True, 'node_color': None}, 'config': {'meta': {}, 'docs': {'show': True, 'node_color': None}}, 'patch_path': None, 'arguments': [], 'created_at': 1780338388.0863054, 'supported_languages': None}, 'macro.dbt.get_list_of_column_names': {'name': 'get_list_of_column_names', 'resource_type': 'macro', 'package_name': 'dbt', 'path': 'macros/adapters/columns.sql', 'original_file_path': 'macros/adapters/columns.sql', 'unique_id': 'macro.dbt.get_list_of_column_names', 'macro_sql': '\n\n{%- macro get_list_of_column_names(columns) -%}\n  {% set col_names = [] %}\n  {% for col in columns %}\n    {% do col_names.append(col.name) %}\n  {% endfor %}\n  {{ return(col_names) }}\n{% endmacro %}', 'depends_on': {'macros': []}, 'description': '', 'meta': {}, 'docs': {'show': True, 'node_color': None}, 'config': {'meta': {}, 'docs': {'show': True, 'node_color': None}}, 'patch_path': None, 'arguments': [], 'created_at': 1780338388.0865998, 'supported_languages': None}, 'macro.dbt.get_empty_subquery_sql': {'name': 'get_empty_subquery_sql', 'resource_type': 'macro', 'package_name': 'dbt', 'path': 'macros/adapters/columns.sql', 'original_file_path': 'macros/adapters/columns.sql', 'unique_id': 'macro.dbt.get_empty_subquery_sql', 'macro_sql': "{% macro get_empty_subquery_sql(select_sql, select_sql_header=none) -%}\n  {{ return(adapter.dispatch('get_empty_subquery_sql', 'dbt')(select_sql, select_sql_header)) }}\n{% endmacro %}", 'depends_on': {'macros': ['macro.dbt.default__get_empty_subquery_sql']}, 'description': '', 'meta': {}, 'docs': {'show': True, 'node_color': None}, 'config': {'meta': {}, 'docs': {'show': True, 'node_color': None}}, 'patch_path': None, 'arguments': [], 'created_at': 1780338388.0867958, 'supported_languages': None}, 'macro.dbt.default__get_empty_subquery_sql': {'name': 'default__get_empty_subquery_sql', 'resource_type': 'macro', 'package_name': 'dbt', 'path': 'macros/adapters/columns.sql', 'original_file_path': 'macros/adapters/columns.sql', 'unique_id': 'macro.dbt.default__get_empty_subquery_sql', 'macro_sql': '{% macro default__get_empty_subquery_sql(select_sql, select_sql_header=none) %}\n    {%- if select_sql_header is not none -%}\n    {{ select_sql_header }}\n    {%- endif -%}\n    select * from (\n        {{ select_sql }}\n    ) as __dbt_sbq\n    where false\n    limit 0\n{% endmacro %}', 'depends_on': {'macros': []}, 'description': '', 'meta': {}, 'docs': {'show': True, 'node_color': None}, 'config': {'meta': {}, 'docs': {'show': True, 'node_color': None}}, 'patch_path': None, 'arguments': [], 'created_at': 1780338388.0869749, 'supported_languages': None}, 'macro.dbt.get_empty_schema_sql': {'name': 'get_empty_schema_sql', 'resource_type': 'macro', 'package_name': 'dbt', 'path': 'macros/adapters/columns.sql', 'original_file_path': 'macros/adapters/columns.sql', 'unique_id': 'macro.dbt.get_empty_schema_sql', 'macro_sql': "{% macro get_empty_schema_sql(columns) -%}\n  {{ return(adapter.dispatch('get_empty_schema_sql', 'dbt')(columns)) }}\n{% endmacro %}", 'depends_on': {'macros': ['macro.dbt.default__get_empty_schema_sql']}, 'description': '', 'meta': {}, 'docs': {'show': True, 'node_color': None}, 'config': {'meta': {}, 'docs': {'show': True, 'node_color': None}}, 'patch_path': None, 'arguments': [], 'created_at': 1780338388.087126, 'supported_languages': None}, 'macro.dbt.default__get_empty_schema_sql': {'name': 'default__get_empty_schema_sql', 'resource_type': 'macro', 'package_name': 'dbt', 'path': 'macros/adapters/columns.sql', 'original_file_path': 'macros/adapters/columns.sql', 'unique_id': 'macro.dbt.default__get_empty_schema_sql', 'macro_sql': '{% macro default__get_empty_schema_sql(columns) %}\n    {%- set col_err = [] -%}\n    {%- set col_naked_numeric = [] -%}\n    select\n    {% for i in columns %}\n      {%- set col = columns[i] -%}\n      {%- if col[\'data_type\'] is not defined -%}\n        {%- do col_err.append(col[\'name\']) -%}\n      {#-- If this column\'s type is just \'numeric\' then it is missing precision/scale, raise a warning --#}\n      {%- elif col[\'data_type\'].strip().lower() in (\'numeric\', \'decimal\', \'number\') -%}\n        {%- do col_naked_numeric.append(col[\'name\']) -%}\n      {%- endif -%}\n      {% set col_name = adapter.quote(col[\'name\']) if col.get(\'quote\') else col[\'name\'] %}\n      {{ cast(\'null\', col[\'data_type\']) }} as {{ col_name }}{{ ", " if not loop.last }}\n    {%- endfor -%}\n    {%- if (col_err | length) > 0 -%}\n      {{ exceptions.column_type_missing(column_names=col_err) }}\n    {%- elif (col_naked_numeric | length) > 0 -%}\n      {{ exceptions.warn("Detected columns with numeric type and unspecified precision/scale, this can lead to unintended rounding: " ~ col_naked_numeric ~ "`") }}\n    {%- endif -%}\n{% endmacro %}', 'depends_on': {'macros': ['macro.dbt.cast']}, 'description': '', 'meta': {}, 'docs': {'show': True, 'node_color': None}, 'config': {'meta': {}, 'docs': {'show': True, 'node_color': None}}, 'patch_path': None, 'arguments': [], 'created_at': 1780338388.088319, 'supported_languages': None}, 'macro.dbt.get_column_schema_from_query': {'name': 'get_column_schema_from_query', 'resource_type': 'macro', 'package_name': 'dbt', 'path': 'macros/adapters/columns.sql', 'original_file_path': 'macros/adapters/columns.sql', 'unique_id': 'macro.dbt.get_column_schema_from_query', 'macro_sql': "{% macro get_column_schema_from_query(select_sql, select_sql_header=none) -%}\n    {% set columns = [] %}\n    {# -- Using an 'empty subquery' here to get the same schema as the given select_sql statement, without necessitating a data scan.#}\n    {% set sql = get_empty_subquery_sql(select_sql, select_sql_header) %}\n    {% set column_schema = adapter.get_column_schema_from_query(sql) %}\n    {{ return(column_schema) }}\n{% endmacro %}", 'depends_on': {'macros': ['macro.dbt.get_empty_subquery_sql']}, 'description': '', 'meta': {}, 'docs': {'show': True, 'node_color': None}, 'config': {'meta': {}, 'docs': {'show': True, 'node_color': None}}, 'patch_path': None, 'arguments': [], 'created_at': 1780338388.0886214, 'supported_languages': None}, 'macro.dbt.get_columns_in_query': {'name': 'get_columns_in_query', 'resource_type': 'macro', 'package_name': 'dbt', 'path': 'macros/adapters/columns.sql', 'original_file_path': 'macros/adapters/columns.sql', 'unique_id': 'macro.dbt.get_columns_in_query', 'macro_sql': "{% macro get_columns_in_query(select_sql) -%}\n  {{ return(adapter.dispatch('get_columns_in_query', 'dbt')(select_sql)) }}\n{% endmacro %}", 'depends_on': {'macros': ['macro.dbt.default__get_columns_in_query']}, 'description': '', 'meta': {}, 'docs': {'show': True, 'node_color': None}, 'config': {'meta': {}, 'docs': {'show': True, 'node_color': None}}, 'patch_path': None, 'arguments': [], 'created_at': 1780338388.0887752, 'supported_languages': None}, 'macro.dbt.default__get_columns_in_query': {'name': 'default__get_columns_in_query', 'resource_type': 'macro', 'package_name': 'dbt', 'path': 'macros/adapters/columns.sql', 'original_file_path': 'macros/adapters/columns.sql', 'unique_id': 'macro.dbt.default__get_columns_in_query', 'macro_sql': "{% macro default__get_columns_in_query(select_sql) %}\n    {% call statement('get_columns_in_query', fetch_result=True, auto_begin=False) -%}\n        {{ get_empty_subquery_sql(select_sql) }}\n    {% endcall %}\n    {{ return(load_result('get_columns_in_query').table.columns | map(attribute='name') | list) }}\n{% endmacro %}", 'depends_on': {'macros': ['macro.dbt.statement', 'macro.dbt.get_empty_subquery_sql']}, 'description': '', 'meta': {}, 'docs': {'show': True, 'node_color': None}, 'config': {'meta': {}, 'docs': {'show': True, 'node_color': None}}, 'patch_path': None, 'arguments': [], 'created_at': 1780338388.0890694, 'supported_languages': None}, 'macro.dbt.alter_column_type': {'name': 'alter_column_type', 'resource_type': 'macro', 'package_name': 'dbt', 'path': 'macros/adapters/columns.sql', 'original_file_path': 'macros/adapters/columns.sql', 'unique_id': 'macro.dbt.alter_column_type', 'macro_sql': "{% macro alter_column_type(relation, column_name, new_column_type) -%}\n  {{ return(adapter.dispatch('alter_column_type', 'dbt')(relation, column_name, new_column_type)) }}\n{% endmacro %}", 'depends_on': {'macros': ['macro.dbt.default__alter_column_type']}, 'description': '', 'meta': {}, 'docs': {'show': True, 'node_color': None}, 'config': {'meta': {}, 'docs': {'show': True, 'node_color': None}}, 'patch_path': None, 'arguments': [], 'created_at': 1780338388.0892532, 'supported_languages': None}, 'macro.dbt.default__alter_column_type': {'name': 'default__alter_column_type', 'resource_type': 'macro', 'package_name': 'dbt', 'path': 'macros/adapters/columns.sql', 'original_file_path': 'macros/adapters/columns.sql', 'unique_id': 'macro.dbt.default__alter_column_type', 'macro_sql': '{% macro default__alter_column_type(relation, column_name, new_column_type) -%}\n  {#\n    1. Create a new column (w/ temp name and correct type)\n    2. Copy data over to it\n    3. Drop the existing column (cascade!)\n    4. Rename the new column to existing column\n  #}\n  {%- set tmp_column = column_name + "__dbt_alter" -%}\n\n  {% call statement(\'alter_column_type\') %}\n    alter table {{ relation.render() }} add column {{ adapter.quote(tmp_column) }} {{ new_column_type }};\n    update {{ relation.render() }} set {{ adapter.quote(tmp_column) }} = {{ adapter.quote(column_name) }};\n    alter table {{ relation.render() }} drop column {{ adapter.quote(column_name) }} cascade;\n    alter table {{ relation.render() }} rename column {{ adapter.quote(tmp_column) }} to {{ adapter.quote(column_name) }}\n  {% endcall %}\n\n{% endmacro %}', 'depends_on': {'macros': ['macro.dbt.statement']}, 'description': '', 'meta': {}, 'docs': {'show': True, 'node_color': None}, 'config': {'meta': {}, 'docs': {'show': True, 'node_color': None}}, 'patch_path': None, 'arguments': [], 'created_at': 1780338388.0897675, 'supported_languages': None}, 'macro.dbt.alter_relation_add_remove_columns': {'name': 'alter_relation_add_remove_columns', 'resource_type': 'macro', 'package_name': 'dbt', 'path': 'macros/adapters/columns.sql', 'original_file_path': 'macros/adapters/columns.sql', 'unique_id': 'macro.dbt.alter_relation_add_remove_columns', 'macro_sql': "{% macro alter_relation_add_remove_columns(relation, add_columns = none, remove_columns = none) -%}\n  {{ return(adapter.dispatch('alter_relation_add_remove_columns', 'dbt')(relation, add_columns, remove_columns)) }}\n{% endmacro %}", 'depends_on': {'macros': ['macro.dbt.default__alter_relation_add_remove_columns']}, 'description': '', 'meta': {}, 'docs': {'show': True, 'node_color': None}, 'config': {'meta': {}, 'docs': {'show': True, 'node_color': None}}, 'patch_path': None, 'arguments': [], 'created_at': 1780338388.090043, 'supported_languages': None}, 'macro.dbt.default__alter_relation_add_remove_columns': {'name': 'default__alter_relation_add_remove_columns', 'resource_type': 'macro', 'package_name': 'dbt', 'path': 'macros/adapters/columns.sql', 'original_file_path': 'macros/adapters/columns.sql', 'unique_id': 'macro.dbt.default__alter_relation_add_remove_columns', 'macro_sql': "{% macro default__alter_relation_add_remove_columns(relation, add_columns, remove_columns) %}\n\n  {% if add_columns is none %}\n    {% set add_columns = [] %}\n  {% endif %}\n  {% if remove_columns is none %}\n    {% set remove_columns = [] %}\n  {% endif %}\n\n  {% set sql -%}\n\n     alter {{ relation.type }} {{ relation.render() }}\n\n            {% for column in add_columns %}\n               add column {{ column.quoted }} {{ column.expanded_data_type }}{{ ',' if not loop.last }}\n            {% endfor %}{{ ',' if add_columns and remove_columns }}\n\n            {% for column in remove_columns %}\n                drop column {{ column.quoted }}{{ ',' if not loop.last }}\n            {% endfor %}\n\n  {%- endset -%}\n\n  {% do run_query(sql) %}\n\n{% endmacro %}", 'depends_on': {'macros': ['macro.dbt.run_query']}, 'description': '', 'meta': {}, 'docs': {'show': True, 'node_color': None}, 'config': {'meta': {}, 'docs': {'show': True, 'node_color': None}}, 'patch_path': None, 'arguments': [], 'created_at': 1780338388.0907567, 'supported_languages': None}, 'macro.dbt.make_intermediate_relation': {'name': 'make_intermediate_relation', 'resource_type': 'macro', 'package_name': 'dbt', 'path': 'macros/adapters/relation.sql', 'original_file_path': 'macros/adapters/relation.sql', 'unique_id': 'macro.dbt.make_intermediate_relation', 'macro_sql': "{% macro make_intermediate_relation(base_relation, suffix='__dbt_tmp') %}\n  {{ return(adapter.dispatch('make_intermediate_relation', 'dbt')(base_relation, suffix)) }}\n{% endmacro %}", 'depends_on': {'macros': ['macro.dbt_postgres.postgres__make_intermediate_relation']}, 'description': '', 'meta': {}, 'docs': {'show': True, 'node_color': None}, 'config': {'meta': {}, 'docs': {'show': True, 'node_color': None}}, 'patch_path': None, 'arguments': [], 'created_at': 1780338388.0914087, 'supported_languages': None}, 'macro.dbt.default__make_intermediate_relation': {'name': 'default__make_intermediate_relation', 'resource_type': 'macro', 'package_name': 'dbt', 'path': 'macros/adapters/relation.sql', 'original_file_path': 'macros/adapters/relation.sql', 'unique_id': 'macro.dbt.default__make_intermediate_relation', 'macro_sql': '{% macro default__make_intermediate_relation(base_relation, suffix) %}\n    {{ return(default__make_temp_relation(base_relation, suffix)) }}\n{% endmacro %}', 'depends_on': {'macros': ['macro.dbt.default__make_temp_relation']}, 'description': '', 'meta': {}, 'docs': {'show': True, 'node_color': None}, 'config': {'meta': {}, 'docs': {'show': True, 'node_color': None}}, 'patch_path': None, 'arguments': [], 'created_at': 1780338388.091563, 'supported_languages': None}, 'macro.dbt.make_temp_relation': {'name': 'make_temp_relation', 'resource_type': 'macro', 'package_name': 'dbt', 'path': 'macros/adapters/relation.sql', 'original_file_path': 'macros/adapters/relation.sql', 'unique_id': 'macro.dbt.make_temp_relation', 'macro_sql': "{% macro make_temp_relation(base_relation, suffix='__dbt_tmp') %}\n  {#-- This ensures microbatch batches get unique temp relations to avoid clobbering --#}\n  {% if suffix == '__dbt_tmp' and model.batch %}\n    {% set suffix = suffix ~ '_' ~ model.batch.id %}\n  {% endif %}\n\n  {{ return(adapter.dispatch('make_temp_relation', 'dbt')(base_relation, suffix)) }}\n{% endmacro %}", 'depends_on': {'macros': ['macro.dbt_postgres.postgres__make_temp_relation']}, 'description': '', 'meta': {}, 'docs': {'show': True, 'node_color': None}, 'config': {'meta': {}, 'docs': {'show': True, 'node_color': None}}, 'patch_path': None, 'arguments': [], 'created_at': 1780338388.0918987, 'supported_languages': None}, 'macro.dbt.default__make_temp_relation': {'name': 'default__make_temp_relation', 'resource_type': 'macro', 'package_name': 'dbt', 'path': 'macros/adapters/relation.sql', 'original_file_path': 'macros/adapters/relation.sql', 'unique_id': 'macro.dbt.default__make_temp_relation', 'macro_sql': '{% macro default__make_temp_relation(base_relation, suffix) %}\n    {%- set temp_identifier = base_relation.identifier ~ suffix -%}\n    {%- set temp_relation = base_relation.incorporate(\n                                path={"identifier": temp_identifier}) -%}\n\n    {{ return(temp_relation) }}\n{% endmacro %}', 'depends_on': {'macros': []}, 'description': '', 'meta': {}, 'docs': {'show': True, 'node_color': None}, 'config': {'meta': {}, 'docs': {'show': True, 'node_color': None}}, 'patch_path': None, 'arguments': [], 'created_at': 1780338388.0922172, 'supported_languages': None}, 'macro.dbt.make_backup_relation': {'name': 'make_backup_relation', 'resource_type': 'macro', 'package_name': 'dbt', 'path': 'macros/adapters/relation.sql', 'original_file_path': 'macros/adapters/relation.sql', 'unique_id': 'macro.dbt.make_backup_relation', 'macro_sql': "{% macro make_backup_relation(base_relation, backup_relation_type, suffix='__dbt_backup') %}\n    {{ return(adapter.dispatch('make_backup_relation', 'dbt')(base_relation, backup_relation_type, suffix)) }}\n{% endmacro %}", 'depends_on': {'macros': ['macro.dbt_postgres.postgres__make_backup_relation']}, 'description': '', 'meta': {}, 'docs': {'show': True, 'node_color': None}, 'config': {'meta': {}, 'docs': {'show': True, 'node_color': None}}, 'patch_path': None, 'arguments': [], 'created_at': 1780338388.0924487, 'supported_languages': None}, 'macro.dbt.default__make_backup_relation': {'name': 'default__make_backup_relation', 'resource_type': 'macro', 'package_name': 'dbt', 'path': 'macros/adapters/relation.sql', 'original_file_path': 'macros/adapters/relation.sql', 'unique_id': 'macro.dbt.default__make_backup_relation', 'macro_sql': '{% macro default__make_backup_relation(base_relation, backup_relation_type, suffix) %}\n    {%- set backup_identifier = base_relation.identifier ~ suffix -%}\n    {%- set backup_relation = base_relation.incorporate(\n                                  path={"identifier": backup_identifier},\n                                  type=backup_relation_type\n    ) -%}\n    {{ return(backup_relation) }}\n{% endmacro %}', 'depends_on': {'macros': []}, 'description': '', 'meta': {}, 'docs': {'show': True, 'node_color': None}, 'config': {'meta': {}, 'docs': {'show': True, 'node_color': None}}, 'patch_path': None, 'arguments': [], 'created_at': 1780338388.0927217, 'supported_languages': None}, 'macro.dbt.truncate_relation': {'name': 'truncate_relation', 'resource_type': 'macro', 'package_name': 'dbt', 'path': 'macros/adapters/relation.sql', 'original_file_path': 'macros/adapters/relation.sql', 'unique_id': 'macro.dbt.truncate_relation', 'macro_sql': "{% macro truncate_relation(relation) -%}\n  {{ return(adapter.dispatch('truncate_relation', 'dbt')(relation)) }}\n{% endmacro %}", 'depends_on': {'macros': ['macro.dbt.default__truncate_relation']}, 'description': '', 'meta': {}, 'docs': {'show': True, 'node_color': None}, 'config': {'meta': {}, 'docs': {'show': True, 'node_color': None}}, 'patch_path': None, 'arguments': [], 'created_at': 1780338388.09288, 'supported_languages': None}, 'macro.dbt.default__truncate_relation': {'name': 'default__truncate_relation', 'resource_type': 'macro', 'package_name': 'dbt', 'path': 'macros/adapters/relation.sql', 'original_file_path': 'macros/adapters/relation.sql', 'unique_id': 'macro.dbt.default__truncate_relation', 'macro_sql': "{% macro default__truncate_relation(relation) -%}\n  {% call statement('truncate_relation') -%}\n    truncate table {{ relation.render() }}\n  {%- endcall %}\n{% endmacro %}", 'depends_on': {'macros': ['macro.dbt.statement']}, 'description': '', 'meta': {}, 'docs': {'show': True, 'node_color': None}, 'config': {'meta': {}, 'docs': {'show': True, 'node_color': None}}, 'patch_path': None, 'arguments': [], 'created_at': 1780338388.093038, 'supported_languages': None}, 'macro.dbt.get_or_create_relation': {'name': 'get_or_create_relation', 'resource_type': 'macro', 'package_name': 'dbt', 'path': 'macros/adapters/relation.sql', 'original_file_path': 'macros/adapters/relation.sql', 'unique_id': 'macro.dbt.get_or_create_relation', 'macro_sql': "{% macro get_or_create_relation(database, schema, identifier, type) -%}\n  {{ return(adapter.dispatch('get_or_create_relation', 'dbt')(database, schema, identifier, type)) }}\n{% endmacro %}", 'depends_on': {'macros': ['macro.dbt.default__get_or_create_relation']}, 'description': '', 'meta': {}, 'docs': {'show': True, 'node_color': None}, 'config': {'meta': {}, 'docs': {'show': True, 'node_color': None}}, 'patch_path': None, 'arguments': [], 'created_at': 1780338388.0932317, 'supported_languages': None}, 'macro.dbt.default__get_or_create_relation': {'name': 'default__get_or_create_relation', 'resource_type': 'macro', 'package_name': 'dbt', 'path': 'macros/adapters/relation.sql', 'original_file_path': 'macros/adapters/relation.sql', 'unique_id': 'macro.dbt.default__get_or_create_relation', 'macro_sql': '{% macro default__get_or_create_relation(database, schema, identifier, type) %}\n  {%- set target_relation = adapter.get_relation(database=database, schema=schema, identifier=identifier) %}\n\n  {% if target_relation %}\n    {% do return([true, target_relation]) %}\n  {% endif %}\n\n  {%- set new_relation = api.Relation.create(\n      database=database,\n      schema=schema,\n      identifier=identifier,\n      type=type\n  ) -%}\n  {% do return([false, new_relation]) %}\n{% endmacro %}', 'depends_on': {'macros': []}, 'description': '', 'meta': {}, 'docs': {'show': True, 'node_color': None}, 'config': {'meta': {}, 'docs': {'show': True, 'node_color': None}}, 'patch_path': None, 'arguments': [], 'created_at': 1780338388.0936697, 'supported_languages': None}, 'macro.dbt.load_cached_relation': {'name': 'load_cached_relation', 'resource_type': 'macro', 'package_name': 'dbt', 'path': 'macros/adapters/relation.sql', 'original_file_path': 'macros/adapters/relation.sql', 'unique_id': 'macro.dbt.load_cached_relation', 'macro_sql': '{% macro load_cached_relation(relation) %}\n  {% do return(adapter.get_relation(\n    database=relation.database,\n    schema=relation.schema,\n    identifier=relation.identifier\n  )) -%}\n{% endmacro %}', 'depends_on': {'macros': []}, 'description': '', 'meta': {}, 'docs': {'show': True, 'node_color': None}, 'config': {'meta': {}, 'docs': {'show': True, 'node_color': None}}, 'patch_path': None, 'arguments': [], 'created_at': 1780338388.0938559, 'supported_languages': None}, 'macro.dbt.load_relation': {'name': 'load_relation', 'resource_type': 'macro', 'package_name': 'dbt', 'path': 'macros/adapters/relation.sql', 'original_file_path': 'macros/adapters/relation.sql', 'unique_id': 'macro.dbt.load_relation', 'macro_sql': '{% macro load_relation(relation) %}\n    {{ return(load_cached_relation(relation)) }}\n{% endmacro %}', 'depends_on': {'macros': ['macro.dbt.load_cached_relation']}, 'description': '', 'meta': {}, 'docs': {'show': True, 'node_color': None}, 'config': {'meta': {}, 'docs': {'show': True, 'node_color': None}}, 'patch_path': None, 'arguments': [], 'created_at': 1780338388.0939844, 'supported_languages': None}, 'macro.dbt.resolve_model_name': {'name': 'resolve_model_name', 'resource_type': 'macro', 'package_name': 'dbt', 'path': 'macros/python_model/python.sql', 'original_file_path': 'macros/python_model/python.sql', 'unique_id': 'macro.dbt.resolve_model_name', 'macro_sql': "{% macro resolve_model_name(input_model_name) %}\n    {{ return(adapter.dispatch('resolve_model_name', 'dbt')(input_model_name)) }}\n{% endmacro %}", 'depends_on': {'macros': ['macro.dbt.default__resolve_model_name']}, 'description': '', 'meta': {}, 'docs': {'show': True, 'node_color': None}, 'config': {'meta': {}, 'docs': {'show': True, 'node_color': None}}, 'patch_path': None, 'arguments': [], 'created_at': 1780338388.094726, 'supported_languages': None}, 'macro.dbt.default__resolve_model_name': {'name': 'default__resolve_model_name', 'resource_type': 'macro', 'package_name': 'dbt', 'path': 'macros/python_model/python.sql', 'original_file_path': 'macros/python_model/python.sql', 'unique_id': 'macro.dbt.default__resolve_model_name', 'macro_sql': '\n\n{%- macro default__resolve_model_name(input_model_name) -%}\n    {{  input_model_name | string | replace(\'"\', \'\\"\') }}\n{%- endmacro -%}\n\n', 'depends_on': {'macros': []}, 'description': '', 'meta': {}, 'docs': {'show': True, 'node_color': None}, 'config': {'meta': {}, 'docs': {'show': True, 'node_color': None}}, 'patch_path': None, 'arguments': [], 'created_at': 1780338388.0948732, 'supported_languages': None}, 'macro.dbt.build_ref_function': {'name': 'build_ref_function', 'resource_type': 'macro', 'package_name': 'dbt', 'path': 'macros/python_model/python.sql', 'original_file_path': 'macros/python_model/python.sql', 'unique_id': 'macro.dbt.build_ref_function', 'macro_sql': '{% macro build_ref_function(model) %}\n\n    {%- set ref_dict = {} -%}\n    {%- for _ref in model.refs -%}\n        {% set _ref_args = [_ref.get(\'package\'), _ref[\'name\']] if _ref.get(\'package\') else [_ref[\'name\'],] %}\n        {%- set resolved = ref(*_ref_args, v=_ref.get(\'version\')) -%}\n\n        {#\n            We want to get the string of the returned relation by calling .render() in order to skip sample/empty\n            mode rendering logic. However, people override the default ref macro, and often return a string instead\n            of a relation (like the ref macro does by default). Thus, to make sure we dont blow things up, we have\n            to ensure the resolved relation has a .render() method.\n        #}\n        {%- if resolved.render is defined and resolved.render is callable -%}\n            {%- set resolved = resolved.render() -%}\n        {%- endif -%}\n\n        {%- if _ref.get(\'version\') -%}\n            {% do _ref_args.extend(["v" ~ _ref[\'version\']]) %}\n        {%- endif -%}\n       {%- do ref_dict.update({_ref_args | join(\'.\'): resolve_model_name(resolved)}) -%}\n    {%- endfor -%}\n\ndef ref(*args, **kwargs):\n    refs = {{ ref_dict | tojson }}\n    key = \'.\'.join(args)\n    version = kwargs.get("v") or kwargs.get("version")\n    if version:\n        key += f".v{version}"\n    dbt_load_df_function = kwargs.get("dbt_load_df_function")\n    return dbt_load_df_function(refs[key])\n\n{% endmacro %}', 'depends_on': {'macros': ['macro.dbt.resolve_model_name']}, 'description': '', 'meta': {}, 'docs': {'show': True, 'node_color': None}, 'config': {'meta': {}, 'docs': {'show': True, 'node_color': None}}, 'patch_path': None, 'arguments': [], 'created_at': 1780338388.0957778, 'supported_languages': None}, 'macro.dbt.build_source_function': {'name': 'build_source_function', 'resource_type': 'macro', 'package_name': 'dbt', 'path': 'macros/python_model/python.sql', 'original_file_path': 'macros/python_model/python.sql', 'unique_id': 'macro.dbt.build_source_function', 'macro_sql': "{% macro build_source_function(model) %}\n\n    {%- set source_dict = {} -%}\n    {%- for _source in model.sources -%}\n        {%- set resolved = source(*_source) -%}\n        {%- do source_dict.update({_source | join('.'): resolve_model_name(resolved)}) -%}\n    {%- endfor -%}\n\ndef source(*args, dbt_load_df_function):\n    sources = {{ source_dict | tojson }}\n    key = '.'.join(args)\n    return dbt_load_df_function(sources[key])\n\n{% endmacro %}", 'depends_on': {'macros': ['macro.dbt.resolve_model_name']}, 'description': '', 'meta': {}, 'docs': {'show': True, 'node_color': None}, 'config': {'meta': {}, 'docs': {'show': True, 'node_color': None}}, 'patch_path': None, 'arguments': [], 'created_at': 1780338388.0963008, 'supported_languages': None}, 'macro.dbt.build_config_dict': {'name': 'build_config_dict', 'resource_type': 'macro', 'package_name': 'dbt', 'path': 'macros/python_model/python.sql', 'original_file_path': 'macros/python_model/python.sql', 'unique_id': 'macro.dbt.build_config_dict', 'macro_sql': '{% macro build_config_dict(model) %}\n    {%- set config_dict = {} -%}\n    {% set config_dbt_used = zip(model.config.config_keys_used, model.config.config_keys_defaults) | list %}\n    {%- for key, default in config_dbt_used -%}\n        {# weird type testing with enum, would be much easier to write this logic in Python! #}\n        {%- if key == "language" -%}\n          {%- set value = "python" -%}\n        {%- endif -%}\n        {%- set value = model.config.get(key, default) -%}\n        {%- do config_dict.update({key: value}) -%}\n    {%- endfor -%}\n    {# Handle dbt.config.meta_get() calls - use separate dict to avoid overwriting native configs #}\n    {%- set meta_dict = {} -%}\n    {%- if model.config.meta_keys_used -%}\n        {% set meta_dbt_used = zip(model.config.meta_keys_used, model.config.meta_keys_defaults) | list %}\n        {%- for key, default in meta_dbt_used -%}\n            {%- if model.config.meta and key in model.config.meta -%}\n                {%- set value = model.config.meta[key] -%}\n            {%- else -%}\n                {%- set value = default -%}\n            {%- endif -%}\n            {%- do meta_dict.update({key: value}) -%}\n        {%- endfor -%}\n    {%- endif -%}\nconfig_dict = {{ config_dict }}\nmeta_dict = {{ meta_dict }}\n{% endmacro %}', 'depends_on': {'macros': []}, 'description': '', 'meta': {}, 'docs': {'show': True, 'node_color': None}, 'config': {'meta': {}, 'docs': {'show': True, 'node_color': None}}, 'patch_path': None, 'arguments': [], 'created_at': 1780338388.097395, 'supported_languages': None}, 'macro.dbt.py_script_postfix': {'name': 'py_script_postfix', 'resource_type': 'macro', 'package_name': 'dbt', 'path': 'macros/python_model/python.sql', 'original_file_path': 'macros/python_model/python.sql', 'unique_id': 'macro.dbt.py_script_postfix', 'macro_sql': '{% macro py_script_postfix(model) %}\n# This part is user provided model code\n# you will need to copy the next section to run the code\n# COMMAND ----------\n# this part is dbt logic for get ref work, do not modify\n\n{{ build_ref_function(model ) }}\n{{ build_source_function(model ) }}\n{{ build_config_dict(model) }}\n\nclass config:\n    def __init__(self, *args, **kwargs):\n        pass\n\n    @staticmethod\n    def get(key, default=None):\n        return config_dict.get(key, default)\n\n    @staticmethod\n    def meta_get(key, default=None):\n        return meta_dict.get(key, default)\n\nclass this:\n    """dbt.this() or dbt.this.identifier"""\n    database = "{{ this.database }}"\n    schema = "{{ this.schema }}"\n    identifier = "{{ this.identifier }}"\n    {% set this_relation_name = resolve_model_name(this) %}\n    def __repr__(self):\n        return \'{{ this_relation_name  }}\'\n\n\nclass dbtObj:\n    def __init__(self, load_df_function) -> None:\n        self.source = lambda *args: source(*args, dbt_load_df_function=load_df_function)\n        self.ref = lambda *args, **kwargs: ref(*args, **kwargs, dbt_load_df_function=load_df_function)\n        self.config = config\n        self.this = this()\n        self.is_incremental = {{ is_incremental() }}\n\n# COMMAND ----------\n{{py_script_comment()}}\n{% endmacro %}', 'depends_on': {'macros': ['macro.dbt.build_ref_function', 'macro.dbt.build_source_function', 'macro.dbt.build_config_dict', 'macro.dbt.resolve_model_name', 'macro.dbt.is_incremental', 'macro.dbt.py_script_comment']}, 'description': '', 'meta': {}, 'docs': {'show': True, 'node_color': None}, 'config': {'meta': {}, 'docs': {'show': True, 'node_color': None}}, 'patch_path': None, 'arguments': [], 'created_at': 1780338388.0978303, 'supported_languages': None}, 'macro.dbt.py_script_comment': {'name': 'py_script_comment', 'resource_type': 'macro', 'package_name': 'dbt', 'path': 'macros/python_model/python.sql', 'original_file_path': 'macros/python_model/python.sql', 'unique_id': 'macro.dbt.py_script_comment', 'macro_sql': '{%macro py_script_comment()%}\n{%endmacro%}', 'depends_on': {'macros': []}, 'description': '', 'meta': {}, 'docs': {'show': True, 'node_color': None}, 'config': {'meta': {}, 'docs': {'show': True, 'node_color': None}}, 'patch_path': None, 'arguments': [], 'created_at': 1780338388.0978997, 'supported_languages': None}, 'macro.dbt.statement': {'name': 'statement', 'resource_type': 'macro', 'package_name': 'dbt', 'path': 'macros/etc/statement.sql', 'original_file_path': 'macros/etc/statement.sql', 'unique_id': 'macro.dbt.statement', 'macro_sql': '\n{%- macro statement(name=None, fetch_result=False, auto_begin=True, language=\'sql\') -%}\n  {%- if execute: -%}\n    {%- set compiled_code = caller() -%}\n\n    {%- if name == \'main\' -%}\n      {{ log(\'Writing runtime {} for node "{}"\'.format(language, model[\'unique_id\'])) }}\n      {{ write(compiled_code) }}\n    {%- endif -%}\n    {%- if language == \'sql\'-%}\n      {%- set res, table = adapter.execute(compiled_code, auto_begin=auto_begin, fetch=fetch_result) -%}\n    {%- elif language == \'python\' -%}\n      {%- set res = submit_python_job(model, compiled_code) -%}\n      {#-- TODO: What should table be for python models? --#}\n      {%- set table = None -%}\n    {%- else -%}\n      {% do exceptions.raise_compiler_error("statement macro didn\'t get supported language") %}\n    {%- endif -%}\n\n    {%- if name is not none -%}\n      {{ store_result(name, response=res, agate_table=table) }}\n    {%- endif -%}\n\n  {%- endif -%}\n{%- endmacro %}', 'depends_on': {'macros': []}, 'description': '', 'meta': {}, 'docs': {'show': True, 'node_color': None}, 'config': {'meta': {}, 'docs': {'show': True, 'node_color': None}}, 'patch_path': None, 'arguments': [], 'created_at': 1780338388.0990515, 'supported_languages': None}, 'macro.dbt.noop_statement': {'name': 'noop_statement', 'resource_type': 'macro', 'package_name': 'dbt', 'path': 'macros/etc/statement.sql', 'original_file_path': 'macros/etc/statement.sql', 'unique_id': 'macro.dbt.noop_statement', 'macro_sql': '{% macro noop_statement(name=None, message=None, code=None, rows_affected=None, res=None) -%}\n  {%- set sql = caller() -%}\n\n  {%- if name == \'main\' -%}\n    {{ log(\'Writing runtime SQL for node "{}"\'.format(model[\'unique_id\'])) }}\n    {{ write(sql) }}\n  {%- endif -%}\n\n  {%- if name is not none -%}\n    {{ store_raw_result(name, message=message, code=code, rows_affected=rows_affected, agate_table=res) }}\n  {%- endif -%}\n\n{%- endmacro %}', 'depends_on': {'macros': []}, 'description': '', 'meta': {}, 'docs': {'show': True, 'node_color': None}, 'config': {'meta': {}, 'docs': {'show': True, 'node_color': None}}, 'patch_path': None, 'arguments': [], 'created_at': 1780338388.0995262, 'supported_languages': None}, 'macro.dbt.run_query': {'name': 'run_query', 'resource_type': 'macro', 'package_name': 'dbt', 'path': 'macros/etc/statement.sql', 'original_file_path': 'macros/etc/statement.sql', 'unique_id': 'macro.dbt.run_query', 'macro_sql': '{% macro run_query(sql) %}\n  {% call statement("run_query_statement", fetch_result=true, auto_begin=false) %}\n    {{ sql }}\n  {% endcall %}\n\n  {% do return(load_result("run_query_statement").table) %}\n{% endmacro %}', 'depends_on': {'macros': ['macro.dbt.statement']}, 'description': '', 'meta': {}, 'docs': {'show': True, 'node_color': None}, 'config': {'meta': {}, 'docs': {'show': True, 'node_color': None}}, 'patch_path': None, 'arguments': [], 'created_at': 1780338388.0997686, 'supported_languages': None}, 'macro.dbt.convert_datetime': {'name': 'convert_datetime', 'resource_type': 'macro', 'package_name': 'dbt', 'path': 'macros/etc/datetime.sql', 'original_file_path': 'macros/etc/datetime.sql', 'unique_id': 'macro.dbt.convert_datetime', 'macro_sql': "{% macro convert_datetime(date_str, date_fmt) %}\n\n  {% set error_msg -%}\n      The provided partition date '{{ date_str }}' does not match the expected format '{{ date_fmt }}'\n  {%- endset %}\n\n  {% set res = try_or_compiler_error(error_msg, modules.datetime.datetime.strptime, date_str.strip(), date_fmt) %}\n  {{ return(res) }}\n\n{% endmacro %}", 'depends_on': {'macros': []}, 'description': '', 'meta': {}, 'docs': {'show': True, 'node_color': None}, 'config': {'meta': {}, 'docs': {'show': True, 'node_color': None}}, 'patch_path': None, 'arguments': [], 'created_at': 1780338388.1004875, 'supported_languages': None}, 'macro.dbt.dates_in_range': {'name': 'dates_in_range', 'resource_type': 'macro', 'package_name': 'dbt', 'path': 'macros/etc/datetime.sql', 'original_file_path': 'macros/etc/datetime.sql', 'unique_id': 'macro.dbt.dates_in_range', 'macro_sql': '{% macro dates_in_range(start_date_str, end_date_str=none, in_fmt="%Y%m%d", out_fmt="%Y%m%d") %}\n    {% set end_date_str = start_date_str if end_date_str is none else end_date_str %}\n\n    {% set start_date = convert_datetime(start_date_str, in_fmt) %}\n    {% set end_date = convert_datetime(end_date_str, in_fmt) %}\n\n    {% set day_count = (end_date - start_date).days %}\n    {% if day_count < 0 %}\n        {% set msg -%}\n            Partition start date is after the end date ({{ start_date }}, {{ end_date }})\n        {%- endset %}\n\n        {{ exceptions.raise_compiler_error(msg, model) }}\n    {% endif %}\n\n    {% set date_list = [] %}\n    {% for i in range(0, day_count + 1) %}\n        {% set the_date = (modules.datetime.timedelta(days=i) + start_date) %}\n        {% if not out_fmt %}\n            {% set _ = date_list.append(the_date) %}\n        {% else %}\n            {% set _ = date_list.append(the_date.strftime(out_fmt)) %}\n        {% endif %}\n    {% endfor %}\n\n    {{ return(date_list) }}\n{% endmacro %}', 'depends_on': {'macros': ['macro.dbt.convert_datetime']}, 'description': '', 'meta': {}, 'docs': {'show': True, 'node_color': None}, 'config': {'meta': {}, 'docs': {'show': True, 'node_color': None}}, 'patch_path': None, 'arguments': [], 'created_at': 1780338388.1015058, 'supported_languages': None}, 'macro.dbt.partition_range': {'name': 'partition_range', 'resource_type': 'macro', 'package_name': 'dbt', 'path': 'macros/etc/datetime.sql', 'original_file_path': 'macros/etc/datetime.sql', 'unique_id': 'macro.dbt.partition_range', 'macro_sql': '{% macro partition_range(raw_partition_date, date_fmt=\'%Y%m%d\') %}\n    {% set partition_range = (raw_partition_date | string).split(",") %}\n\n    {% if (partition_range | length) == 1 %}\n      {% set start_date = partition_range[0] %}\n      {% set end_date = none %}\n    {% elif (partition_range | length) == 2 %}\n      {% set start_date = partition_range[0] %}\n      {% set end_date = partition_range[1] %}\n    {% else %}\n      {{ exceptions.raise_compiler_error("Invalid partition time. Expected format: {Start Date}[,{End Date}]. Got: " ~ raw_partition_date) }}\n    {% endif %}\n\n    {{ return(dates_in_range(start_date, end_date, in_fmt=date_fmt)) }}\n{% endmacro %}', 'depends_on': {'macros': ['macro.dbt.dates_in_range']}, 'description': '', 'meta': {}, 'docs': {'show': True, 'node_color': None}, 'config': {'meta': {}, 'docs': {'show': True, 'node_color': None}}, 'patch_path': None, 'arguments': [], 'created_at': 1780338388.1021917, 'supported_languages': None}, 'macro.dbt.py_current_timestring': {'name': 'py_current_timestring', 'resource_type': 'macro', 'package_name': 'dbt', 'path': 'macros/etc/datetime.sql', 'original_file_path': 'macros/etc/datetime.sql', 'unique_id': 'macro.dbt.py_current_timestring', 'macro_sql': '{% macro py_current_timestring() %}\n    {% set dt = modules.datetime.datetime.now() %}\n    {% do return(dt.strftime("%Y%m%d%H%M%S%f")) %}\n{% endmacro %}', 'depends_on': {'macros': []}, 'description': '', 'meta': {}, 'docs': {'show': True, 'node_color': None}, 'config': {'meta': {}, 'docs': {'show': True, 'node_color': None}}, 'patch_path': None, 'arguments': [], 'created_at': 1780338388.1024296, 'supported_languages': None}, 'macro.dbt.test_unique': {'name': 'test_unique', 'resource_type': 'macro', 'package_name': 'dbt', 'path': 'tests/generic/builtin.sql', 'original_file_path': 'tests/generic/builtin.sql', 'unique_id': 'macro.dbt.test_unique', 'macro_sql': "{% test unique(model, column_name) %}\n    {% set macro = adapter.dispatch('test_unique', 'dbt') %}\n    {{ macro(model, column_name) }}\n{% endtest %}", 'depends_on': {'macros': ['macro.dbt.default__test_unique']}, 'description': '', 'meta': {}, 'docs': {'show': True, 'node_color': None}, 'config': {'meta': {}, 'docs': {'show': True, 'node_color': None}}, 'patch_path': None, 'arguments': [], 'created_at': 1780338388.102924, 'supported_languages': None}, 'macro.dbt.test_not_null': {'name': 'test_not_null', 'resource_type': 'macro', 'package_name': 'dbt', 'path': 'tests/generic/builtin.sql', 'original_file_path': 'tests/generic/builtin.sql', 'unique_id': 'macro.dbt.test_not_null', 'macro_sql': "{% test not_null(model, column_name) %}\n    {% set macro = adapter.dispatch('test_not_null', 'dbt') %}\n    {{ macro(model, column_name) }}\n{% endtest %}", 'depends_on': {'macros': ['macro.dbt.default__test_not_null']}, 'description': '', 'meta': {}, 'docs': {'show': True, 'node_color': None}, 'config': {'meta': {}, 'docs': {'show': True, 'node_color': None}}, 'patch_path': None, 'arguments': [], 'created_at': 1780338388.1031713, 'supported_languages': None}, 'macro.dbt.test_accepted_values': {'name': 'test_accepted_values', 'resource_type': 'macro', 'package_name': 'dbt', 'path': 'tests/generic/builtin.sql', 'original_file_path': 'tests/generic/builtin.sql', 'unique_id': 'macro.dbt.test_accepted_values', 'macro_sql': "{% test accepted_values(model, column_name, values, quote=True) %}\n    {% set macro = adapter.dispatch('test_accepted_values', 'dbt') %}\n    {{ macro(model, column_name, values, quote) }}\n{% endtest %}", 'depends_on': {'macros': ['macro.dbt.default__test_accepted_values']}, 'description': '', 'meta': {}, 'docs': {'show': True, 'node_color': None}, 'config': {'meta': {}, 'docs': {'show': True, 'node_color': None}}, 'patch_path': None, 'arguments': [], 'created_at': 1780338388.1034362, 'supported_languages': None}, 'macro.dbt.test_relationships': {'name': 'test_relationships', 'resource_type': 'macro', 'package_name': 'dbt', 'path': 'tests/generic/builtin.sql', 'original_file_path': 'tests/generic/builtin.sql', 'unique_id': 'macro.dbt.test_relationships', 'macro_sql': "{% test relationships(model, column_name, to, field) %}\n    {% set macro = adapter.dispatch('test_relationships', 'dbt') %}\n    {{ macro(model, column_name, to, field) }}\n{% endtest %}", 'depends_on': {'macros': ['macro.dbt.default__test_relationships']}, 'description': '', 'meta': {}, 'docs': {'show': True, 'node_color': None}, 'config': {'meta': {}, 'docs': {'show': True, 'node_color': None}}, 'patch_path': None, 'arguments': [], 'created_at': 1780338388.1036825, 'supported_languages': None}}
[0m19:38:20.168930 [debug] [MainThread]: Sending event: {'category': 'dbt', 'action': 'partial_parser', 'label': '70b9d784-f442-4464-8b72-3f2b268ac568', 'context': [<snowplow_tracker.self_describing_json.SelfDescribingJson object at 0x79a148f5c5f0>]}
[0m19:38:20.893096 [debug] [MainThread]: Sending event: {'category': 'dbt', 'action': 'load_project', 'label': '70b9d784-f442-4464-8b72-3f2b268ac568', 'context': [<snowplow_tracker.self_describing_json.SelfDescribingJson object at 0x79a146eb5550>]}
[0m19:38:20.953295 [debug] [MainThread]: Wrote artifact WritableManifest to /usr/app/target/manifest.json
[0m19:38:20.960810 [debug] [MainThread]: Wrote artifact SemanticManifest to /usr/app/target/semantic_manifest.json
[0m19:38:20.996701 [debug] [MainThread]: Sending event: {'category': 'dbt', 'action': 'resource_counts', 'label': '70b9d784-f442-4464-8b72-3f2b268ac568', 'context': [<snowplow_tracker.self_describing_json.SelfDescribingJson object at 0x79a146d451c0>]}
[0m19:38:20.997731 [info ] [MainThread]: Found 1 model, 429 macros
[0m19:38:20.998663 [debug] [MainThread]: Sending event: {'category': 'dbt', 'action': 'runnable_timing', 'label': '70b9d784-f442-4464-8b72-3f2b268ac568', 'context': [<snowplow_tracker.self_describing_json.SelfDescribingJson object at 0x79a14712bec0>]}
[0m19:38:21.000752 [info ] [MainThread]: 
[0m19:38:21.001860 [info ] [MainThread]: Concurrency: 1 threads (target='dev')
[0m19:38:21.002976 [info ] [MainThread]: 
[0m19:38:21.004245 [debug] [MainThread]: Acquiring new postgres connection 'master'
[0m19:38:21.006258 [debug] [ThreadPool]: Acquiring new postgres connection 'list_Job_Analysis'
[0m19:38:21.056680 [debug] [ThreadPool]: Using postgres connection "list_Job_Analysis"
[0m19:38:21.058281 [debug] [ThreadPool]: On list_Job_Analysis: /* {"app": "dbt", "dbt_version": "1.9.0", "profile_name": "job_analysis", "target_name": "dev", "connection_name": "list_Job_Analysis"} */

    select distinct nspname from pg_namespace
  
[0m19:38:21.059017 [debug] [ThreadPool]: Opening a new connection, currently in state init
[0m19:38:21.082109 [debug] [ThreadPool]: SQL status: SELECT 4 in 0.023 seconds
[0m19:38:21.084093 [debug] [ThreadPool]: On list_Job_Analysis: Close
[0m19:38:21.086157 [debug] [ThreadPool]: Acquiring new postgres connection 'list_Job_Analysis_public'
[0m19:38:21.091560 [debug] [ThreadPool]: Using postgres connection "list_Job_Analysis_public"
[0m19:38:21.092625 [debug] [ThreadPool]: On list_Job_Analysis_public: BEGIN
[0m19:38:21.093489 [debug] [ThreadPool]: Opening a new connection, currently in state init
[0m19:38:21.099968 [debug] [ThreadPool]: SQL status: BEGIN in 0.006 seconds
[0m19:38:21.100924 [debug] [ThreadPool]: Using postgres connection "list_Job_Analysis_public"
[0m19:38:21.101640 [debug] [ThreadPool]: On list_Job_Analysis_public: /* {"app": "dbt", "dbt_version": "1.9.0", "profile_name": "job_analysis", "target_name": "dev", "connection_name": "list_Job_Analysis_public"} */
select
      'Job_Analysis' as database,
      tablename as name,
      schemaname as schema,
      'table' as type
    from pg_tables
    where schemaname ilike 'public'
    union all
    select
      'Job_Analysis' as database,
      viewname as name,
      schemaname as schema,
      'view' as type
    from pg_views
    where schemaname ilike 'public'
    union all
    select
      'Job_Analysis' as database,
      matviewname as name,
      schemaname as schema,
      'materialized_view' as type
    from pg_matviews
    where schemaname ilike 'public'
  
[0m19:38:21.116345 [debug] [ThreadPool]: SQL status: SELECT 2 in 0.014 seconds
[0m19:38:21.118220 [debug] [ThreadPool]: On list_Job_Analysis_public: ROLLBACK
[0m19:38:21.119082 [debug] [ThreadPool]: On list_Job_Analysis_public: Close
[0m19:38:21.125742 [debug] [MainThread]: Using postgres connection "master"
[0m19:38:21.126567 [debug] [MainThread]: On master: BEGIN
[0m19:38:21.127429 [debug] [MainThread]: Opening a new connection, currently in state init
[0m19:38:21.133414 [debug] [MainThread]: SQL status: BEGIN in 0.006 seconds
[0m19:38:21.134634 [debug] [MainThread]: Using postgres connection "master"
[0m19:38:21.135436 [debug] [MainThread]: On master: /* {"app": "dbt", "dbt_version": "1.9.0", "profile_name": "job_analysis", "target_name": "dev", "connection_name": "master"} */
with relation as (
        select
            pg_rewrite.ev_class as class,
            pg_rewrite.oid as id
        from pg_rewrite
    ),
    class as (
        select
            oid as id,
            relname as name,
            relnamespace as schema,
            relkind as kind
        from pg_class
    ),
    dependency as (
        select distinct
            pg_depend.objid as id,
            pg_depend.refobjid as ref
        from pg_depend
    ),
    schema as (
        select
            pg_namespace.oid as id,
            pg_namespace.nspname as name
        from pg_namespace
        where nspname != 'information_schema' and nspname not like 'pg\_%'
    ),
    referenced as (
        select
            relation.id AS id,
            referenced_class.name ,
            referenced_class.schema ,
            referenced_class.kind
        from relation
        join class as referenced_class on relation.class=referenced_class.id
        where referenced_class.kind in ('r', 'v', 'm')
    ),
    relationships as (
        select
            referenced.name as referenced_name,
            referenced.schema as referenced_schema_id,
            dependent_class.name as dependent_name,
            dependent_class.schema as dependent_schema_id,
            referenced.kind as kind
        from referenced
        join dependency on referenced.id=dependency.id
        join class as dependent_class on dependency.ref=dependent_class.id
        where
            (referenced.name != dependent_class.name or
             referenced.schema != dependent_class.schema)
    )

    select
        referenced_schema.name as referenced_schema,
        relationships.referenced_name as referenced_name,
        dependent_schema.name as dependent_schema,
        relationships.dependent_name as dependent_name
    from relationships
    join schema as dependent_schema on relationships.dependent_schema_id=dependent_schema.id
    join schema as referenced_schema on relationships.referenced_schema_id=referenced_schema.id
    group by referenced_schema, referenced_name, dependent_schema, dependent_name
    order by referenced_schema, referenced_name, dependent_schema, dependent_name;
[0m19:38:21.151120 [debug] [MainThread]: SQL status: SELECT 1 in 0.015 seconds
[0m19:38:21.154522 [debug] [MainThread]: Sending event: {'category': 'dbt', 'action': 'runnable_timing', 'label': '70b9d784-f442-4464-8b72-3f2b268ac568', 'context': [<snowplow_tracker.self_describing_json.SelfDescribingJson object at 0x79a1440f3590>]}
[0m19:38:21.155480 [debug] [MainThread]: On master: ROLLBACK
[0m19:38:21.156365 [debug] [MainThread]: Using postgres connection "master"
[0m19:38:21.156967 [debug] [MainThread]: On master: BEGIN
[0m19:38:21.157872 [debug] [MainThread]: SQL status: BEGIN in 0.000 seconds
[0m19:38:21.158539 [debug] [MainThread]: On master: COMMIT
[0m19:38:21.159332 [debug] [MainThread]: Using postgres connection "master"
[0m19:38:21.159955 [debug] [MainThread]: On master: COMMIT
[0m19:38:21.160803 [debug] [MainThread]: SQL status: COMMIT in 0.000 seconds
[0m19:38:21.161502 [debug] [MainThread]: On master: Close
[0m19:38:21.165004 [debug] [Thread-1 (]: Began running node model.job_analysis.stg_raw_jobs
[0m19:38:21.166204 [info ] [Thread-1 (]: 1 of 1 START sql view model public.stg_raw_jobs ................................ [RUN]
[0m19:38:21.167287 [debug] [Thread-1 (]: Re-using an available connection from the pool (formerly list_Job_Analysis_public, now model.job_analysis.stg_raw_jobs)
[0m19:38:21.168241 [debug] [Thread-1 (]: Began compiling node model.job_analysis.stg_raw_jobs
[0m19:38:21.173087 [debug] [Thread-1 (]: Writing injected SQL for node "model.job_analysis.stg_raw_jobs"
[0m19:38:21.181021 [debug] [Thread-1 (]: Began executing node model.job_analysis.stg_raw_jobs
[0m19:38:21.212304 [debug] [Thread-1 (]: Writing runtime sql for node "model.job_analysis.stg_raw_jobs"
[0m19:38:21.220160 [debug] [Thread-1 (]: Using postgres connection "model.job_analysis.stg_raw_jobs"
[0m19:38:21.220913 [debug] [Thread-1 (]: On model.job_analysis.stg_raw_jobs: BEGIN
[0m19:38:21.221593 [debug] [Thread-1 (]: Opening a new connection, currently in state closed
[0m19:38:21.227887 [debug] [Thread-1 (]: SQL status: BEGIN in 0.006 seconds
[0m19:38:21.228956 [debug] [Thread-1 (]: Using postgres connection "model.job_analysis.stg_raw_jobs"
[0m19:38:21.229733 [debug] [Thread-1 (]: On model.job_analysis.stg_raw_jobs: /* {"app": "dbt", "dbt_version": "1.9.0", "profile_name": "job_analysis", "target_name": "dev", "node_id": "model.job_analysis.stg_raw_jobs"} */

  create view "Job_Analysis"."public"."stg_raw_jobs__dbt_tmp"
    
    
  as (
    SELECT
    source_id,
    job_title,
    company,
    location,
    salary_min,
    salary_max,
    date_posted
FROM raw_job_data
WHERE job_title IS NOT NULL
  );
[0m19:38:21.240971 [debug] [Thread-1 (]: SQL status: CREATE VIEW in 0.010 seconds
[0m19:38:21.249118 [debug] [Thread-1 (]: Using postgres connection "model.job_analysis.stg_raw_jobs"
[0m19:38:21.250320 [debug] [Thread-1 (]: On model.job_analysis.stg_raw_jobs: /* {"app": "dbt", "dbt_version": "1.9.0", "profile_name": "job_analysis", "target_name": "dev", "node_id": "model.job_analysis.stg_raw_jobs"} */
alter table "Job_Analysis"."public"."stg_raw_jobs" rename to "stg_raw_jobs__dbt_backup"
[0m19:38:21.252254 [debug] [Thread-1 (]: SQL status: ALTER TABLE in 0.001 seconds
[0m19:38:21.255109 [debug] [Thread-1 (]: Using postgres connection "model.job_analysis.stg_raw_jobs"
[0m19:38:21.255939 [debug] [Thread-1 (]: On model.job_analysis.stg_raw_jobs: /* {"app": "dbt", "dbt_version": "1.9.0", "profile_name": "job_analysis", "target_name": "dev", "node_id": "model.job_analysis.stg_raw_jobs"} */
alter table "Job_Analysis"."public"."stg_raw_jobs__dbt_tmp" rename to "stg_raw_jobs"
[0m19:38:21.257132 [debug] [Thread-1 (]: SQL status: ALTER TABLE in 0.001 seconds
[0m19:38:21.269406 [debug] [Thread-1 (]: On model.job_analysis.stg_raw_jobs: COMMIT
[0m19:38:21.270586 [debug] [Thread-1 (]: Using postgres connection "model.job_analysis.stg_raw_jobs"
[0m19:38:21.271496 [debug] [Thread-1 (]: On model.job_analysis.stg_raw_jobs: COMMIT
[0m19:38:21.272880 [debug] [Thread-1 (]: SQL status: COMMIT in 0.001 seconds
[0m19:38:21.278952 [debug] [Thread-1 (]: Applying DROP to: "Job_Analysis"."public"."stg_raw_jobs__dbt_backup"
[0m19:38:21.283654 [debug] [Thread-1 (]: Using postgres connection "model.job_analysis.stg_raw_jobs"
[0m19:38:21.284412 [debug] [Thread-1 (]: On model.job_analysis.stg_raw_jobs: /* {"app": "dbt", "dbt_version": "1.9.0", "profile_name": "job_analysis", "target_name": "dev", "node_id": "model.job_analysis.stg_raw_jobs"} */
drop view if exists "Job_Analysis"."public"."stg_raw_jobs__dbt_backup" cascade
[0m19:38:21.289526 [debug] [Thread-1 (]: SQL status: DROP VIEW in 0.004 seconds
[0m19:38:21.292251 [debug] [Thread-1 (]: On model.job_analysis.stg_raw_jobs: Close
[0m19:38:21.295126 [debug] [Thread-1 (]: Sending event: {'category': 'dbt', 'action': 'run_model', 'label': '70b9d784-f442-4464-8b72-3f2b268ac568', 'context': [<snowplow_tracker.self_describing_json.SelfDescribingJson object at 0x79a13ff187a0>]}
[0m19:38:21.296326 [info ] [Thread-1 (]: 1 of 1 OK created sql view model public.stg_raw_jobs ........................... [[32mCREATE VIEW[0m in 0.13s]
[0m19:38:21.297377 [debug] [Thread-1 (]: Finished running node model.job_analysis.stg_raw_jobs
[0m19:38:21.299426 [debug] [MainThread]: Using postgres connection "master"
[0m19:38:21.300126 [debug] [MainThread]: On master: BEGIN
[0m19:38:21.300661 [debug] [MainThread]: Opening a new connection, currently in state closed
[0m19:38:21.306207 [debug] [MainThread]: SQL status: BEGIN in 0.005 seconds
[0m19:38:21.307353 [debug] [MainThread]: On master: COMMIT
[0m19:38:21.307977 [debug] [MainThread]: Using postgres connection "master"
[0m19:38:21.309002 [debug] [MainThread]: On master: COMMIT
[0m19:38:21.310137 [debug] [MainThread]: SQL status: COMMIT in 0.000 seconds
[0m19:38:21.310826 [debug] [MainThread]: On master: Close
[0m19:38:21.311689 [debug] [MainThread]: Connection 'master' was properly closed.
[0m19:38:21.312608 [debug] [MainThread]: Connection 'list_Job_Analysis' was properly closed.
[0m19:38:21.313329 [debug] [MainThread]: Connection 'model.job_analysis.stg_raw_jobs' was properly closed.
[0m19:38:21.316112 [info ] [MainThread]: 
[0m19:38:21.317155 [info ] [MainThread]: Finished running 1 view model in 0 hours 0 minutes and 0.31 seconds (0.31s).
[0m19:38:21.318524 [debug] [MainThread]: Command end result
[0m19:38:21.344417 [debug] [MainThread]: Wrote artifact WritableManifest to /usr/app/target/manifest.json
[0m19:38:21.349739 [debug] [MainThread]: Wrote artifact SemanticManifest to /usr/app/target/semantic_manifest.json
[0m19:38:21.358089 [debug] [MainThread]: Wrote artifact RunExecutionResult to /usr/app/target/run_results.json
[0m19:38:21.358976 [info ] [MainThread]: 
[0m19:38:21.360012 [info ] [MainThread]: [32mCompleted successfully[0m
[0m19:38:21.360842 [info ] [MainThread]: 
[0m19:38:21.361733 [info ] [MainThread]: Done. PASS=1 WARN=0 ERROR=0 SKIP=0 TOTAL=1
[0m19:38:21.363236 [debug] [MainThread]: Resource report: {"command_name": "run", "command_success": true, "command_wall_clock_time": 1.723301, "process_in_blocks": "0", "process_kernel_time": 0.547488, "process_mem_max_rss": "111704", "process_out_blocks": "1600", "process_user_time": 2.181904}
[0m19:38:21.364154 [debug] [MainThread]: Command `dbt run` succeeded at 19:38:21.364049 after 1.72 seconds
[0m19:38:21.364892 [debug] [MainThread]: Sending event: {'category': 'dbt', 'action': 'invocation', 'label': 'end', 'context': [<snowplow_tracker.self_describing_json.SelfDescribingJson object at 0x79a148cc73b0>, <snowplow_tracker.self_describing_json.SelfDescribingJson object at 0x79a146f03bc0>, <snowplow_tracker.self_describing_json.SelfDescribingJson object at 0x79a1442627b0>]}
[0m19:38:21.365692 [debug] [MainThread]: Flushing usage events
[0m19:38:21.881816 [debug] [MainThread]: An error was encountered while trying to flush usage events
[0m19:41:11.144055 [debug] [MainThread]: Sending event: {'category': 'dbt', 'action': 'invocation', 'label': 'start', 'context': [<snowplow_tracker.self_describing_json.SelfDescribingJson object at 0x7196cbcf7500>, <snowplow_tracker.self_describing_json.SelfDescribingJson object at 0x7196cc350c20>, <snowplow_tracker.self_describing_json.SelfDescribingJson object at 0x7196cbcf4bc0>]}


============================== 19:41:11.150869 | 3170eb05-f0e2-47d1-ade8-a40138e37439 ==============================
[0m19:41:11.150869 [info ] [MainThread]: Running with dbt=1.9.0
[0m19:41:11.151730 [debug] [MainThread]: running dbt with arguments {'printer_width': '80', 'indirect_selection': 'eager', 'log_cache_events': 'False', 'write_json': 'True', 'partial_parse': 'True', 'cache_selected_only': 'False', 'profiles_dir': '/usr/app', 'fail_fast': 'False', 'warn_error': 'None', 'log_path': '/usr/app/logs', 'debug': 'False', 'version_check': 'True', 'use_colors': 'True', 'use_experimental_parser': 'False', 'empty': 'None', 'quiet': 'False', 'no_print': 'None', 'log_format': 'default', 'introspect': 'True', 'invocation_command': 'dbt init my_project', 'static_parser': 'True', 'target_path': 'None', 'warn_error_options': 'WarnErrorOptions(include=[], exclude=[])', 'send_anonymous_usage_stats': 'True'}
[0m19:41:11.212920 [info ] [MainThread]: Setting up your profile.
[0m19:42:52.230138 [info ] [MainThread]: Profile job_analysis written to /usr/app/profiles.yml using target's profile_template.yml and your supplied values. Run 'dbt debug' to validate the connection.
[0m19:42:52.233001 [debug] [MainThread]: Resource report: {"command_name": "init", "command_success": true, "command_wall_clock_time": 101.137535, "process_in_blocks": "0", "process_kernel_time": 0.348513, "process_mem_max_rss": "92600", "process_out_blocks": "1464", "process_user_time": 0.960438}
[0m19:42:52.234645 [debug] [MainThread]: Command `dbt init` succeeded at 19:42:52.234382 after 101.14 seconds
[0m19:42:52.235868 [debug] [MainThread]: Sending event: {'category': 'dbt', 'action': 'invocation', 'label': 'end', 'context': [<snowplow_tracker.self_describing_json.SelfDescribingJson object at 0x7196cbd482f0>, <snowplow_tracker.self_describing_json.SelfDescribingJson object at 0x7196cbc2f9e0>, <snowplow_tracker.self_describing_json.SelfDescribingJson object at 0x7196cb949d60>]}
[0m19:42:52.237012 [debug] [MainThread]: Flushing usage events
[0m19:42:53.138208 [debug] [MainThread]: An error was encountered while trying to flush usage events
[0m19:44:45.019775 [debug] [MainThread]: Sending event: {'category': 'dbt', 'action': 'invocation', 'label': 'start', 'context': [<snowplow_tracker.self_describing_json.SelfDescribingJson object at 0x79db819ff950>, <snowplow_tracker.self_describing_json.SelfDescribingJson object at 0x79db8148d8b0>, <snowplow_tracker.self_describing_json.SelfDescribingJson object at 0x79db8148e330>]}


============================== 19:44:45.026778 | 14eb4fe3-5201-49e8-af18-731802602120 ==============================
[0m19:44:45.026778 [info ] [MainThread]: Running with dbt=1.9.0
[0m19:44:45.027743 [debug] [MainThread]: running dbt with arguments {'printer_width': '80', 'indirect_selection': 'eager', 'log_cache_events': 'False', 'write_json': 'True', 'partial_parse': 'True', 'cache_selected_only': 'False', 'warn_error': 'None', 'fail_fast': 'False', 'profiles_dir': '/usr/app', 'log_path': '/usr/app/logs', 'version_check': 'True', 'debug': 'False', 'use_colors': 'True', 'use_experimental_parser': 'False', 'empty': 'None', 'quiet': 'False', 'no_print': 'None', 'warn_error_options': 'WarnErrorOptions(include=[], exclude=[])', 'static_parser': 'True', 'introspect': 'True', 'invocation_command': 'dbt init my_project#', 'target_path': 'None', 'log_format': 'default', 'send_anonymous_usage_stats': 'True'}
[0m19:44:45.086421 [info ] [MainThread]: Setting up your profile.
[0m19:45:43.166027 [info ] [MainThread]: Profile job_analysis written to /usr/app/profiles.yml using target's profile_template.yml and your supplied values. Run 'dbt debug' to validate the connection.
[0m19:45:43.168190 [debug] [MainThread]: Resource report: {"command_name": "init", "command_success": true, "command_wall_clock_time": 58.196327, "process_in_blocks": "0", "process_kernel_time": 0.347915, "process_mem_max_rss": "92604", "process_out_blocks": "1464", "process_user_time": 1.003756}
[0m19:45:43.169362 [debug] [MainThread]: Command `dbt init` succeeded at 19:45:43.169205 after 58.20 seconds
[0m19:45:43.170430 [debug] [MainThread]: Sending event: {'category': 'dbt', 'action': 'invocation', 'label': 'end', 'context': [<snowplow_tracker.self_describing_json.SelfDescribingJson object at 0x79db819ff950>, <snowplow_tracker.self_describing_json.SelfDescribingJson object at 0x79db80f90e60>, <snowplow_tracker.self_describing_json.SelfDescribingJson object at 0x79db81153560>]}
[0m19:45:43.171852 [debug] [MainThread]: Flushing usage events
[0m19:45:44.097684 [debug] [MainThread]: An error was encountered while trying to flush usage events
[0m19:51:33.848789 [debug] [MainThread]: Sending event: {'category': 'dbt', 'action': 'invocation', 'label': 'start', 'context': [<snowplow_tracker.self_describing_json.SelfDescribingJson object at 0x7dbc4f120f50>, <snowplow_tracker.self_describing_json.SelfDescribingJson object at 0x7dbc4eafeba0>, <snowplow_tracker.self_describing_json.SelfDescribingJson object at 0x7dbc4f244ce0>]}


============================== 19:51:33.858765 | b7a52884-adfe-43b8-9c5a-7834efe1dfe0 ==============================
[0m19:51:33.858765 [info ] [MainThread]: Running with dbt=1.9.0
[0m19:51:33.859749 [debug] [MainThread]: running dbt with arguments {'printer_width': '80', 'indirect_selection': 'eager', 'write_json': 'True', 'log_cache_events': 'False', 'partial_parse': 'True', 'cache_selected_only': 'False', 'warn_error': 'None', 'fail_fast': 'False', 'version_check': 'True', 'log_path': '/usr/app/logs', 'debug': 'False', 'profiles_dir': '/usr/app', 'use_colors': 'True', 'use_experimental_parser': 'False', 'empty': 'None', 'quiet': 'False', 'no_print': 'None', 'warn_error_options': 'WarnErrorOptions(include=[], exclude=[])', 'static_parser': 'True', 'invocation_command': 'dbt init my_project#', 'log_format': 'default', 'target_path': 'None', 'introspect': 'True', 'send_anonymous_usage_stats': 'True'}
[0m19:51:33.920040 [info ] [MainThread]: Setting up your profile.
[0m19:51:36.506480 [debug] [MainThread]: Resource report: {"command_name": "init", "command_success": true, "command_wall_clock_time": 2.7058718, "process_in_blocks": "0", "process_kernel_time": 0.87173, "process_mem_max_rss": "87380", "process_out_blocks": "1464", "process_user_time": 1.062794}
[0m19:51:36.507620 [debug] [MainThread]: Command `dbt init` succeeded at 19:51:36.507516 after 2.71 seconds
[0m19:51:36.508196 [debug] [MainThread]: Sending event: {'category': 'dbt', 'action': 'invocation', 'label': 'end', 'context': [<snowplow_tracker.self_describing_json.SelfDescribingJson object at 0x7dbc4eb3cad0>, <snowplow_tracker.self_describing_json.SelfDescribingJson object at 0x7dbc4ee22c60>, <snowplow_tracker.self_describing_json.SelfDescribingJson object at 0x7dbc4ea4e840>]}
[0m19:51:36.508822 [debug] [MainThread]: Flushing usage events
[0m19:51:37.206100 [debug] [MainThread]: An error was encountered while trying to flush usage events
[0m13:19:27.289222 [debug] [MainThread]: Sending event: {'category': 'dbt', 'action': 'invocation', 'label': 'start', 'context': [<snowplow_tracker.self_describing_json.SelfDescribingJson object at 0x7503f4aa2540>, <snowplow_tracker.self_describing_json.SelfDescribingJson object at 0x7503f31c8980>, <snowplow_tracker.self_describing_json.SelfDescribingJson object at 0x7503f31cbb60>]}


============================== 13:19:27.299202 | ecd8387f-d5e5-46ac-8df6-9109fd19ad48 ==============================
[0m13:19:27.299202 [info ] [MainThread]: Running with dbt=1.9.0
[0m13:19:27.300253 [debug] [MainThread]: running dbt with arguments {'printer_width': '80', 'indirect_selection': 'eager', 'log_cache_events': 'False', 'write_json': 'True', 'partial_parse': 'True', 'cache_selected_only': 'False', 'warn_error': 'None', 'fail_fast': 'False', 'profiles_dir': '/usr/app', 'log_path': '/usr/app/logs', 'version_check': 'True', 'debug': 'False', 'use_colors': 'True', 'use_experimental_parser': 'False', 'empty': 'False', 'quiet': 'False', 'no_print': 'None', 'log_format': 'default', 'static_parser': 'True', 'introspect': 'True', 'warn_error_options': 'WarnErrorOptions(include=[], exclude=[])', 'target_path': 'None', 'invocation_command': 'dbt run', 'send_anonymous_usage_stats': 'True'}
[0m13:19:27.539744 [debug] [MainThread]: Sending event: {'category': 'dbt', 'action': 'project_id', 'label': 'ecd8387f-d5e5-46ac-8df6-9109fd19ad48', 'context': [<snowplow_tracker.self_describing_json.SelfDescribingJson object at 0x7503f2b96ea0>]}
[0m13:19:27.582511 [debug] [MainThread]: Sending event: {'category': 'dbt', 'action': 'adapter_info', 'label': 'ecd8387f-d5e5-46ac-8df6-9109fd19ad48', 'context': [<snowplow_tracker.self_describing_json.SelfDescribingJson object at 0x7503f3080470>]}
[0m13:19:27.584397 [info ] [MainThread]: Registered adapter: postgres=1.9.0
[0m13:19:27.665249 [debug] [MainThread]: checksum: c99e828bba267739642b5a3ce85f17518764ea526e0e6c4fdc649171c1a66bff, vars: {}, profile: , target: , version: 1.9.0
[0m13:19:27.839026 [debug] [MainThread]: Partial parsing enabled: 0 files deleted, 0 files added, 0 files changed.
[0m13:19:27.839942 [debug] [MainThread]: Partial parsing enabled, no changes found, skipping parsing
[0m13:19:27.858730 [debug] [MainThread]: Sending event: {'category': 'dbt', 'action': 'load_project', 'label': 'ecd8387f-d5e5-46ac-8df6-9109fd19ad48', 'context': [<snowplow_tracker.self_describing_json.SelfDescribingJson object at 0x7503f13d1610>]}
[0m13:19:27.920453 [debug] [MainThread]: Wrote artifact WritableManifest to /usr/app/target/manifest.json
[0m13:19:27.935252 [debug] [MainThread]: Wrote artifact SemanticManifest to /usr/app/target/semantic_manifest.json
[0m13:19:28.001081 [debug] [MainThread]: Sending event: {'category': 'dbt', 'action': 'resource_counts', 'label': 'ecd8387f-d5e5-46ac-8df6-9109fd19ad48', 'context': [<snowplow_tracker.self_describing_json.SelfDescribingJson object at 0x7503f1088980>]}
[0m13:19:28.001954 [info ] [MainThread]: Found 1 model, 429 macros
[0m13:19:28.002862 [debug] [MainThread]: Sending event: {'category': 'dbt', 'action': 'runnable_timing', 'label': 'ecd8387f-d5e5-46ac-8df6-9109fd19ad48', 'context': [<snowplow_tracker.self_describing_json.SelfDescribingJson object at 0x7503f13d2d80>]}
[0m13:19:28.004845 [info ] [MainThread]: 
[0m13:19:28.005713 [info ] [MainThread]: Concurrency: 1 threads (target='dev')
[0m13:19:28.006434 [info ] [MainThread]: 
[0m13:19:28.007407 [debug] [MainThread]: Acquiring new postgres connection 'master'
[0m13:19:28.009076 [debug] [ThreadPool]: Acquiring new postgres connection 'list_Job_Analysis'
[0m13:19:28.102085 [debug] [ThreadPool]: Using postgres connection "list_Job_Analysis"
[0m13:19:28.103669 [debug] [ThreadPool]: On list_Job_Analysis: /* {"app": "dbt", "dbt_version": "1.9.0", "profile_name": "job_analysis", "target_name": "dev", "connection_name": "list_Job_Analysis"} */

    select distinct nspname from pg_namespace
  
[0m13:19:28.104377 [debug] [ThreadPool]: Opening a new connection, currently in state init
[0m13:19:32.134834 [debug] [ThreadPool]: Postgres adapter: Got a retryable error when attempting to open a postgres connection.
1 attempts remaining. Retrying in 0 seconds.
Error:
could not translate host name "postgres-db" to address: Name or service not known

[0m13:19:35.966761 [debug] [ThreadPool]: Postgres adapter: Error running SQL: /* {"app": "dbt", "dbt_version": "1.9.0", "profile_name": "job_analysis", "target_name": "dev", "connection_name": "list_Job_Analysis"} */

    select distinct nspname from pg_namespace
  
[0m13:19:35.967737 [debug] [ThreadPool]: Postgres adapter: Rolling back transaction.
[0m13:19:35.968323 [debug] [ThreadPool]: Postgres adapter: Error running SQL: macro list_schemas
[0m13:19:35.968968 [debug] [ThreadPool]: Postgres adapter: Rolling back transaction.
[0m13:19:35.969452 [debug] [ThreadPool]: On list_Job_Analysis: No close available on handle
[0m13:19:35.970466 [debug] [MainThread]: Connection 'master' was properly closed.
[0m13:19:35.971094 [debug] [MainThread]: Connection 'list_Job_Analysis' was properly closed.
[0m13:19:35.971691 [info ] [MainThread]: 
[0m13:19:35.972441 [info ] [MainThread]: Finished running  in 0 hours 0 minutes and 7.96 seconds (7.96s).
[0m13:19:35.973344 [error] [MainThread]: Encountered an error:
Database Error
  could not translate host name "postgres-db" to address: Name or service not known
  
[0m13:19:35.975417 [debug] [MainThread]: Resource report: {"command_name": "run", "command_success": false, "command_wall_clock_time": 8.779965, "process_in_blocks": "97568", "process_kernel_time": 1.075007, "process_mem_max_rss": "103400", "process_out_blocks": "1600", "process_user_time": 1.357694}
[0m13:19:35.976153 [debug] [MainThread]: Command `dbt run` failed at 13:19:35.976071 after 8.78 seconds
[0m13:19:35.976826 [debug] [MainThread]: Sending event: {'category': 'dbt', 'action': 'invocation', 'label': 'end', 'context': [<snowplow_tracker.self_describing_json.SelfDescribingJson object at 0x7503f3756e70>, <snowplow_tracker.self_describing_json.SelfDescribingJson object at 0x7503f140d430>, <snowplow_tracker.self_describing_json.SelfDescribingJson object at 0x7503f109ffb0>]}
[0m13:19:35.977667 [debug] [MainThread]: Flushing usage events
[0m13:19:36.465945 [debug] [MainThread]: An error was encountered while trying to flush usage events
[0m13:20:08.900381 [debug] [MainThread]: Sending event: {'category': 'dbt', 'action': 'invocation', 'label': 'start', 'context': [<snowplow_tracker.self_describing_json.SelfDescribingJson object at 0x77e36beeb3b0>, <snowplow_tracker.self_describing_json.SelfDescribingJson object at 0x77e36cc05a00>, <snowplow_tracker.self_describing_json.SelfDescribingJson object at 0x77e36bec0d10>]}


============================== 13:20:08.910097 | 0cd1071a-cc80-40ad-bbdb-69d841940435 ==============================
[0m13:20:08.910097 [info ] [MainThread]: Running with dbt=1.9.0
[0m13:20:08.911117 [debug] [MainThread]: running dbt with arguments {'printer_width': '80', 'indirect_selection': 'eager', 'write_json': 'True', 'log_cache_events': 'False', 'partial_parse': 'True', 'cache_selected_only': 'False', 'profiles_dir': '/usr/app', 'version_check': 'True', 'debug': 'False', 'log_path': '/usr/app/logs', 'warn_error': 'None', 'fail_fast': 'False', 'use_colors': 'True', 'use_experimental_parser': 'False', 'no_print': 'None', 'quiet': 'False', 'empty': 'None', 'warn_error_options': 'WarnErrorOptions(include=[], exclude=[])', 'static_parser': 'True', 'introspect': 'True', 'log_format': 'default', 'target_path': 'None', 'invocation_command': 'dbt debug', 'send_anonymous_usage_stats': 'True'}
[0m13:20:08.982009 [info ] [MainThread]: dbt version: 1.9.0
[0m13:20:08.983414 [info ] [MainThread]: python version: 3.12.4
[0m13:20:08.984184 [info ] [MainThread]: python path: /usr/local/bin/python
[0m13:20:08.984935 [info ] [MainThread]: os info: Linux-6.6.114.1-microsoft-standard-WSL2-x86_64-with-glibc2.31
[0m13:20:09.062536 [info ] [MainThread]: Using profiles dir at /usr/app
[0m13:20:09.063881 [info ] [MainThread]: Using profiles.yml file at /usr/app/profiles.yml
[0m13:20:09.064699 [info ] [MainThread]: Using dbt_project.yml file at /usr/app/dbt_project.yml
[0m13:20:09.065850 [info ] [MainThread]: adapter type: postgres
[0m13:20:09.066702 [info ] [MainThread]: adapter version: 1.9.0
[0m13:20:09.149348 [info ] [MainThread]: Configuration:
[0m13:20:09.150740 [info ] [MainThread]:   profiles.yml file [[32mOK found and valid[0m]
[0m13:20:09.151742 [info ] [MainThread]:   dbt_project.yml file [[32mOK found and valid[0m]
[0m13:20:09.152579 [info ] [MainThread]: Required dependencies:
[0m13:20:09.153348 [debug] [MainThread]: Executing "git --help"
[0m13:20:09.167944 [debug] [MainThread]: STDOUT: "b"usage: git [--version] [--help] [-C <path>] [-c <name>=<value>]\n           [--exec-path[=<path>]] [--html-path] [--man-path] [--info-path]\n           [-p | --paginate | -P | --no-pager] [--no-replace-objects] [--bare]\n           [--git-dir=<path>] [--work-tree=<path>] [--namespace=<name>]\n           <command> [<args>]\n\nThese are common Git commands used in various situations:\n\nstart a working area (see also: git help tutorial)\n   clone             Clone a repository into a new directory\n   init              Create an empty Git repository or reinitialize an existing one\n\nwork on the current change (see also: git help everyday)\n   add               Add file contents to the index\n   mv                Move or rename a file, a directory, or a symlink\n   restore           Restore working tree files\n   rm                Remove files from the working tree and from the index\n   sparse-checkout   Initialize and modify the sparse-checkout\n\nexamine the history and state (see also: git help revisions)\n   bisect            Use binary search to find the commit that introduced a bug\n   diff              Show changes between commits, commit and working tree, etc\n   grep              Print lines matching a pattern\n   log               Show commit logs\n   show              Show various types of objects\n   status            Show the working tree status\n\ngrow, mark and tweak your common history\n   branch            List, create, or delete branches\n   commit            Record changes to the repository\n   merge             Join two or more development histories together\n   rebase            Reapply commits on top of another base tip\n   reset             Reset current HEAD to the specified state\n   switch            Switch branches\n   tag               Create, list, delete or verify a tag object signed with GPG\n\ncollaborate (see also: git help workflows)\n   fetch             Download objects and refs from another repository\n   pull              Fetch from and integrate with another repository or a local branch\n   push              Update remote refs along with associated objects\n\n'git help -a' and 'git help -g' list available subcommands and some\nconcept guides. See 'git help <command>' or 'git help <concept>'\nto read about a specific subcommand or concept.\nSee 'git help git' for an overview of the system.\n""
[0m13:20:09.169043 [debug] [MainThread]: STDERR: "b''"
[0m13:20:09.169851 [info ] [MainThread]:  - git [[32mOK found[0m]

[0m13:20:09.170673 [info ] [MainThread]: Connection:
[0m13:20:09.171491 [info ] [MainThread]:   host: postgres-db
[0m13:20:09.173311 [info ] [MainThread]:   port: 5432
[0m13:20:09.174418 [info ] [MainThread]:   user: postgres
[0m13:20:09.175223 [info ] [MainThread]:   database: Job_Analysis
[0m13:20:09.175926 [info ] [MainThread]:   schema: public
[0m13:20:09.177102 [info ] [MainThread]:   connect_timeout: 10
[0m13:20:09.178018 [info ] [MainThread]:   role: None
[0m13:20:09.179022 [info ] [MainThread]:   search_path: None
[0m13:20:09.180066 [info ] [MainThread]:   keepalives_idle: 0
[0m13:20:09.180854 [info ] [MainThread]:   sslmode: None
[0m13:20:09.181586 [info ] [MainThread]:   sslcert: None
[0m13:20:09.182301 [info ] [MainThread]:   sslkey: None
[0m13:20:09.183041 [info ] [MainThread]:   sslrootcert: None
[0m13:20:09.184001 [info ] [MainThread]:   application_name: dbt
[0m13:20:09.184992 [info ] [MainThread]:   retries: 1
[0m13:20:09.186449 [info ] [MainThread]: Registered adapter: postgres=1.9.0
[0m13:20:09.266794 [debug] [MainThread]: Acquiring new postgres connection 'debug'
[0m13:20:09.353532 [debug] [MainThread]: Using postgres connection "debug"
[0m13:20:09.354866 [debug] [MainThread]: On debug: select 1 as id
[0m13:20:09.355664 [debug] [MainThread]: Opening a new connection, currently in state init
[0m13:20:13.357392 [debug] [MainThread]: Postgres adapter: Got a retryable error when attempting to open a postgres connection.
1 attempts remaining. Retrying in 0 seconds.
Error:
could not translate host name "postgres-db" to address: Name or service not known

[0m13:20:17.199476 [debug] [MainThread]: Postgres adapter: Error running SQL: select 1 as id
[0m13:20:17.200266 [debug] [MainThread]: Postgres adapter: Rolling back transaction.
[0m13:20:17.200836 [debug] [MainThread]: On debug: No close available on handle
[0m13:20:17.201466 [info ] [MainThread]:   Connection test: [[31mERROR[0m]

[0m13:20:17.202220 [info ] [MainThread]: [31m1 check failed:[0m
[0m13:20:17.203044 [info ] [MainThread]: dbt was unable to connect to the specified database.
The database returned the following error:

  >Database Error
  could not translate host name "postgres-db" to address: Name or service not known
  

Check your database credentials and try again. For more information, visit:
https://docs.getdbt.com/docs/configure-your-profile


[0m13:20:17.208296 [debug] [MainThread]: Resource report: {"command_name": "debug", "command_success": false, "command_wall_clock_time": 8.361399, "process_in_blocks": "96", "process_kernel_time": 0.635059, "process_mem_max_rss": "99592", "process_out_blocks": "1488", "process_user_time": 1.258061}
[0m13:20:17.209434 [debug] [MainThread]: Command `dbt debug` failed at 13:20:17.209231 after 8.36 seconds
[0m13:20:17.210122 [debug] [MainThread]: Connection 'debug' was properly closed.
[0m13:20:17.210739 [debug] [MainThread]: Sending event: {'category': 'dbt', 'action': 'invocation', 'label': 'end', 'context': [<snowplow_tracker.self_describing_json.SelfDescribingJson object at 0x77e36bec0d10>, <snowplow_tracker.self_describing_json.SelfDescribingJson object at 0x77e36bd3a540>, <snowplow_tracker.self_describing_json.SelfDescribingJson object at 0x77e36bbeea80>]}
[0m13:20:17.211376 [debug] [MainThread]: Flushing usage events
[0m13:20:17.691026 [debug] [MainThread]: An error was encountered while trying to flush usage events
[0m13:20:39.489457 [debug] [MainThread]: Sending event: {'category': 'dbt', 'action': 'invocation', 'label': 'start', 'context': [<snowplow_tracker.self_describing_json.SelfDescribingJson object at 0x79338195c9b0>, <snowplow_tracker.self_describing_json.SelfDescribingJson object at 0x793381b3ee70>, <snowplow_tracker.self_describing_json.SelfDescribingJson object at 0x793381590a70>]}


============================== 13:20:39.498017 | db5d3486-1100-4894-9501-66229ca540a5 ==============================
[0m13:20:39.498017 [info ] [MainThread]: Running with dbt=1.9.0
[0m13:20:39.499263 [debug] [MainThread]: running dbt with arguments {'printer_width': '80', 'indirect_selection': 'eager', 'write_json': 'True', 'log_cache_events': 'False', 'partial_parse': 'True', 'cache_selected_only': 'False', 'profiles_dir': '/usr/app', 'version_check': 'True', 'warn_error': 'None', 'log_path': '/usr/app/logs', 'debug': 'False', 'fail_fast': 'False', 'use_colors': 'True', 'use_experimental_parser': 'False', 'no_print': 'None', 'quiet': 'False', 'empty': 'None', 'log_format': 'default', 'introspect': 'True', 'invocation_command': 'dbt debug', 'warn_error_options': 'WarnErrorOptions(include=[], exclude=[])', 'target_path': 'None', 'static_parser': 'True', 'send_anonymous_usage_stats': 'True'}
[0m13:20:39.560764 [info ] [MainThread]: dbt version: 1.9.0
[0m13:20:39.562232 [info ] [MainThread]: python version: 3.12.4
[0m13:20:39.563230 [info ] [MainThread]: python path: /usr/local/bin/python
[0m13:20:39.564021 [info ] [MainThread]: os info: Linux-6.6.114.1-microsoft-standard-WSL2-x86_64-with-glibc2.31
[0m13:20:39.625471 [info ] [MainThread]: Using profiles dir at /usr/app
[0m13:20:39.627078 [info ] [MainThread]: Using profiles.yml file at /usr/app/profiles.yml
[0m13:20:39.628203 [info ] [MainThread]: Using dbt_project.yml file at /usr/app/dbt_project.yml
[0m13:20:39.629228 [info ] [MainThread]: adapter type: postgres
[0m13:20:39.630268 [info ] [MainThread]: adapter version: 1.9.0
[0m13:20:39.713923 [info ] [MainThread]: Configuration:
[0m13:20:39.715441 [info ] [MainThread]:   profiles.yml file [[32mOK found and valid[0m]
[0m13:20:39.716372 [info ] [MainThread]:   dbt_project.yml file [[32mOK found and valid[0m]
[0m13:20:39.717038 [info ] [MainThread]: Required dependencies:
[0m13:20:39.717718 [debug] [MainThread]: Executing "git --help"
[0m13:20:39.722250 [debug] [MainThread]: STDOUT: "b"usage: git [--version] [--help] [-C <path>] [-c <name>=<value>]\n           [--exec-path[=<path>]] [--html-path] [--man-path] [--info-path]\n           [-p | --paginate | -P | --no-pager] [--no-replace-objects] [--bare]\n           [--git-dir=<path>] [--work-tree=<path>] [--namespace=<name>]\n           <command> [<args>]\n\nThese are common Git commands used in various situations:\n\nstart a working area (see also: git help tutorial)\n   clone             Clone a repository into a new directory\n   init              Create an empty Git repository or reinitialize an existing one\n\nwork on the current change (see also: git help everyday)\n   add               Add file contents to the index\n   mv                Move or rename a file, a directory, or a symlink\n   restore           Restore working tree files\n   rm                Remove files from the working tree and from the index\n   sparse-checkout   Initialize and modify the sparse-checkout\n\nexamine the history and state (see also: git help revisions)\n   bisect            Use binary search to find the commit that introduced a bug\n   diff              Show changes between commits, commit and working tree, etc\n   grep              Print lines matching a pattern\n   log               Show commit logs\n   show              Show various types of objects\n   status            Show the working tree status\n\ngrow, mark and tweak your common history\n   branch            List, create, or delete branches\n   commit            Record changes to the repository\n   merge             Join two or more development histories together\n   rebase            Reapply commits on top of another base tip\n   reset             Reset current HEAD to the specified state\n   switch            Switch branches\n   tag               Create, list, delete or verify a tag object signed with GPG\n\ncollaborate (see also: git help workflows)\n   fetch             Download objects and refs from another repository\n   pull              Fetch from and integrate with another repository or a local branch\n   push              Update remote refs along with associated objects\n\n'git help -a' and 'git help -g' list available subcommands and some\nconcept guides. See 'git help <command>' or 'git help <concept>'\nto read about a specific subcommand or concept.\nSee 'git help git' for an overview of the system.\n""
[0m13:20:39.723075 [debug] [MainThread]: STDERR: "b''"
[0m13:20:39.723746 [info ] [MainThread]:  - git [[32mOK found[0m]

[0m13:20:39.724494 [info ] [MainThread]: Connection:
[0m13:20:39.725371 [info ] [MainThread]:   host: postgres-db
[0m13:20:39.726230 [info ] [MainThread]:   port: 5432
[0m13:20:39.726892 [info ] [MainThread]:   user: postgres
[0m13:20:39.727541 [info ] [MainThread]:   database: Job_Analysis
[0m13:20:39.728194 [info ] [MainThread]:   schema: public
[0m13:20:39.728814 [info ] [MainThread]:   connect_timeout: 10
[0m13:20:39.729503 [info ] [MainThread]:   role: None
[0m13:20:39.730330 [info ] [MainThread]:   search_path: None
[0m13:20:39.731334 [info ] [MainThread]:   keepalives_idle: 0
[0m13:20:39.732008 [info ] [MainThread]:   sslmode: None
[0m13:20:39.732873 [info ] [MainThread]:   sslcert: None
[0m13:20:39.733805 [info ] [MainThread]:   sslkey: None
[0m13:20:39.734651 [info ] [MainThread]:   sslrootcert: None
[0m13:20:39.735479 [info ] [MainThread]:   application_name: dbt
[0m13:20:39.736513 [info ] [MainThread]:   retries: 1
[0m13:20:39.737483 [info ] [MainThread]: Registered adapter: postgres=1.9.0
[0m13:20:39.807226 [debug] [MainThread]: Acquiring new postgres connection 'debug'
[0m13:20:39.857939 [debug] [MainThread]: Using postgres connection "debug"
[0m13:20:39.859356 [debug] [MainThread]: On debug: select 1 as id
[0m13:20:39.860226 [debug] [MainThread]: Opening a new connection, currently in state init
[0m13:20:43.815425 [debug] [MainThread]: Postgres adapter: Got a retryable error when attempting to open a postgres connection.
1 attempts remaining. Retrying in 0 seconds.
Error:
could not translate host name "postgres-db" to address: Name or service not known

[0m13:20:47.648454 [debug] [MainThread]: Postgres adapter: Error running SQL: select 1 as id
[0m13:20:47.649514 [debug] [MainThread]: Postgres adapter: Rolling back transaction.
[0m13:20:47.650377 [debug] [MainThread]: On debug: No close available on handle
[0m13:20:47.651183 [info ] [MainThread]:   Connection test: [[31mERROR[0m]

[0m13:20:47.651984 [info ] [MainThread]: [31m1 check failed:[0m
[0m13:20:47.653094 [info ] [MainThread]: dbt was unable to connect to the specified database.
The database returned the following error:

  >Database Error
  could not translate host name "postgres-db" to address: Name or service not known
  

Check your database credentials and try again. For more information, visit:
https://docs.getdbt.com/docs/configure-your-profile


[0m13:20:47.657478 [debug] [MainThread]: Resource report: {"command_name": "debug", "command_success": false, "command_wall_clock_time": 8.213155, "process_in_blocks": "8", "process_kernel_time": 0.586616, "process_mem_max_rss": "99552", "process_out_blocks": "1488", "process_user_time": 1.201167}
[0m13:20:47.658510 [debug] [MainThread]: Command `dbt debug` failed at 13:20:47.658383 after 8.21 seconds
[0m13:20:47.659425 [debug] [MainThread]: Connection 'debug' was properly closed.
[0m13:20:47.660060 [debug] [MainThread]: Sending event: {'category': 'dbt', 'action': 'invocation', 'label': 'end', 'context': [<snowplow_tracker.self_describing_json.SelfDescribingJson object at 0x79338169ef30>, <snowplow_tracker.self_describing_json.SelfDescribingJson object at 0x79337f8136b0>, <snowplow_tracker.self_describing_json.SelfDescribingJson object at 0x793381c42c00>]}
[0m13:20:47.660692 [debug] [MainThread]: Flushing usage events
[0m13:20:48.087647 [debug] [MainThread]: An error was encountered while trying to flush usage events
[0m13:21:29.977211 [debug] [MainThread]: Sending event: {'category': 'dbt', 'action': 'invocation', 'label': 'start', 'context': [<snowplow_tracker.self_describing_json.SelfDescribingJson object at 0x7712c9277500>, <snowplow_tracker.self_describing_json.SelfDescribingJson object at 0x7712c9277350>, <snowplow_tracker.self_describing_json.SelfDescribingJson object at 0x7712c9274ec0>]}


============================== 13:21:29.987255 | f50474ce-20bd-4e71-8b88-fc2d5e63691a ==============================
[0m13:21:29.987255 [info ] [MainThread]: Running with dbt=1.9.0
[0m13:21:29.988257 [debug] [MainThread]: running dbt with arguments {'printer_width': '80', 'indirect_selection': 'eager', 'write_json': 'True', 'log_cache_events': 'False', 'partial_parse': 'True', 'cache_selected_only': 'False', 'profiles_dir': '/usr/app', 'fail_fast': 'False', 'version_check': 'True', 'log_path': '/usr/app/logs', 'debug': 'False', 'warn_error': 'None', 'use_colors': 'True', 'use_experimental_parser': 'False', 'empty': 'None', 'quiet': 'False', 'no_print': 'None', 'log_format': 'default', 'static_parser': 'True', 'warn_error_options': 'WarnErrorOptions(include=[], exclude=[])', 'introspect': 'True', 'target_path': 'None', 'invocation_command': 'dbt debug', 'send_anonymous_usage_stats': 'True'}
[0m13:21:30.053510 [info ] [MainThread]: dbt version: 1.9.0
[0m13:21:30.054507 [info ] [MainThread]: python version: 3.12.4
[0m13:21:30.055247 [info ] [MainThread]: python path: /usr/local/bin/python
[0m13:21:30.056030 [info ] [MainThread]: os info: Linux-6.6.114.1-microsoft-standard-WSL2-x86_64-with-glibc2.31
[0m13:21:30.144697 [info ] [MainThread]: Using profiles dir at /usr/app
[0m13:21:30.146054 [info ] [MainThread]: Using profiles.yml file at /usr/app/profiles.yml
[0m13:21:30.146917 [info ] [MainThread]: Using dbt_project.yml file at /usr/app/dbt_project.yml
[0m13:21:30.148275 [info ] [MainThread]: adapter type: postgres
[0m13:21:30.149089 [info ] [MainThread]: adapter version: 1.9.0
[0m13:21:30.243049 [info ] [MainThread]: Configuration:
[0m13:21:30.244409 [info ] [MainThread]:   profiles.yml file [[32mOK found and valid[0m]
[0m13:21:30.245515 [info ] [MainThread]:   dbt_project.yml file [[32mOK found and valid[0m]
[0m13:21:30.246816 [info ] [MainThread]: Required dependencies:
[0m13:21:30.247758 [debug] [MainThread]: Executing "git --help"
[0m13:21:30.260699 [debug] [MainThread]: STDOUT: "b"usage: git [--version] [--help] [-C <path>] [-c <name>=<value>]\n           [--exec-path[=<path>]] [--html-path] [--man-path] [--info-path]\n           [-p | --paginate | -P | --no-pager] [--no-replace-objects] [--bare]\n           [--git-dir=<path>] [--work-tree=<path>] [--namespace=<name>]\n           <command> [<args>]\n\nThese are common Git commands used in various situations:\n\nstart a working area (see also: git help tutorial)\n   clone             Clone a repository into a new directory\n   init              Create an empty Git repository or reinitialize an existing one\n\nwork on the current change (see also: git help everyday)\n   add               Add file contents to the index\n   mv                Move or rename a file, a directory, or a symlink\n   restore           Restore working tree files\n   rm                Remove files from the working tree and from the index\n   sparse-checkout   Initialize and modify the sparse-checkout\n\nexamine the history and state (see also: git help revisions)\n   bisect            Use binary search to find the commit that introduced a bug\n   diff              Show changes between commits, commit and working tree, etc\n   grep              Print lines matching a pattern\n   log               Show commit logs\n   show              Show various types of objects\n   status            Show the working tree status\n\ngrow, mark and tweak your common history\n   branch            List, create, or delete branches\n   commit            Record changes to the repository\n   merge             Join two or more development histories together\n   rebase            Reapply commits on top of another base tip\n   reset             Reset current HEAD to the specified state\n   switch            Switch branches\n   tag               Create, list, delete or verify a tag object signed with GPG\n\ncollaborate (see also: git help workflows)\n   fetch             Download objects and refs from another repository\n   pull              Fetch from and integrate with another repository or a local branch\n   push              Update remote refs along with associated objects\n\n'git help -a' and 'git help -g' list available subcommands and some\nconcept guides. See 'git help <command>' or 'git help <concept>'\nto read about a specific subcommand or concept.\nSee 'git help git' for an overview of the system.\n""
[0m13:21:30.261747 [debug] [MainThread]: STDERR: "b''"
[0m13:21:30.262515 [info ] [MainThread]:  - git [[32mOK found[0m]

[0m13:21:30.263271 [info ] [MainThread]: Connection:
[0m13:21:30.264035 [info ] [MainThread]:   host: postgres-db
[0m13:21:30.264930 [info ] [MainThread]:   port: 5432
[0m13:21:30.265908 [info ] [MainThread]:   user: postgres
[0m13:21:30.266757 [info ] [MainThread]:   database: Job_Analysis
[0m13:21:30.267413 [info ] [MainThread]:   schema: public
[0m13:21:30.268154 [info ] [MainThread]:   connect_timeout: 10
[0m13:21:30.270634 [info ] [MainThread]:   role: None
[0m13:21:30.272776 [info ] [MainThread]:   search_path: None
[0m13:21:30.274352 [info ] [MainThread]:   keepalives_idle: 0
[0m13:21:30.275751 [info ] [MainThread]:   sslmode: None
[0m13:21:30.277005 [info ] [MainThread]:   sslcert: None
[0m13:21:30.278245 [info ] [MainThread]:   sslkey: None
[0m13:21:30.279149 [info ] [MainThread]:   sslrootcert: None
[0m13:21:30.280017 [info ] [MainThread]:   application_name: dbt
[0m13:21:30.280974 [info ] [MainThread]:   retries: 1
[0m13:21:30.282024 [info ] [MainThread]: Registered adapter: postgres=1.9.0
[0m13:21:30.362949 [debug] [MainThread]: Acquiring new postgres connection 'debug'
[0m13:21:30.416602 [debug] [MainThread]: Using postgres connection "debug"
[0m13:21:30.417782 [debug] [MainThread]: On debug: select 1 as id
[0m13:21:30.418620 [debug] [MainThread]: Opening a new connection, currently in state init
[0m13:21:34.387953 [debug] [MainThread]: Postgres adapter: Got a retryable error when attempting to open a postgres connection.
1 attempts remaining. Retrying in 0 seconds.
Error:
could not translate host name "postgres-db" to address: Name or service not known

[0m13:21:38.230787 [debug] [MainThread]: Postgres adapter: Error running SQL: select 1 as id
[0m13:21:38.231714 [debug] [MainThread]: Postgres adapter: Rolling back transaction.
[0m13:21:38.232451 [debug] [MainThread]: On debug: No close available on handle
[0m13:21:38.233107 [info ] [MainThread]:   Connection test: [[31mERROR[0m]

[0m13:21:38.233880 [info ] [MainThread]: [31m1 check failed:[0m
[0m13:21:38.234758 [info ] [MainThread]: dbt was unable to connect to the specified database.
The database returned the following error:

  >Database Error
  could not translate host name "postgres-db" to address: Name or service not known
  

Check your database credentials and try again. For more information, visit:
https://docs.getdbt.com/docs/configure-your-profile


[0m13:21:38.255034 [debug] [MainThread]: Resource report: {"command_name": "debug", "command_success": false, "command_wall_clock_time": 8.323344, "process_in_blocks": "95512", "process_kernel_time": 0.538287, "process_mem_max_rss": "99156", "process_out_blocks": "1488", "process_user_time": 1.167669}
[0m13:21:38.256195 [debug] [MainThread]: Command `dbt debug` failed at 13:21:38.256095 after 8.32 seconds
[0m13:21:38.256899 [debug] [MainThread]: Connection 'debug' was properly closed.
[0m13:21:38.257663 [debug] [MainThread]: Sending event: {'category': 'dbt', 'action': 'invocation', 'label': 'end', 'context': [<snowplow_tracker.self_describing_json.SelfDescribingJson object at 0x7712c904c080>, <snowplow_tracker.self_describing_json.SelfDescribingJson object at 0x7712c8ce7e00>, <snowplow_tracker.self_describing_json.SelfDescribingJson object at 0x7712c8dba780>]}
[0m13:21:38.258578 [debug] [MainThread]: Flushing usage events
[0m13:21:38.765411 [debug] [MainThread]: An error was encountered while trying to flush usage events
